datetime,pm10,pm2_5,carbon_monoxide,carbon_dioxide,nitrogen_dioxide,sulphur_dioxide,ozone,dust,uv_index,us_aqi,temperature_2m,relative_humidity_2m,wind_speed_10m,wind_direction_10m,cloud_cover
2025-05-26 00:00:00,63.1,30.6,190.0,448,13.7,11.3,47.0,56.0,0.0,83,29.2,86,12.1,265,39
2025-05-26 01:00:00,59.5,29.1,166.0,447,11.3,10.0,50.0,51.0,0.0,84,29.1,86,13.7,267,32
2025-05-26 02:00:00,56.3,27.7,149.0,447,9.2,8.8,52.0,47.0,0.0,84,29.0,87,14.2,270,28
2025-05-26 03:00:00,53.4,26.4,137.0,448,7.5,7.9,54.0,43.0,0.0,85,29.0,86,13.6,278,47
2025-05-26 04:00:00,50.1,25.0,132.0,448,6.1,7.2,55.0,40.0,0.0,85,28.9,86,12.8,290,25
2025-05-26 05:00:00,49.6,24.4,145.0,449,6.2,7.6,57.0,41.0,0.0,85,28.8,87,12.4,287,74
2025-05-26 06:00:00,49.6,24.1,196.0,449,7.1,8.9,57.0,47.0,0.05,85,29.1,84,12.7,277,8
2025-05-26 07:00:00,59.0,25.7,264.0,449,8.3,10.7,58.0,56.0,0.5,85,29.4,81,13.0,275,3
2025-05-26 08:00:00,63.6,26.5,305.0,448,8.7,12.4,63.0,63.0,1.7,85,30.5,74,13.4,278,0
2025-05-26 09:00:00,64.7,27.1,289.0,447,7.7,14.0,75.0,67.0,3.85,85,32.0,67,13.8,285,3
2025-05-26 10:00:00,67.3,28.2,244.0,446,6.0,15.5,91.0,70.0,6.4,85,33.2,62,13.7,289,11
2025-05-26 11:00:00,69.6,29.2,211.0,446,4.6,16.4,103.0,71.0,8.7,85,34.5,58,14.3,288,8
2025-05-26 12:00:00,70.1,29.2,205.0,446,3.9,16.3,107.0,70.0,9.95,85,35.2,56,14.9,278,1
2025-05-26 13:00:00,67.1,28.2,212.0,447,3.5,15.5,106.0,68.0,9.8,85,35.5,54,16.4,271,0
2025-05-26 14:00:00,63.6,26.8,223.0,447,3.7,14.8,102.0,65.0,8.2,85,35.2,54,16.9,263,0
2025-05-26 15:00:00,60.5,25.4,242.0,447,4.5,14.2,94.0,63.0,5.7,85,34.5,57,17.2,256,0
2025-05-26 16:00:00,58.2,24.3,265.0,446,5.8,13.6,84.0,60.0,3.15,85,33.7,60,17.1,258,0
2025-05-26 17:00:00,87.8,37.8,281.0,446,9.9,16.1,83.0,89.0,1.1,85,32.9,63,16.6,260,0
2025-05-26 18:00:00,82.0,34.9,283.0,446,13.8,14.8,69.0,81.0,0.25,85,31.9,68,14.6,265,2
2025-05-26 19:00:00,73.3,32.9,277.0,447,19.1,13.1,51.0,69.0,0.0,86,30.5,79,14.5,264,1
2025-05-26 20:00:00,65.0,31.3,265.0,447,22.4,11.6,38.0,58.0,0.0,86,29.6,85,11.7,266,2
2025-05-26 21:00:00,59.1,30.0,244.0,447,21.9,10.8,36.0,49.0,0.0,86,29.4,87,14.4,273,28
2025-05-26 22:00:00,53.0,28.9,218.0,446,19.3,10.4,40.0,42.0,0.0,85,29.4,86,13.4,275,27
2025-05-26 23:00:00,50.2,27.8,194.0,446,16.5,9.9,44.0,36.0,0.0,85,29.5,83,14.5,276,51
2025-05-27 00:00:00,47.1,26.0,176.0,446,13.6,9.1,47.0,33.0,0.0,85,29.5,82,15.4,275,98
2025-05-27 01:00:00,44.7,24.0,160.0,445,10.4,8.3,50.0,32.0,0.0,84,29.4,81,14.5,276,36
2025-05-27 02:00:00,42.0,22.1,148.0,445,7.9,7.7,52.0,31.0,0.0,84,29.0,85,13.9,274,41
2025-05-27 03:00:00,38.9,20.2,136.0,445,6.5,7.2,53.0,29.0,0.0,84,28.8,85,14.8,276,46
2025-05-27 04:00:00,37.0,18.9,127.0,445,5.8,7.0,53.0,27.0,0.0,83,28.8,86,16.2,282,39
2025-05-27 05:00:00,30.2,17.5,136.0,445,6.0,7.3,52.0,18.0,0.0,82,28.5,86,15.9,285,47
2025-05-27 06:00:00,32.5,17.3,179.0,445,6.8,8.2,53.0,23.0,0.05,82,28.9,84,15.4,276,7
2025-05-27 07:00:00,37.5,18.6,239.0,446,7.8,9.5,55.0,31.0,0.45,81,29.2,81,16.4,279,2
2025-05-27 08:00:00,43.1,20.0,276.0,446,8.2,10.7,60.0,38.0,1.6,81,30.4,74,16.6,282,1
2025-05-27 09:00:00,46.8,21.1,266.0,446,7.2,11.7,72.0,44.0,3.7,80,31.5,69,15.7,279,2
2025-05-27 10:00:00,49.5,22.1,233.0,445,5.5,12.5,86.0,49.0,6.3,79,32.7,63,15.1,269,0
2025-05-27 11:00:00,53.6,23.1,208.0,445,4.2,13.1,97.0,53.0,8.6,79,33.4,60,16.1,264,0
2025-05-27 12:00:00,57.2,23.6,204.0,445,3.6,13.3,101.0,55.0,9.8,78,33.8,58,16.2,257,0
2025-05-27 13:00:00,57.0,23.6,209.0,445,3.5,13.1,101.0,57.0,9.55,78,34.0,58,16.5,248,0
2025-05-27 14:00:00,55.2,23.3,218.0,445,3.8,12.9,98.0,56.0,7.95,78,33.7,60,17.8,246,0
2025-05-27 15:00:00,53.8,23.0,232.0,445,4.7,12.6,92.0,53.0,5.55,77,32.9,66,19.1,245,5
2025-05-27 16:00:00,51.6,22.8,251.0,446,6.2,12.2,83.0,48.0,3.1,77,32.2,68,19.1,249,8
2025-05-27 17:00:00,63.3,27.4,262.0,446,7.0,11.9,73.0,62.0,1.2,77,31.8,71,18.6,256,15
2025-05-27 18:00:00,59.6,27.2,262.0,446,9.4,11.9,66.0,55.0,0.3,76,31.2,75,16.1,254,17
2025-05-27 19:00:00,54.7,27.0,254.0,446,12.6,11.9,57.0,46.0,0.0,75,30.5,78,16.1,254,29
2025-05-27 20:00:00,50.4,26.4,245.0,446,14.9,11.8,50.0,38.0,0.0,75,30.0,80,16.0,261,38
2025-05-27 21:00:00,44.9,24.9,233.0,446,15.2,11.4,48.0,34.0,0.0,74,29.8,80,15.5,260,43
2025-05-27 22:00:00,43.7,24.3,220.0,446,14.5,10.7,49.0,31.0,0.0,74,29.5,80,15.3,254,59
2025-05-27 23:00:00,44.1,24.3,210.0,446,13.7,10.2,49.0,30.0,0.0,73,29.4,81,11.9,274,67
2025-05-28 00:00:00,44.5,24.1,209.0,447,13.3,9.8,48.0,29.0,0.0,73,29.4,82,11.2,285,40
2025-05-28 01:00:00,46.3,24.8,211.0,447,12.9,9.5,47.0,30.0,0.0,73,29.0,86,9.2,270,8
2025-05-28 02:00:00,44.0,23.7,209.0,448,12.1,9.2,47.0,30.0,0.0,73,28.6,89,10.5,251,9
2025-05-28 03:00:00,41.0,21.7,192.0,448,10.5,8.6,49.0,30.0,0.0,73,28.5,88,12.8,248,10
2025-05-28 04:00:00,40.0,20.1,170.0,447,8.7,7.9,52.0,30.0,0.0,73,28.5,88,13.1,240,5
2025-05-28 05:00:00,44.8,20.4,165.0,447,7.6,7.7,56.0,40.0,0.0,73,28.5,88,12.9,235,5
2025-05-28 06:00:00,45.1,20.3,198.0,447,7.9,9.1,58.0,55.0,0.05,74,28.8,92,12.5,245,26
2025-05-28 07:00:00,49.8,21.4,248.0,446,8.3,11.1,61.0,76.0,0.4,74,29.4,87,16.3,251,27
2025-05-28 08:00:00,81.7,29.5,278.0,446,8.2,12.9,67.0,90.0,1.45,74,30.4,80,17.3,259,28
2025-05-28 09:00:00,66.8,25.0,265.0,446,7.1,14.4,79.0,90.0,3.35,75,31.6,72,17.7,264,67
2025-05-28 10:00:00,69.8,26.4,231.0,445,5.4,15.6,95.0,84.0,5.7,75,32.8,66,16.6,268,72
2025-05-28 11:00:00,74.5,28.1,209.0,445,4.2,16.5,107.0,82.0,7.85,76,33.8,62,15.0,266,71
2025-05-28 12:00:00,78.5,29.3,210.0,445,3.7,16.7,114.0,88.0,9.1,76,34.5,61,14.1,253,46
2025-05-28 13:00:00,85.2,30.6,221.0,446,3.6,16.5,119.0,99.0,8.95,77,34.5,62,15.6,241,10
2025-05-28 14:00:00,92.2,31.9,239.0,447,4.2,16.2,119.0,111.0,7.5,77,34.1,65,16.0,240,23
2025-05-28 15:00:00,100.1,33.1,263.0,447,5.3,16.2,115.0,128.0,5.2,78,33.7,66,15.3,238,4
2025-05-28 16:00:00,109.2,33.9,292.0,448,7.2,16.1,107.0,147.0,2.9,79,33.0,68,14.6,238,0
2025-05-28 17:00:00,96.6,32.2,323.0,448,9.9,16.1,98.0,119.0,1.15,80,32.3,73,13.1,237,0
2025-05-28 18:00:00,95.0,31.2,355.0,449,13.9,14.9,87.0,105.0,0.3,80,30.8,79,12.9,230,4
2025-05-28 19:00:00,83.6,29.5,388.0,449,19.4,13.3,71.0,86.0,0.0,81,30.0,84,10.0,231,17
2025-05-28 20:00:00,66.6,27.5,414.0,450,23.5,12.3,59.0,69.0,0.0,81,29.6,86,12.5,198,11
2025-05-28 21:00:00,57.4,26.5,432.0,451,25.2,12.5,54.0,57.0,0.0,81,29.5,87,11.2,235,9
2025-05-28 22:00:00,55.3,26.1,443.0,453,25.5,13.3,52.0,47.0,0.0,81,29.5,86,8.1,225,0
2025-05-28 23:00:00,49.1,25.4,437.0,454,24.3,13.5,51.0,38.0,0.0,81,29.2,87,5.9,247,0
2025-05-29 00:00:00,43.0,24.2,406.0,454,20.7,12.6,52.0,29.0,0.0,81,28.9,90,8.1,215,0
2025-05-29 01:00:00,37.4,21.7,360.0,454,15.6,11.2,54.0,22.0,0.0,81,28.6,91,7.8,218,0
2025-05-29 02:00:00,32.7,19.2,313.0,454,11.4,9.9,55.0,18.0,0.0,81,28.5,92,9.0,223,0
2025-05-29 03:00:00,31.2,17.8,251.0,453,8.9,8.9,55.0,19.0,0.0,81,28.2,92,10.2,240,0
2025-05-29 04:00:00,33.5,17.5,189.0,452,7.3,8.0,54.0,23.0,0.0,80,28.2,91,11.6,249,0
2025-05-29 05:00:00,35.2,17.2,192.0,452,7.3,7.3,56.0,28.0,0.0,80,28.1,92,10.0,256,0
2025-05-29 06:00:00,40.2,18.3,329.0,454,10.0,8.2,54.0,32.0,0.05,80,29.0,92,6.3,263,72
2025-05-29 07:00:00,48.9,21.0,531.0,457,13.7,9.7,52.0,42.0,0.45,80,29.5,88,4.1,283,0
2025-05-29 08:00:00,73.1,25.4,661.0,459,15.8,12.1,61.0,85.0,1.45,80,30.6,81,0.9,143,0
2025-05-29 09:00:00,115.9,32.7,647.0,458,14.8,16.8,90.0,200.0,3.2,79,32.7,69,1.2,153,0
2025-05-29 10:00:00,188.6,44.4,560.0,457,12.2,22.6,130.0,347.0,5.4,80,34.8,59,4.5,185,0
2025-05-29 11:00:00,279.4,55.9,474.0,455,9.8,25.9,159.0,441.0,7.4,82,35.3,61,12.4,206,0
2025-05-29 12:00:00,247.7,49.8,404.0,454,7.6,25.0,168.0,428.0,8.65,84,35.5,62,12.8,202,0
2025-05-29 13:00:00,192.3,40.4,335.0,452,5.5,21.7,165.0,361.0,8.65,86,36.0,55,14.5,207,0
2025-05-29 14:00:00,195.1,41.2,300.0,451,5.0,18.3,158.0,308.0,7.3,87,36.5,48,15.1,215,0
2025-05-29 15:00:00,224.4,48.0,326.0,450,7.3,15.4,146.0,301.0,4.95,88,36.8,43,15.8,226,0
2025-05-29 16:00:00,219.3,50.6,385.0,450,11.2,12.5,129.0,308.0,2.65,96,36.0,44,15.9,226,0
2025-05-29 17:00:00,196.0,50.2,426.0,450,14.9,12.3,117.0,287.0,1.1,110,35.5,44,15.2,230,0
2025-05-29 18:00:00,178.3,47.5,430.0,450,17.5,10.8,104.0,269.0,0.3,116,34.1,50,11.1,250,0
2025-05-29 19:00:00,153.2,42.1,416.0,451,21.0,8.6,87.0,244.0,0.0,110,33.5,48,10.6,261,0
2025-05-29 20:00:00,151.3,38.5,393.0,451,22.5,7.1,76.0,216.0,0.0,95,32.5,50,14.4,267,0
2025-05-29 21:00:00,126.2,33.8,359.0,451,20.2,6.9,77.0,184.0,0.0,96,32.2,51,15.1,261,0
2025-05-29 22:00:00,106.9,30.0,316.0,450,15.8,7.2,83.0,149.0,0.0,96,32.8,45,16.9,272,0
2025-05-29 23:00:00,93.1,27.6,273.0,449,11.9,7.3,90.0,123.0,0.0,97,32.0,52,21.6,273,0
2025-05-30 00:00:00,87.1,26.3,229.0,448,9.1,6.7,95.0,108.0,0.0,97,31.5,59,20.3,269,0
2025-05-30 01:00:00,81.7,25.3,184.0,447,6.6,5.8,99.0,101.0,0.0,97,31.2,59,15.7,275,0
2025-05-30 02:00:00,80.1,25.1,155.0,447,4.9,5.2,102.0,102.0,0.0,97,30.5,65,19.7,275,0
2025-05-30 03:00:00,83.8,25.6,145.0,447,3.8,5.0,103.0,111.0,0.0,98,30.4,63,17.9,289,0
2025-05-30 04:00:00,92.4,26.4,149.0,448,3.5,5.1,103.0,128.0,0.0,98,30.4,60,17.0,285,0
2025-05-30 05:00:00,87.3,24.9,172.0,449,4.0,5.4,95.0,116.0,0.0,99,30.2,61,15.9,284,0
2025-05-30 06:00:00,97.8,26.5,231.0,450,7.3,6.0,91.0,118.0,0.05,100,30.0,73,18.5,270,0
2025-05-30 07:00:00,111.8,29.6,307.0,450,11.8,6.8,86.0,125.0,0.3,101,30.4,74,14.6,269,0
2025-05-30 08:00:00,117.8,32.6,350.0,450,14.2,7.7,87.0,161.0,1.2,102,31.1,75,13.7,268,0
2025-05-30 09:00:00,192.8,43.2,327.0,449,12.4,8.7,98.0,257.0,3.25,102,33.1,61,15.4,281,0
2025-05-30 10:00:00,279.4,56.5,270.0,448,8.4,9.7,115.0,382.0,6.05,103,35.5,43,17.5,279,0
2025-05-30 11:00:00,298.0,61.0,227.0,447,5.4,10.5,128.0,467.0,8.55,105,37.2,32,18.2,273,0
2025-05-30 12:00:00,285.0,60.5,214.0,446,4.4,10.8,133.0,480.0,9.7,105,38.3,25,20.9,269,0
2025-05-30 13:00:00,275.7,60.3,215.0,446,4.3,10.9,133.0,453.0,9.2,106,37.8,31,22.5,263,0
2025-05-30 14:00:00,271.9,61.7,225.0,446,4.9,10.6,130.0,416.0,7.45,108,36.6,44,24.7,260,0
2025-05-30 15:00:00,258.0,60.8,248.0,446,6.2,9.8,121.0,374.0,5.1,111,36.1,44,23.5,256,0
2025-05-30 16:00:00,228.2,56.0,281.0,447,8.2,8.7,108.0,323.0,2.8,112,35.0,51,21.2,252,0
2025-05-30 17:00:00,170.4,44.5,309.0,447,10.3,8.0,95.0,242.0,1.15,112,33.8,56,18.4,251,0
2025-05-30 18:00:00,120.6,34.8,329.0,448,13.6,7.9,85.0,194.0,0.3,112,32.5,60,19.2,247,0
2025-05-30 19:00:00,84.8,29.6,343.0,448,18.0,7.7,71.0,127.0,0.0,111,30.8,68,15.0,257,0
2025-05-30 20:00:00,71.7,28.5,345.0,449,19.9,7.4,62.0,77.0,0.0,109,30.3,74,15.6,255,0
2025-05-30 21:00:00,75.4,27.4,331.0,449,17.1,7.1,64.0,61.0,0.0,108,30.1,77,14.2,249,0
2025-05-30 22:00:00,67.5,25.4,306.0,449,12.0,6.8,71.0,62.0,0.0,108,29.8,78,15.8,249,0
2025-05-30 23:00:00,59.6,23.8,274.0,449,7.7,6.4,76.0,62.0,0.0,107,29.8,78,17.6,244,0
2025-05-31 00:00:00,52.5,22.3,231.0,448,5.7,6.0,77.0,53.0,0.0,107,29.5,82,18.7,244,0
2025-05-31 01:00:00,47.3,21.0,181.0,447,4.6,5.6,76.0,43.0,0.0,106,29.1,87,15.8,235,3
2025-05-31 02:00:00,42.6,20.1,147.0,446,3.9,5.3,75.0,36.0,0.0,106,28.9,89,17.0,239,7
2025-05-31 03:00:00,37.3,18.9,135.0,446,3.4,5.1,74.0,32.0,0.0,105,28.8,90,20.0,243,9
2025-05-31 04:00:00,37.5,18.7,139.0,447,3.3,5.1,72.0,30.0,0.0,105,28.7,91,18.5,249,3
2025-05-31 05:00:00,45.2,19.2,156.0,448,3.8,5.3,70.0,43.0,0.0,104,28.5,91,18.5,255,1
2025-05-31 06:00:00,43.2,19.5,199.0,448,5.7,6.1,69.0,34.0,0.05,103,28.8,90,17.2,246,2
2025-05-31 07:00:00,48.5,21.2,255.0,447,8.2,7.3,68.0,28.0,0.4,102,29.3,87,19.5,252,20
2025-05-31 08:00:00,60.8,23.7,289.0,447,9.5,8.5,72.0,63.0,1.3,102,30.2,82,17.9,251,4
2025-05-31 09:00:00,105.5,29.8,277.0,447,8.6,9.8,87.0,178.0,3.1,101,31.3,75,17.4,251,1
2025-05-31 10:00:00,179.7,40.3,242.0,446,6.5,11.1,107.0,336.0,5.4,99,32.9,64,17.8,254,0
2025-05-31 11:00:00,292.4,56.3,216.0,446,4.9,12.1,122.0,460.0,7.6,98,34.5,52,19.4,254,0
2025-05-31 12:00:00,378.1,69.2,210.0,446,4.3,12.6,130.0,529.0,9.05,98,35.5,45,21.1,253,0
2025-05-31 13:00:00,385.6,73.1,212.0,446,4.3,12.7,133.0,564.0,9.2,98,35.9,41,21.2,250,0
2025-05-31 14:00:00,355.8,72.6,223.0,446,4.7,12.4,132.0,558.0,7.7,99,36.3,37,20.9,246,0
2025-05-31 15:00:00,306.4,68.5,248.0,446,5.8,11.5,124.0,490.0,5.25,100,35.8,38,18.4,233,0
2025-05-31 16:00:00,243.1,59.5,281.0,447,7.5,10.2,112.0,381.0,2.9,101,34.4,54,17.7,241,0
2025-05-31 17:00:00,170.4,41.3,302.0,447,8.3,9.5,91.0,247.0,1.2,102,33.5,58,17.7,240,0
2025-05-31 18:00:00,127.1,32.8,298.0,447,9.9,8.8,83.0,198.0,0.3,101,32.2,69,17.7,233,8
2025-05-31 19:00:00,91.7,26.8,281.0,447,12.1,7.8,72.0,130.0,0.0,101,30.4,80,17.1,226,0
2025-05-31 20:00:00,67.1,22.9,269.0,447,13.2,7.0,64.0,78.0,0.0,101,29.7,85,18.2,225,0
2025-05-31 21:00:00,59.6,21.5,274.0,447,12.3,6.8,63.0,59.0,0.0,100,29.5,86,18.2,231,6
2025-05-31 22:00:00,55.4,20.8,283.0,447,10.4,6.8,66.0,56.0,0.0,100,29.4,86,16.0,224,4
2025-05-31 23:00:00,52.4,20.1,278.0,447,8.6,6.7,68.0,55.0,0.0,99,29.2,86,14.5,214,2
2025-06-01 00:00:00,49.6,19.4,242.0,447,7.2,6.3,69.0,50.0,0.0,99,29.4,81,14.8,216,1
2025-06-01 01:00:00,47.0,18.7,192.0,446,5.8,5.8,69.0,46.0,0.0,99,29.4,80,15.8,222,17
2025-06-01 02:00:00,44.1,17.9,158.0,446,4.9,5.5,70.0,43.0,0.0,98,29.3,79,15.8,229,54
2025-06-01 03:00:00,40.5,17.2,147.0,447,4.1,5.3,71.0,33.0,0.0,98,29.2,79,15.3,233,41
2025-06-01 04:00:00,37.4,16.6,152.0,449,3.7,5.3,71.0,23.0,0.0,98,29.2,78,16.2,234,42
2025-06-01 05:00:00,33.2,16.0,177.0,450,3.9,5.5,67.0,26.0,0.0,98,29.1,79,14.4,238,66
2025-06-01 06:00:00,32.4,16.0,244.0,450,5.9,6.3,66.0,28.0,0.05,98,28.6,89,13.4,234,0
2025-06-01 07:00:00,36.8,17.6,332.0,449,8.6,7.5,66.0,37.0,0.5,97,29.1,88,13.4,233,0
2025-06-01 08:00:00,68.0,22.7,383.0,449,10.1,9.0,71.0,80.0,1.65,97,30.4,79,15.6,229,0
2025-06-01 09:00:00,129.5,31.9,361.0,449,9.3,11.3,88.0,190.0,3.6,97,32.2,64,16.7,236,0
2025-06-01 10:00:00,209.5,44.2,303.0,449,7.4,13.8,111.0,336.0,5.95,97,33.7,55,15.3,234,67
2025-06-01 11:00:00,286.8,56.2,256.0,449,5.8,15.4,127.0,447.0,8.1,97,35.5,42,15.3,236,86
2025-06-01 12:00:00,322.2,63.3,238.0,448,4.9,15.2,132.0,500.0,9.3,97,36.5,36,16.6,233,85
2025-06-01 13:00:00,331.6,68.7,231.0,448,4.3,14.1,131.0,520.0,9.0,97,37.2,29,17.5,238,73
2025-06-01 14:00:00,334.3,73.3,236.0,447,4.4,12.8,126.0,510.0,7.25,97,37.7,24,18.6,240,25
2025-06-01 15:00:00,314.8,73.6,255.0,447,5.4,11.5,117.0,460.0,4.9,97,36.3,34,18.9,243,50
2025-06-01 16:00:00,267.3,66.4,286.0,447,7.1,10.0,105.0,380.0,2.75,97,34.7,53,19.8,241,66
2025-06-01 17:00:00,208.6,52.4,320.0,447,10.5,9.3,89.0,302.0,1.1,98,33.8,49,18.9,255,13
2025-06-01 18:00:00,154.6,40.2,361.0,448,14.8,9.2,78.0,254.0,0.3,99,32.8,58,15.3,248,0
2025-06-01 19:00:00,118.5,32.5,405.0,450,20.6,9.0,63.0,187.0,0.0,99,31.5,66,14.0,239,0
2025-06-01 20:00:00,101.5,29.7,431.0,451,23.9,8.9,52.0,132.0,0.0,100,30.8,74,12.2,233,18
2025-06-01 21:00:00,93.6,28.1,433.0,451,22.7,9.0,49.0,103.0,0.0,101,30.4,75,7.0,168,53
2025-06-01 22:00:00,79.9,25.9,418.0,450,19.2,9.2,51.0,86.0,0.0,101,29.9,79,11.8,126,51
2025-06-01 23:00:00,65.7,23.5,384.0,449,15.5,9.1,53.0,73.0,0.0,102,29.5,84,13.6,165,59
2025-06-02 00:00:00,56.5,21.5,316.0,448,12.2,8.3,55.0,61.0,0.0,102,29.2,85,15.9,192,22
2025-06-02 01:00:00,50.5,19.9,229.0,447,8.7,7.2,59.0,53.0,0.0,102,28.9,88,15.9,192,58
2025-06-02 02:00:00,50.9,19.4,167.0,446,6.2,6.4,62.0,53.0,0.0,102,28.9,86,15.1,203,66
2025-06-02 03:00:00,56.8,20.2,144.0,447,4.9,6.0,65.0,59.0,0.0,103,29.0,83,15.8,214,69
2025-06-02 04:00:00,65.9,21.8,146.0,448,4.5,5.8,67.0,72.0,0.0,103,28.9,84,14.7,219,78
2025-06-02 05:00:00,79.2,22.7,169.0,449,4.9,5.9,66.0,102.0,0.0,103,28.6,86,13.8,222,53
2025-06-02 06:00:00,84.1,25.0,230.0,449,6.9,6.9,66.0,135.0,0.05,104,29.2,82,12.7,232,46
2025-06-02 07:00:00,107.8,29.5,312.0,449,9.5,8.4,66.0,185.0,0.45,105,29.8,78,11.0,235,47
2025-06-02 08:00:00,173.7,38.8,359.0,448,10.9,10.1,72.0,253.0,1.45,106,30.8,73,12.7,232,63
2025-06-02 09:00:00,268.2,52.0,335.0,447,9.7,12.4,88.0,359.0,3.25,108,32.0,66,13.4,227,73
2025-06-02 10:00:00,331.6,63.1,276.0,447,7.3,14.9,109.0,484.0,5.45,110,32.8,62,15.3,225,59
2025-06-02 11:00:00,366.9,70.3,233.0,446,5.3,16.5,124.0,572.0,7.4,112,33.3,60,16.5,225,64
2025-06-02 12:00:00,372.5,73.1,225.0,446,4.4,16.3,129.0,597.0,8.55,114,33.8,57,16.8,221,10
2025-06-02 13:00:00,362.3,72.9,232.0,446,4.0,15.2,128.0,585.0,8.4,115,33.5,59,18.0,209,77
2025-06-02 14:00:00,360.4,72.9,245.0,446,4.1,14.0,124.0,558.0,7.0,115,33.2,61,18.4,206,83
2025-06-02 15:00:00,341.8,71.0,266.0,446,4.8,12.9,117.0,522.0,4.85,115,32.8,63,18.5,208,91
2025-06-02 16:00:00,314.8,67.1,293.0,446,6.1,11.8,107.0,470.0,2.7,115,32.3,67,17.6,206,40
2025-06-02 17:00:00,289.6,61.2,309.0,446,8.2,11.1,92.0,440.0,1.15,115,31.5,72,17.2,198,18
2025-06-02 18:00:00,228.6,52.4,306.0,446,11.9,10.6,82.0,358.0,0.3,116,30.8,77,16.0,194,4
2025-06-02 19:00:00,157.9,41.7,291.0,447,16.8,10.0,68.0,246.0,0.0,117,29.6,84,15.5,188,3
2025-06-02 20:00:00,120.1,35.3,275.0,447,19.6,9.3,59.0,157.0,0.0,118,29.5,85,15.1,188,15
2025-06-02 21:00:00,103.6,31.9,260.0,447,18.3,8.7,58.0,118.0,0.0,118,29.2,84,15.1,192,40
2025-06-02 22:00:00,92.0,29.4,243.0,446,14.8,8.2,62.0,103.0,0.0,119,29.1,83,16.2,197,61
2025-06-02 23:00:00,80.1,27.1,225.0,446,11.5,7.7,65.0,94.0,0.0,119,29.0,80,16.0,203,76
2025-06-03 00:00:00,73.1,25.6,202.0,446,9.1,7.2,66.0,85.0,0.0,120,29.0,80,16.6,210,73
2025-06-03 01:00:00,69.8,24.8,177.0,446,7.0,6.8,66.0,82.0,0.0,120,28.7,82,17.5,208,68
2025-06-03 02:00:00,70.5,24.4,159.0,446,5.5,6.5,66.0,81.0,0.0,121,28.4,85,15.0,198,45
2025-06-03 03:00:00,75.7,24.6,148.0,446,4.8,6.3,66.0,83.0,0.0,121,28.0,87,14.9,193,12
2025-06-03 04:00:00,77.8,24.5,143.0,447,4.6,6.2,66.0,88.0,0.0,122,28.0,87,15.3,192,5
2025-06-03 05:00:00,77.8,24.6,156.0,447,4.6,6.1,68.0,95.0,0.0,122,28.0,88,14.8,194,2
2025-06-03 06:00:00,72.2,23.7,203.0,447,5.7,6.7,69.0,101.0,0.05,122,28.3,89,13.8,204,22
2025-06-03 07:00:00,74.5,24.5,266.0,447,7.1,7.6,72.0,109.0,0.45,122,28.8,86,14.9,210,17
2025-06-03 08:00:00,92.0,26.7,304.0,447,7.7,8.4,76.0,118.0,1.6,121,29.5,80,15.8,215,18
2025-06-03 09:00:00,102.2,28.0,290.0,447,6.6,9.1,84.0,127.0,3.6,120,30.5,74,16.2,218,27
2025-06-03 10:00:00,105.9,28.4,251.0,446,4.7,9.7,95.0,135.0,6.05,118,31.2,68,16.7,218,61
2025-06-03 11:00:00,104.8,28.3,222.0,446,3.2,10.2,103.0,141.0,8.3,114,31.6,67,17.3,216,79
2025-06-03 12:00:00,101.7,28.1,215.0,446,2.7,10.5,107.0,142.0,9.5,110,32.0,67,18.4,215,74
2025-06-03 13:00:00,101.7,28.5,218.0,447,2.7,10.6,109.0,141.0,9.35,105,32.2,67,18.0,212,86
2025-06-03 14:00:00,103.6,29.4,229.0,447,3.1,10.8,110.0,137.0,7.75,100,32.2,67,17.7,210,67
2025-06-03 15:00:00,103.1,29.9,253.0,447,3.8,11.3,110.0,133.0,5.35,96,32.0,68,17.3,209,87
2025-06-03 16:00:00,100.8,30.2,286.0,448,4.9,11.8,108.0,128.0,2.95,93,31.7,70,16.3,208,4
2025-06-03 17:00:00,137.4,39.1,311.0,448,6.9,12.4,100.0,181.0,1.2,89,31.1,72,15.1,207,0
2025-06-03 18:00:00,119.7,38.1,322.0,448,11.4,12.1,90.0,153.0,0.3,88,30.4,77,14.9,201,1
2025-06-03 19:00:00,98.3,36.8,325.0,449,17.4,11.7,76.0,114.0,0.0,86,29.5,82,15.5,195,1
2025-06-03 20:00:00,83.8,36.6,322.0,449,21.1,11.2,67.0,82.0,0.0,86,29.0,87,15.0,191,1
2025-06-03 21:00:00,78.2,36.3,315.0,449,20.3,10.5,67.0,64.0,0.0,86,28.9,88,15.9,202,17
2025-06-03 22:00:00,70.5,35.4,302.0,449,17.1,9.8,72.0,54.0,0.0,86,28.8,89,15.3,211,20
2025-06-03 23:00:00,65.4,34.2,282.0,449,14.1,9.1,75.0,50.0,0.0,87,28.6,90,14.2,219,28
2025-06-04 00:00:00,64.5,32.8,249.0,449,11.8,8.6,75.0,54.0,0.0,87,28.5,90,11.5,228,40
2025-06-04 01:00:00,69.6,32.1,209.0,449,9.7,8.2,73.0,63.0,0.0,88,28.1,92,10.6,226,34
2025-06-04 02:00:00,75.0,31.7,178.0,449,8.2,8.0,71.0,72.0,0.0,89,28.0,91,10.7,222,48
2025-06-04 03:00:00,77.3,31.1,161.0,448,7.6,8.1,69.0,76.0,0.0,89,28.0,90,11.7,225,30
2025-06-04 04:00:00,77.1,30.2,154.0,448,7.6,8.5,66.0,78.0,0.0,90,28.0,89,12.9,233,29
2025-06-04 05:00:00,80.1,28.6,161.0,447,6.8,7.8,68.0,91.0,0.0,90,28.0,89,13.7,235,20
2025-06-04 06:00:00,79.2,28.6,197.0,447,7.5,9.1,71.0,102.0,0.05,91,28.6,81,12.2,233,7
2025-06-04 07:00:00,93.4,30.7,248.0,446,8.5,10.9,75.0,118.0,0.45,91,29.0,77,14.6,235,34
2025-06-04 08:00:00,103.6,31.4,277.0,446,8.7,12.4,81.0,130.0,1.5,92,29.8,72,15.8,234,37
2025-06-04 09:00:00,110.6,32.4,263.0,446,7.4,13.5,91.0,135.0,3.4,92,30.6,68,15.1,232,22
2025-06-04 10:00:00,108.3,32.7,228.0,445,5.3,14.3,102.0,135.0,5.7,93,31.6,62,16.4,227,54
2025-06-04 11:00:00,106.6,32.7,202.0,445,3.7,14.6,110.0,134.0,7.85,93,31.8,62,18.1,223,58
2025-06-04 12:00:00,101.7,31.8,197.0,445,3.0,13.9,112.0,131.0,9.3,93,32.0,62,18.5,225,45
2025-06-04 13:00:00,98.7,30.5,200.0,445,2.8,12.7,109.0,127.0,9.35,94,32.4,59,18.7,228,51
2025-06-04 14:00:00,95.5,28.9,208.0,445,3.0,11.7,105.0,121.0,8.05,94,32.5,59,18.9,227,65
2025-06-04 15:00:00,88.0,26.8,223.0,445,3.4,11.4,98.0,113.0,5.75,94,32.5,59,18.6,227,63
2025-06-04 16:00:00,81.3,24.9,241.0,446,4.1,11.3,90.0,104.0,3.25,94,32.2,61,18.8,231,56
2025-06-04 17:00:00,99.4,28.8,252.0,446,6.0,12.2,83.0,127.0,1.4,93,31.6,63,18.4,233,54
2025-06-04 18:00:00,91.0,27.4,246.0,446,9.6,12.2,72.0,109.0,0.35,92,30.9,68,15.5,234,6
2025-06-04 19:00:00,78.5,25.7,232.0,445,14.6,12.2,56.0,84.0,0.0,91,30.4,70,15.8,236,49
2025-06-04 20:00:00,64.0,25.3,222.0,445,17.9,12.1,45.0,65.0,0.0,90,30.0,74,14.9,234,48
2025-06-04 21:00:00,60.8,25.6,223.0,445,18.3,11.8,41.0,56.0,0.0,89,29.6,77,15.8,236,28
2025-06-04 22:00:00,58.8,25.5,228.0,445,17.1,11.3,42.0,53.0,0.0,88,29.2,78,15.2,233,31
2025-06-04 23:00:00,57.9,24.6,224.0,445,15.4,10.8,43.0,53.0,0.0,87,29.1,80,14.4,237,34
2025-06-05 00:00:00,58.9,23.9,202.0,445,13.2,10.1,45.0,55.0,0.0,87,29.0,81,11.9,245,36
2025-06-05 01:00:00,58.6,22.8,173.0,446,10.4,9.3,47.0,60.0,0.0,86,28.6,83,11.2,246,14
2025-06-05 02:00:00,60.8,22.1,151.0,446,8.5,8.8,49.0,64.0,0.0,85,28.5,82,10.6,247,37
2025-06-05 03:00:00,60.8,21.4,142.0,447,8.0,8.5,48.0,64.0,0.0,84,28.5,81,11.0,249,35
2025-06-05 04:00:00,60.3,21.0,141.0,448,8.4,8.4,47.0,62.0,0.0,83,28.4,80,11.1,253,28
2025-06-05 05:00:00,55.6,19.5,152.0,448,6.3,7.7,52.0,61.0,0.0,82,28.2,80,10.7,254,13
2025-06-05 06:00:00,63.1,21.0,188.0,447,6.7,9.1,55.0,72.0,0.05,82,28.5,78,10.8,259,20
2025-06-05 07:00:00,76.6,23.6,236.0,446,7.2,10.9,59.0,88.0,0.45,81,29.0,73,12.1,255,26
2025-06-05 08:00:00,80.6,23.5,264.0,445,7.2,12.3,65.0,100.0,1.5,80,29.8,68,12.6,248,15
2025-06-05 09:00:00,84.8,24.3,251.0,445,6.1,12.7,75.0,105.0,3.3,80,30.6,64,13.7,240,55
2025-06-05 10:00:00,85.2,24.9,218.0,445,4.5,12.6,87.0,107.0,5.65,79,31.3,60,14.8,232,96
2025-06-05 11:00:00,85.2,25.4,194.0,445,3.3,12.5,96.0,107.0,7.85,78,31.5,59,14.8,233,76
2025-06-05 12:00:00,83.8,25.8,191.0,445,2.8,12.6,101.0,105.0,9.55,78,32.3,57,14.9,226,31
2025-06-05 13:00:00,82.0,25.8,198.0,445,2.8,12.6,103.0,101.0,9.6,77,32.5,56,14.9,224,8
2025-06-05 14:00:00,79.9,25.6,208.0,445,3.1,12.9,102.0,97.0,8.2,77,32.7,56,15.4,225,4
2025-06-05 15:00:00,77.3,25.0,225.0,445,3.6,13.6,99.0,92.0,5.8,76,32.5,56,15.3,225,4
2025-06-05 16:00:00,73.3,24.2,246.0,445,4.4,14.5,92.0,87.0,3.3,76,32.2,59,14.7,229,4
2025-06-05 17:00:00,94.8,29.4,258.0,445,6.5,15.3,88.0,117.0,1.4,76,31.7,61,13.7,236,3
2025-06-05 18:00:00,87.5,27.9,253.0,445,9.8,14.9,76.0,104.0,0.35,76,31.2,66,12.5,233,6
2025-06-05 19:00:00,78.7,26.2,240.0,445,14.4,14.2,60.0,85.0,0.0,76,30.5,70,12.4,236,12
2025-06-05 20:00:00,66.8,25.5,230.0,445,18.0,13.6,47.0,71.0,0.0,76,30.1,71,11.9,238,8
2025-06-05 21:00:00,66.4,25.7,234.0,445,19.9,13.0,41.0,65.0,0.0,76,29.9,73,11.5,240,13
2025-06-05 22:00:00,64.5,25.8,243.0,446,20.7,12.5,39.0,64.0,0.0,76,29.5,77,10.8,234,54
2025-06-05 23:00:00,64.0,25.7,238.0,446,20.0,11.9,39.0,64.0,0.0,76,29.3,80,11.9,236,14
2025-06-06 00:00:00,64.0,25.1,206.0,445,16.8,11.4,43.0,65.0,0.0,76,29.0,80,11.5,239,19
2025-06-06 01:00:00,64.0,23.9,162.0,445,12.1,10.8,49.0,68.0,0.0,77,28.8,81,10.3,251,21
2025-06-06 02:00:00,64.0,23.3,130.0,444,8.6,10.4,53.0,69.0,0.0,77,28.6,80,9.9,265,36
2025-06-06 03:00:00,64.0,23.3,121.0,444,7.4,10.0,54.0,66.0,0.0,77,28.6,79,11.0,270,22
2025-06-06 04:00:00,60.5,22.5,124.0,445,7.4,9.6,52.0,62.0,0.0,77,28.5,78,11.7,268,21
2025-06-06 05:00:00,56.7,21.8,139.0,445,6.7,10.5,55.0,58.0,0.0,77,28.4,78,11.7,272,7
2025-06-06 06:00:00,60.3,23.0,174.0,445,6.9,11.2,57.0,63.0,0.05,77,28.5,80,10.9,279,26
2025-06-06 07:00:00,68.9,24.8,220.0,444,7.1,12.1,60.0,70.0,0.5,77,29.2,76,12.3,274,24
2025-06-06 08:00:00,69.8,25.3,247.0,444,6.9,12.7,66.0,76.0,1.55,78,30.3,69,13.7,272,32
2025-06-06 09:00:00,72.2,26.1,236.0,444,5.9,12.6,76.0,79.0,3.4,78,31.3,63,14.5,265,100
2025-06-06 10:00:00,74.5,27.4,205.0,444,4.4,12.3,88.0,81.0,5.7,78,31.8,60,14.5,256,86
2025-06-06 11:00:00,75.0,28.2,182.0,444,3.3,12.0,97.0,82.0,7.2,78,32.5,56,15.4,247,60
2025-06-06 12:00:00,74.5,28.9,177.0,444,2.8,12.0,101.0,80.0,10.1,78,33.2,52,16.0,247,89
2025-06-06 13:00:00,72.2,28.5,180.0,444,2.6,12.0,103.0,77.0,10.1,79,33.2,54,16.3,247,43
2025-06-06 14:00:00,70.3,27.8,188.0,444,2.9,12.2,102.0,74.0,8.55,79,33.0,54,16.8,243,29
2025-06-06 15:00:00,68.0,26.8,204.0,444,3.5,12.7,98.0,72.0,6.05,79,32.7,56,17.2,244,1
2025-06-06 16:00:00,65.7,25.8,225.0,445,4.4,13.3,91.0,70.0,3.45,79,32.2,59,17.9,242,0
2025-06-06 17:00:00,69.2,25.8,240.0,445,6.0,13.4,84.0,76.0,1.45,79,31.4,62,17.5,243,0
2025-06-06 18:00:00,65.0,25.0,242.0,445,9.4,13.2,74.0,69.0,0.4,79,30.9,62,17.1,243,0
2025-06-06 19:00:00,62.4,24.7,238.0,445,13.9,13.0,59.0,61.0,0.0,79,30.1,67,16.4,246,0
2025-06-06 20:00:00,56.9,24.9,232.0,445,17.1,12.6,49.0,55.0,0.0,79,29.7,69,15.7,250,0
2025-06-06 21:00:00,58.9,25.3,228.0,445,17.6,12.0,46.0,55.0,0.0,79,29.4,70,15.2,256,0
2025-06-06 22:00:00,60.3,25.5,223.0,446,16.8,11.3,47.0,59.0,0.0,79,29.2,72,14.6,261,0
2025-06-06 23:00:00,62.2,25.6,211.0,446,15.3,10.5,49.0,63.0,0.0,78,28.9,75,14.2,263,2
2025-06-07 00:00:00,63.8,25.3,185.0,446,13.2,9.6,52.0,66.0,0.0,78,28.5,77,13.7,269,5
2025-06-07 01:00:00,65.4,24.9,153.0,445,10.5,8.7,55.0,70.0,0.0,79,28.2,79,13.2,275,14
2025-06-07 02:00:00,65.4,24.2,130.0,445,8.3,8.0,58.0,72.0,0.0,79,28.0,81,13.2,277,25
2025-06-07 03:00:00,63.3,23.3,120.0,445,7.1,7.6,59.0,71.0,0.0,79,28.0,81,14.1,275,41
2025-06-07 04:00:00,62.2,22.8,118.0,445,6.4,7.4,60.0,68.0,0.0,79,28.0,80,14.6,275,23
2025-06-07 05:00:00,61.2,22.4,129.0,445,6.6,7.7,59.0,68.0,0.0,79,27.9,80,15.3,273,20
2025-06-07 06:00:00,61.7,22.6,165.0,445,7.0,8.8,61.0,75.0,0.05,79,28.1,81,14.9,269,18
2025-06-07 07:00:00,75.2,24.9,213.0,445,7.5,10.3,65.0,84.0,0.55,79,28.5,78,16.4,269,14
2025-06-07 08:00:00,75.9,24.9,242.0,445,7.4,11.6,70.0,90.0,1.75,79,29.5,71,17.3,271,27
2025-06-07 09:00:00,76.1,25.5,232.0,445,6.3,12.5,79.0,91.0,3.85,79,30.5,65,17.8,268,18
2025-06-07 10:00:00,76.1,26.2,202.0,444,4.7,13.3,90.0,89.0,6.55,79,31.5,61,18.0,261,3
2025-06-07 11:00:00,76.1,26.5,180.0,444,3.5,13.5,97.0,88.0,9.0,79,32.2,58,18.6,253,0
2025-06-07 12:00:00,78.0,26.4,176.0,444,3.0,12.9,99.0,89.0,10.45,78,32.5,58,19.1,251,0
2025-06-07 13:00:00,76.6,25.8,179.0,444,2.8,11.9,98.0,90.0,10.2,78,32.6,57,19.7,249,0
2025-06-07 14:00:00,75.4,25.4,186.0,444,3.0,11.1,95.0,90.0,8.55,78,32.5,59,20.0,248,0
2025-06-07 15:00:00,73.6,25.0,200.0,444,3.4,10.9,90.0,88.0,6.1,78,32.2,60,20.6,247,0
2025-06-07 16:00:00,71.9,24.6,217.0,444,4.2,10.9,84.0,85.0,3.5,78,31.7,62,20.5,248,0
2025-06-07 17:00:00,71.0,23.8,227.0,444,5.7,11.3,78.0,84.0,1.5,77,31.1,65,20.0,251,0
2025-06-07 18:00:00,66.1,23.4,221.0,444,8.6,11.1,70.0,77.0,0.4,77,30.7,68,18.8,252,1
2025-06-07 19:00:00,62.9,23.1,207.0,444,12.5,10.9,60.0,66.0,0.0,77,29.9,71,17.9,255,3
2025-06-07 20:00:00,56.6,23.3,197.0,444,15.1,10.6,52.0,58.0,0.0,77,29.5,74,17.4,259,7
2025-06-07 21:00:00,55.5,23.3,201.0,444,15.4,10.2,50.0,53.0,0.0,77,29.2,75,16.5,260,10
2025-06-07 22:00:00,53.4,23.2,209.0,445,14.5,9.7,52.0,51.0,0.0,77,29.0,76,15.4,260,4
2025-06-07 23:00:00,51.1,22.6,208.0,445,13.0,9.1,54.0,48.0,0.0,76,28.7,78,14.7,263,5
2025-06-08 00:00:00,48.4,21.7,187.0,445,10.9,8.4,57.0,45.0,0.0,76,28.5,80,14.9,268,17
2025-06-08 01:00:00,45.2,20.3,156.0,445,8.4,7.6,60.0,41.0,0.0,76,28.4,81,14.2,269,38
2025-06-08 02:00:00,42.4,19.0,133.0,445,6.4,7.1,63.0,39.0,0.0,75,28.3,80,14.8,270,45
2025-06-08 03:00:00,40.2,18.2,122.0,445,5.6,6.8,64.0,37.0,0.0,75,28.3,80,14.0,269,23
2025-06-08 04:00:00,39.2,17.6,118.0,445,5.3,6.8,65.0,35.0,0.0,75,28.1,79,13.7,267,11
2025-06-08 05:00:00,36.1,17.0,130.0,445,6.4,7.3,63.0,31.0,0.0,74,28.1,78,13.8,261,4
2025-06-08 06:00:00,38.8,17.3,171.0,445,6.8,8.4,66.0,39.0,0.05,74,28.3,78,14.5,259,1
2025-06-08 07:00:00,49.8,19.4,227.0,445,7.4,9.9,70.0,50.0,0.55,73,28.8,75,15.6,259,5
2025-06-08 08:00:00,55.2,20.7,260.0,445,7.4,11.3,76.0,59.0,1.85,73,29.6,71,15.8,258,4
2025-06-08 09:00:00,58.4,21.9,248.0,445,6.4,12.4,86.0,64.0,4.0,72,30.5,66,16.3,257,7
2025-06-08 10:00:00,61.0,23.2,214.0,444,4.9,13.3,97.0,68.0,6.6,72,31.5,61,17.2,257,17
2025-06-08 11:00:00,63.8,24.0,188.0,444,3.7,13.8,105.0,70.0,8.95,72,32.0,60,17.3,251,20
2025-06-08 12:00:00,63.8,24.0,183.0,444,3.2,13.6,107.0,70.0,10.25,71,32.3,58,17.6,244,6
2025-06-08 13:00:00,63.1,23.8,187.0,444,3.0,12.9,106.0,69.0,10.1,71,32.5,58,18.3,244,12
2025-06-08 14:00:00,61.2,23.5,195.0,444,3.2,12.2,102.0,67.0,8.45,71,32.3,59,19.2,243,21
2025-06-08 15:00:00,58.8,22.9,210.0,444,3.6,11.7,96.0,64.0,6.0,71,32.1,60,20.1,245,3
2025-06-08 16:00:00,56.3,22.2,229.0,444,4.2,11.3,89.0,61.0,3.4,71,31.7,61,19.9,249,2
2025-06-08 17:00:00,66.8,25.4,240.0,444,5.9,11.8,84.0,73.0,1.5,71,31.1,66,18.9,251,2
2025-06-08 18:00:00,62.6,24.3,234.0,444,8.6,11.6,76.0,66.0,0.4,71,30.6,69,18.3,251,2
2025-06-08 19:00:00,59.1,23.6,219.0,445,12.4,11.3,64.0,56.0,0.0,71,29.9,73,17.0,254,13
2025-06-08 20:00:00,52.5,23.7,207.0,445,15.1,11.0,56.0,49.0,0.0,71,29.5,75,15.9,258,14
2025-06-08 21:00:00,52.5,24.2,203.0,445,15.9,10.8,54.0,46.0,0.0,71,29.4,76,15.9,257,19
2025-06-08 22:00:00,52.4,24.4,201.0,445,15.6,10.5,55.0,46.0,0.0,71,29.2,76,16.2,258,18
2025-06-08 23:00:00,51.7,24.5,194.0,445,14.7,10.1,57.0,45.0,0.0,71,29.0,76,15.8,263,32
2025-06-09 00:00:00,49.7,23.9,176.0,445,12.8,9.3,59.0,43.0,0.0,71,29.0,76,15.9,267,29
2025-06-09 01:00:00,47.4,23.0,153.0,444,10.2,8.3,61.0,41.0,0.0,71,28.7,78,15.3,271,19
2025-06-09 02:00:00,45.9,22.1,136.0,444,8.2,7.6,63.0,39.0,0.0,72,28.5,79,14.8,272,22
2025-06-09 03:00:00,44.7,21.5,126.0,444,7.2,7.2,63.0,37.0,0.0,72,28.4,78,15.0,273,2
2025-06-09 04:00:00,43.8,21.0,121.0,444,6.7,7.1,63.0,36.0,0.0,72,28.2,78,14.8,273,15
2025-06-09 05:00:00,42.4,20.9,132.0,444,6.9,7.8,62.0,35.0,0.0,72,28.1,78,14.1,275,31
2025-06-09 06:00:00,42.7,21.0,173.0,444,7.2,8.9,64.0,40.0,0.05,73,28.4,76,13.2,273,19
2025-06-09 07:00:00,61.2,26.6,230.0,444,7.5,10.4,66.0,47.0,0.55,73,28.8,73,14.7,264,8
2025-06-09 08:00:00,54.6,23.4,263.0,444,7.3,11.6,71.0,52.0,1.85,74,29.6,69,15.5,262,2
2025-06-09 09:00:00,55.6,24.2,249.0,444,6.2,12.3,79.0,54.0,4.1,74,30.5,64,16.2,260,1
2025-06-09 10:00:00,56.2,24.7,211.0,443,4.5,12.7,90.0,53.0,6.9,74,31.3,62,17.4,257,15
2025-06-09 11:00:00,56.2,24.9,183.0,443,3.3,12.8,97.0,53.0,9.35,74,32.0,60,18.2,254,13
2025-06-09 12:00:00,55.2,24.7,177.0,443,2.8,12.4,99.0,53.0,10.75,74,32.4,57,18.7,248,5
2025-06-09 13:00:00,54.5,24.4,180.0,443,2.8,11.7,99.0,52.0,10.6,75,32.3,58,19.6,246,19
2025-06-09 14:00:00,53.9,24.0,188.0,443,3.0,11.2,96.0,51.0,9.0,75,32.2,60,20.5,242,28
2025-06-09 15:00:00,52.7,23.4,202.0,443,3.4,11.0,92.0,51.0,6.4,75,31.9,62,20.8,240,11
2025-06-09 16:00:00,51.8,22.6,220.0,443,4.1,10.9,85.0,51.0,3.65,75,31.5,63,20.6,240,20
2025-06-09 17:00:00,53.3,22.3,230.0,443,5.7,11.2,78.0,53.0,1.6,75,31.1,65,19.7,242,13
2025-06-09 18:00:00,52.2,21.5,225.0,443,8.7,11.3,70.0,50.0,0.4,74,30.6,67,17.5,244,3
2025-06-09 19:00:00,50.5,20.7,211.0,443,12.8,11.5,58.0,45.0,0.0,74,30.0,70,17.6,244,15
2025-06-09 20:00:00,45.5,20.5,201.0,443,15.7,11.5,50.0,42.0,0.0,74,29.6,73,17.4,247,9
2025-06-09 21:00:00,45.6,20.5,200.0,443,16.5,11.2,47.0,41.0,0.0,74,29.4,74,16.7,249,17
2025-06-09 22:00:00,44.7,20.1,202.0,444,16.1,10.6,47.0,40.0,0.0,73,29.2,74,16.6,257,16
2025-06-09 23:00:00,43.2,19.4,197.0,444,14.9,10.0,48.0,40.0,0.0,73,28.9,76,15.9,264,27
2025-06-10 00:00:00,41.9,18.6,179.0,444,12.6,9.2,51.0,39.0,0.0,72,28.8,77,15.6,263,16
2025-06-10 01:00:00,40.4,17.6,154.0,444,9.5,8.2,55.0,38.0,0.0,72,28.5,78,15.1,268,23
2025-06-10 02:00:00,39.5,17.0,136.0,444,7.1,7.5,58.0,37.0,0.0,72,28.5,78,15.3,270,33
2025-06-10 03:00:00,38.6,16.8,126.0,444,6.1,7.1,59.0,35.0,0.0,71,28.5,76,16.2,267,40
2025-06-10 04:00:00,38.0,16.6,124.0,444,5.8,6.9,60.0,34.0,0.0,71,28.5,76,16.0,263,13
2025-06-10 05:00:00,37.5,17.4,134.0,444,6.1,7.3,62.0,33.0,0.0,70,28.4,76,15.2,260,16
2025-06-10 06:00:00,38.4,17.8,172.0,444,6.4,8.3,65.0,37.0,0.05,70,28.9,78,14.8,257,31
2025-06-10 07:00:00,45.4,19.7,222.0,444,6.8,9.7,69.0,42.0,0.5,70,29.5,73,16.3,257,17
2025-06-10 08:00:00,48.4,20.3,253.0,444,6.7,10.7,74.0,47.0,1.75,69,30.5,67,18.1,255,19
2025-06-10 09:00:00,49.6,20.8,242.0,444,5.7,11.1,82.0,50.0,3.65,69,31.3,63,19.1,252,22
2025-06-10 10:00:00,51.2,21.4,212.0,444,4.2,11.3,90.0,51.0,6.05,68,32.0,59,19.8,250,22
2025-06-10 11:00:00,52.3,21.7,188.0,444,3.1,11.2,96.0,52.0,8.25,68,32.5,57,20.0,246,39
2025-06-10 12:00:00,52.0,21.7,182.0,444,2.7,10.8,97.0,52.0,9.45,68,33.1,54,20.6,245,36
2025-06-10 13:00:00,51.3,21.5,183.0,443,2.6,10.3,96.0,52.0,9.4,68,33.0,53,21.7,244,41
2025-06-10 14:00:00,50.6,21.2,190.0,443,2.8,9.9,93.0,51.0,7.9,67,32.6,56,21.1,244,20
2025-06-10 15:00:00,49.1,20.8,205.0,443,3.2,9.9,89.0,49.0,5.75,67,32.2,59,20.7,243,28
2025-06-10 16:00:00,47.4,20.2,226.0,444,4.0,10.0,84.0,46.0,3.35,67,31.8,61,20.7,240,18
2025-06-10 17:00:00,63.8,25.9,239.0,444,5.4,10.7,78.0,65.0,1.35,67,31.1,65,19.4,242,22
2025-06-10 18:00:00,60.3,24.9,236.0,444,7.1,10.8,72.0,60.0,0.35,67,30.5,66,17.3,243,2
2025-06-10 19:00:00,58.3,24.3,225.0,444,9.4,10.9,64.0,54.0,0.0,67,30.0,69,18.4,244,43
2025-06-10 20:00:00,52.3,23.2,217.0,444,11.4,10.9,58.0,49.0,0.0,68,29.6,71,18.0,243,20
2025-06-10 21:00:00,50.2,23.0,220.0,444,12.9,10.8,54.0,47.0,0.0,68,29.8,70,16.1,243,37
2025-06-10 22:00:00,49.8,23.0,227.0,445,14.0,10.7,53.0,46.0,0.0,68,29.5,73,16.3,245,21
2025-06-10 23:00:00,50.2,23.1,223.0,445,14.1,10.4,52.0,45.0,0.0,68,29.2,75,16.1,252,35
2025-06-11 00:00:00,48.9,22.5,197.0,445,12.5,9.8,54.0,44.0,0.0,69,29.1,77,16.1,259,43
2025-06-11 01:00:00,46.9,21.5,162.0,444,10.0,8.9,57.0,42.0,0.0,69,29.0,78,15.0,260,33
2025-06-11 02:00:00,44.7,20.4,136.0,444,8.0,8.3,59.0,41.0,0.0,69,28.8,79,14.9,262,33
2025-06-11 03:00:00,43.7,19.8,127.0,444,7.1,7.8,59.0,39.0,0.0,70,28.7,79,15.3,267,26
2025-06-11 04:00:00,42.5,19.3,128.0,444,6.7,7.5,59.0,37.0,0.0,70,28.5,79,15.2,265,22
2025-06-11 05:00:00,40.2,18.6,141.0,444,6.6,7.7,60.0,36.0,0.0,70,28.5,79,13.8,262,17
2025-06-11 06:00:00,40.9,18.8,178.0,444,6.9,8.8,62.0,40.0,0.05,70,29.0,79,14.1,254,15
2025-06-11 07:00:00,46.9,20.3,227.0,444,7.3,10.3,65.0,46.0,0.5,70,29.5,75,15.5,257,20
2025-06-11 08:00:00,49.8,20.1,255.0,444,7.2,11.4,70.0,50.0,1.65,70,30.5,69,16.9,258,43
2025-06-11 09:00:00,51.1,20.5,242.0,444,6.0,11.8,78.0,51.0,3.75,70,31.2,64,19.0,255,54
2025-06-11 10:00:00,51.3,21.0,209.0,443,4.4,11.8,87.0,51.0,6.2,70,32.0,60,18.8,247,51
2025-06-11 11:00:00,50.8,21.1,185.0,443,3.1,11.6,94.0,51.0,8.55,70,32.5,59,18.7,241,94
2025-06-11 12:00:00,49.2,20.9,182.0,443,2.6,11.1,95.0,51.0,9.9,70,32.3,61,19.9,238,100
2025-06-11 13:00:00,48.7,20.7,188.0,443,2.5,10.5,94.0,50.0,9.9,70,32.2,61,19.7,237,73
2025-06-11 14:00:00,49.1,20.6,199.0,443,2.8,10.1,91.0,49.0,8.3,70,32.9,59,20.9,242,100
2025-06-11 15:00:00,48.4,20.6,217.0,443,3.4,10.3,87.0,47.0,5.9,70,32.6,60,20.7,247,43
2025-06-11 16:00:00,47.8,20.4,240.0,444,4.4,10.7,83.0,44.0,3.4,70,32.3,60,19.8,247,43
2025-06-11 17:00:00,61.7,25.1,254.0,444,5.8,12.3,80.0,63.0,1.5,70,31.8,65,18.4,250,8
2025-06-11 18:00:00,58.3,25.0,251.0,444,8.0,12.5,73.0,56.0,0.4,70,30.9,69,16.1,252,0
2025-06-11 19:00:00,54.0,24.6,239.0,444,11.1,12.7,63.0,47.0,0.0,70,30.0,75,13.7,247,0
2025-06-11 20:00:00,48.5,24.3,226.0,444,13.3,12.6,55.0,39.0,0.0,70,29.5,79,12.1,250,1
2025-06-11 21:00:00,44.8,24.2,216.0,444,14.1,12.0,52.0,34.0,0.0,70,29.1,81,14.9,262,54
2025-06-11 22:00:00,43.3,23.5,205.0,444,14.0,11.1,52.0,32.0,0.0,70,29.2,81,15.3,270,40
2025-06-11 23:00:00,42.5,23.1,192.0,444,13.2,10.3,52.0,29.0,0.0,70,29.1,83,14.5,264,39
2025-06-12 00:00:00,38.3,20.8,175.0,444,11.4,9.5,53.0,27.0,0.0,70,29.0,84,14.3,255,12
2025-06-12 01:00:00,35.9,19.4,156.0,444,9.0,8.8,55.0,25.0,0.0,70,28.6,86,13.9,256,81
2025-06-12 02:00:00,33.5,18.2,142.0,444,7.1,8.2,57.0,23.0,0.0,70,28.5,86,14.1,263,74
2025-06-12 03:00:00,31.2,17.1,131.0,444,6.2,7.7,57.0,21.0,0.0,70,28.5,86,14.7,262,89
2025-06-12 04:00:00,29.7,16.2,124.0,443,5.7,7.2,57.0,19.0,0.0,70,28.5,85,16.6,265,44
2025-06-12 05:00:00,27.9,15.8,132.0,443,5.7,7.3,57.0,17.0,0.0,69,28.5,83,16.7,272,95
2025-06-12 06:00:00,28.6,15.8,170.0,443,6.5,8.3,58.0,21.0,0.05,69,28.5,85,15.0,273,100
2025-06-12 07:00:00,32.0,16.8,223.0,444,7.6,9.7,59.0,27.0,0.45,69,28.9,83,14.4,269,19
2025-06-12 08:00:00,38.1,18.1,255.0,444,7.9,11.0,63.0,32.0,1.6,68,30.0,75,18.6,273,67
2025-06-12 09:00:00,41.0,18.9,244.0,444,6.9,12.2,73.0,35.0,3.55,68,31.2,67,20.0,272,93
2025-06-12 10:00:00,43.1,20.1,213.0,443,5.1,13.3,86.0,38.0,6.2,68,32.0,63,18.8,265,49
2025-06-12 11:00:00,45.9,21.0,189.0,443,3.8,13.9,95.0,40.0,8.6,68,32.5,62,18.4,258,47
2025-06-12 12:00:00,48.0,21.4,184.0,443,3.2,13.6,98.0,43.0,10.0,68,32.7,62,18.1,251,21
2025-06-12 13:00:00,50.2,21.5,188.0,443,3.1,12.9,98.0,46.0,10.0,68,32.8,63,18.7,247,11
2025-06-12 14:00:00,48.8,21.0,197.0,443,3.3,12.2,96.0,47.0,8.45,68,33.0,63,18.9,248,5
2025-06-12 15:00:00,47.5,20.3,217.0,443,4.0,11.9,91.0,45.0,6.0,68,32.6,65,19.7,246,0
2025-06-12 16:00:00,44.5,19.2,243.0,444,5.1,11.6,84.0,41.0,3.4,68,31.9,68,17.3,246,6
2025-06-12 17:00:00,37.0,15.9,257.0,444,7.2,12.8,78.0,35.0,1.5,68,31.5,72,16.8,235,1
2025-06-12 18:00:00,32.5,15.0,250.0,444,9.5,12.6,69.0,29.0,0.4,67,30.6,78,15.6,230,1
2025-06-12 19:00:00,27.0,13.8,232.0,444,12.6,12.2,57.0,21.0,0.0,66,29.8,83,13.6,239,19
2025-06-12 20:00:00,24.3,13.4,215.0,444,15.0,11.9,48.0,15.0,0.0,65,29.7,82,13.7,265,45
2025-06-12 21:00:00,22.8,13.5,206.0,444,16.1,11.6,45.0,12.0,0.0,64,29.6,83,12.1,267,62
2025-06-12 22:00:00,23.6,14.1,199.0,444,16.4,11.2,44.0,11.0,0.0,63,29.5,83,8.2,256,2
2025-06-12 23:00:00,23.1,14.1,189.0,444,15.9,10.8,45.0,10.0,0.0,63,28.9,88,9.9,255,34
2025-06-13 00:00:00,23.4,14.2,173.0,444,14.2,10.1,46.0,10.0,0.0,62,28.8,88,11.5,259,39
2025-06-13 01:00:00,23.5,13.8,154.0,444,11.8,9.3,48.0,12.0,0.0,61,28.5,89,11.9,260,23
2025-06-13 02:00:00,23.6,13.3,140.0,444,9.8,8.7,50.0,13.0,0.0,61,28.5,89,11.7,259,26
2025-06-13 03:00:00,23.9,12.9,130.0,444,8.6,8.2,50.0,13.0,0.0,60,28.3,91,11.6,265,31
2025-06-13 04:00:00,24.2,12.7,126.0,443,7.9,8.0,50.0,14.0,0.0,60,28.2,90,11.0,271,36
2025-06-13 05:00:00,27.1,14.1,139.0,443,8.7,7.3,49.0,19.0,0.0,60,28.1,90,9.4,268,57
2025-06-13 06:00:00,29.0,15.0,186.0,443,9.3,9.2,51.0,29.0,0.05,59,28.2,93,10.1,254,42
2025-06-13 07:00:00,38.0,17.1,250.0,444,10.0,11.8,56.0,42.0,0.45,59,29.0,87,11.1,257,19
2025-06-13 08:00:00,50.2,18.3,290.0,444,10.0,14.0,63.0,54.0,1.45,59,30.1,80,12.8,248,22
2025-06-13 09:00:00,57.2,20.1,279.0,444,8.7,15.5,77.0,62.0,3.25,59,31.1,74,12.7,245,10
2025-06-13 10:00:00,62.2,22.2,243.0,444,6.8,16.7,94.0,68.0,5.4,60,32.4,69,14.4,257,15
2025-06-13 11:00:00,68.2,24.6,219.0,444,5.3,17.4,108.0,76.0,7.3,60,33.4,65,14.7,259,4
2025-06-13 12:00:00,76.6,26.6,220.0,444,4.6,17.6,118.0,91.0,8.4,60,34.5,59,14.9,262,1
2025-06-13 13:00:00,87.8,28.5,232.0,445,4.3,17.5,124.0,107.0,8.45,61,35.4,55,14.5,259,0
2025-06-13 14:00:00,92.7,29.1,251.0,445,4.6,16.9,124.0,117.0,7.3,61,35.2,58,14.7,244,0
2025-06-13 15:00:00,90.3,28.3,283.0,445,5.4,15.8,115.0,115.0,5.3,62,34.1,64,14.5,227,0
2025-06-13 16:00:00,82.0,26.2,323.0,445,6.8,14.3,100.0,107.0,3.1,63,32.5,73,14.9,199,4
2025-06-13 17:00:00,75.9,24.7,346.0,445,9.6,15.8,92.0,93.0,1.25,63,31.5,78,15.7,185,0
2025-06-13 18:00:00,66.6,22.3,340.0,445,12.5,13.9,78.0,78.0,0.35,64,30.8,82,17.4,185,2
2025-06-13 19:00:00,53.7,20.1,318.0,445,16.5,11.2,58.0,58.0,0.0,65,30.0,86,19.1,189,17
2025-06-13 20:00:00,45.5,18.8,299.0,445,19.5,9.4,44.0,45.0,0.0,65,30.0,86,15.4,224,39
2025-06-13 21:00:00,43.1,19.0,295.0,445,20.7,9.3,40.0,44.0,0.0,66,29.9,88,13.7,208,32
2025-06-13 22:00:00,48.7,20.1,294.0,445,20.9,9.9,41.0,50.0,0.0,66,29.9,88,12.3,207,89
2025-06-13 23:00:00,55.8,21.9,281.0,445,20.3,10.3,43.0,57.0,0.0,67,29.5,89,9.6,196,100
2025-06-14 00:00:00,60.1,22.9,241.0,444,18.6,9.9,44.0,63.0,0.0,67,29.1,91,11.4,193,88
2025-06-14 01:00:00,64.3,22.6,188.0,443,16.2,9.3,46.0,70.0,0.0,68,28.9,93,10.9,204,32
2025-06-14 02:00:00,64.5,21.8,151.0,443,13.8,8.7,48.0,74.0,0.0,69,28.7,93,10.9,218,42
2025-06-14 03:00:00,63.8,21.0,134.0,444,11.6,8.0,50.0,74.0,0.0,70,28.8,92,11.3,228,15
2025-06-14 04:00:00,63.3,20.5,133.0,445,9.4,7.4,51.0,71.0,0.0,70,28.5,93,10.5,231,17
2025-06-14 05:00:00,66.4,20.3,157.0,446,7.5,7.4,55.0,80.0,0.0,71,28.4,94,10.4,226,22
2025-06-14 06:00:00,63.6,20.5,229.0,447,8.8,8.8,54.0,82.0,0.05,72,28.6,93,10.0,253,7
2025-06-14 07:00:00,66.1,22.4,326.0,448,10.6,10.8,54.0,85.0,0.4,72,29.1,89,6.6,261,5
2025-06-14 08:00:00,78.9,24.6,391.0,448,11.5,13.4,61.0,95.0,1.4,73,30.1,82,6.6,244,14
2025-06-14 09:00:00,91.5,27.9,393.0,448,10.9,17.1,80.0,117.0,3.05,73,31.2,75,7.4,227,100
2025-06-14 10:00:00,110.6,32.7,362.0,447,9.6,21.2,105.0,145.0,5.0,74,32.0,72,9.7,192,96
2025-06-14 11:00:00,130.9,39.0,334.0,447,8.2,23.9,126.0,168.0,6.7,75,32.2,73,11.9,180,16
2025-06-14 12:00:00,147.1,44.1,315.0,447,6.8,24.0,139.0,179.0,7.5,76,32.5,70,14.5,175,9
2025-06-14 13:00:00,146.7,44.4,298.0,446,5.3,22.6,146.0,185.0,7.25,78,32.8,70,14.5,174,7
2025-06-14 14:00:00,145.3,42.6,297.0,446,4.9,20.9,146.0,192.0,6.0,79,32.7,70,14.8,174,7
2025-06-14 15:00:00,149.5,40.9,323.0,446,5.8,19.2,134.0,207.0,4.1,80,32.5,72,14.2,176,5
2025-06-14 16:00:00,155.5,39.5,364.0,446,7.7,17.2,114.0,224.0,2.25,81,32.3,72,13.3,178,0
2025-06-14 17:00:00,151.8,39.8,401.0,446,11.3,19.1,106.0,211.0,1.15,83,31.8,73,9.7,176,1
2025-06-14 18:00:00,145.3,37.5,436.0,447,17.6,17.7,85.0,199.0,0.3,84,31.3,78,8.2,158,0
2025-06-14 19:00:00,136.4,35.7,467.0,448,26.2,15.8,57.0,182.0,0.0,85,30.5,79,7.9,159,0
2025-06-14 20:00:00,123.9,34.3,468.0,448,31.5,14.0,37.0,166.0,0.0,87,29.7,85,10.8,156,4
2025-06-14 21:00:00,109.4,32.1,414.0,448,30.3,12.5,33.0,152.0,0.0,88,29.4,89,14.1,152,7
2025-06-14 22:00:00,103.8,29.8,330.0,447,25.8,11.1,38.0,138.0,0.0,89,29.2,90,15.0,160,29
2025-06-14 23:00:00,98.0,28.5,260.0,446,21.8,9.9,42.0,126.0,0.0,90,29.2,88,11.8,173,21
2025-06-15 00:00:00,93.8,27.8,220.0,446,19.5,9.0,43.0,114.0,0.0,91,28.8,92,11.2,165,24
2025-06-15 01:00:00,89.4,27.2,195.0,445,17.6,8.4,44.0,104.0,0.0,91,28.6,92,8.3,191,33
2025-06-15 02:00:00,82.0,26.4,180.0,445,16.4,8.1,44.0,99.0,0.0,91,28.5,91,6.9,225,22
2025-06-15 03:00:00,82.2,27.8,171.0,445,15.9,7.9,42.0,101.0,0.0,92,28.1,93,3.8,225,29
2025-06-15 04:00:00,89.4,28.8,172.0,446,16.0,8.0,39.0,109.0,0.0,92,27.9,95,3.2,286,30
2025-06-15 05:00:00,85.7,27.5,200.0,446,18.8,9.1,34.0,105.0,0.0,93,27.8,94,1.0,31,11
2025-06-15 06:00:00,79.6,25.8,282.0,446,17.6,11.1,40.0,132.0,0.05,94,28.0,95,4.3,197,40
2025-06-15 07:00:00,106.9,27.3,390.0,447,15.8,13.9,49.0,171.0,0.35,94,28.5,91,5.2,176,26
2025-06-15 08:00:00,144.4,31.1,456.0,447,13.7,16.6,61.0,210.0,1.2,95,29.6,82,7.9,164,33
2025-06-15 09:00:00,194.6,37.0,442.0,446,11.2,19.2,80.0,252.0,2.8,95,30.7,75,9.0,157,18
2025-06-15 10:00:00,203.0,40.5,386.0,446,8.5,21.8,102.0,294.0,4.95,96,31.5,71,9.8,167,16
2025-06-15 11:00:00,210.9,44.7,339.0,445,6.4,23.1,119.0,316.0,6.9,97,32.0,67,10.7,174,12
2025-06-15 12:00:00,207.2,46.3,316.0,445,5.0,22.4,128.0,307.0,8.05,97,32.8,62,10.5,176,4
2025-06-15 13:00:00,195.1,45.2,302.0,445,4.1,20.5,132.0,279.0,8.15,97,33.3,58,12.1,178,0
2025-06-15 14:00:00,171.4,42.4,305.0,445,4.2,18.8,130.0,247.0,7.0,98,32.9,62,13.0,181,0
2025-06-15 15:00:00,147.1,39.2,337.0,445,5.2,17.8,122.0,211.0,4.95,98,32.8,67,11.2,177,0
2025-06-15 16:00:00,123.4,35.4,386.0,446,7.1,17.0,108.0,170.0,2.7,97,32.3,69,10.0,187,0
2025-06-15 17:00:00,137.4,40.3,429.0,446,10.1,16.7,100.0,182.0,1.05,97,32.0,69,9.2,192,1
2025-06-15 18:00:00,120.1,37.0,464.0,447,15.3,15.9,84.0,162.0,0.3,97,31.4,75,11.0,159,8
2025-06-15 19:00:00,104.5,34.2,493.0,448,22.5,14.8,62.0,134.0,0.0,97,30.7,77,10.5,164,6
2025-06-15 20:00:00,94.5,32.4,496.0,448,28.4,14.0,44.0,113.0,0.0,97,30.0,82,10.5,183,6
2025-06-15 21:00:00,92.0,31.1,457.0,447,31.6,13.8,35.0,105.0,0.0,97,29.9,84,11.2,182,2
2025-06-15 22:00:00,89.6,30.5,392.0,446,33.5,13.8,31.0,104.0,0.0,97,29.7,85,9.9,183,25
2025-06-15 23:00:00,88.5,31.3,334.0,446,35.1,14.1,27.0,104.0,0.0,97,29.5,87,7.7,201,60
2025-06-16 00:00:00,88.7,32.9,292.0,447,36.8,14.3,23.0,105.0,0.0,97,29.4,87,4.8,245,94
2025-06-16 01:00:00,93.1,35.2,256.0,448,38.3,14.7,20.0,108.0,0.0,97,29.4,87,6.0,291,9
2025-06-16 02:00:00,95.0,34.9,235.0,449,39.3,15.9,17.0,110.0,0.0,98,29.2,87,6.5,300,26
2025-06-16 03:00:00,88.9,33.9,229.0,450,39.9,18.3,15.0,109.0,0.0,99,29.0,88,6.1,326,17
2025-06-16 04:00:00,92.2,33.5,237.0,451,40.1,21.6,13.0,107.0,0.0,99,28.9,89,5.1,337,80
2025-06-16 05:00:00,89.4,33.3,264.0,451,33.5,21.6,20.0,103.0,0.0,100,28.9,89,5.3,336,100
2025-06-16 06:00:00,97.8,35.0,327.0,451,32.1,26.5,25.0,143.0,0.05,100,29.0,90,6.5,321,4
2025-06-16 07:00:00,125.3,39.1,409.0,451,29.8,33.2,33.0,197.0,0.4,101,29.5,85,7.9,317,14
2025-06-16 08:00:00,167.6,44.5,459.0,451,26.4,38.0,49.0,232.0,1.35,103,31.1,73,6.0,335,7
2025-06-16 09:00:00,175.1,47.7,446.0,451,20.7,39.3,81.0,232.0,2.9,104,33.5,59,4.6,342,2
2025-06-16 10:00:00,163.4,50.9,400.0,452,13.7,38.7,121.0,213.0,4.8,105,35.9,47,3.6,279,27
2025-06-16 11:00:00,156.9,53.7,364.0,452,8.4,36.9,153.0,194.0,5.9,106,37.4,40,4.7,223,35
2025-06-16 12:00:00,144.4,50.8,351.0,452,5.8,33.3,171.0,178.0,5.5,107,38.0,42,9.6,221,43
2025-06-16 13:00:00,130.9,46.9,348.0,451,4.9,28.6,181.0,162.0,5.3,108,36.8,50,12.7,230,63
2025-06-16 14:00:00,120.1,44.5,352.0,450,5.3,24.9,182.0,149.0,4.1,108,35.4,54,15.8,230,89
2025-06-16 15:00:00,117.3,44.2,369.0,449,7.3,23.4,170.0,144.0,2.45,108,34.9,57,9.8,229,100
2025-06-16 16:00:00,117.3,43.8,393.0,448,10.6,23.0,149.0,142.0,1.45,108,32.5,72,14.5,200,100
2025-06-16 17:00:00,107.6,34.1,406.0,447,17.3,25.0,88.0,137.0,0.6,123,32.1,73,10.3,213,100
2025-06-16 18:00:00,115.0,38.1,402.0,446,27.9,29.5,76.0,130.0,0.25,125,31.8,74,9.0,247,100
2025-06-16 19:00:00,110.8,40.2,387.0,446,42.2,35.4,60.0,120.0,0.0,115,31.1,80,8.6,259,100
2025-06-16 20:00:00,104.1,42.8,364.0,446,51.3,38.1,47.0,114.0,0.0,109,30.6,84,5.2,180,100
2025-06-16 21:00:00,99.4,39.6,329.0,446,50.3,34.7,39.0,117.0,0.0,111,30.2,89,5.6,174,100
2025-06-16 22:00:00,103.6,37.3,285.0,446,44.0,28.2,34.0,125.0,0.0,111,30.0,92,5.7,191,100
2025-06-16 23:00:00,106.4,36.2,244.0,446,37.6,22.5,31.0,130.0,0.0,112,29.9,92,7.6,258,100
2025-06-17 00:00:00,106.9,35.3,208.0,446,32.7,19.2,32.0,128.0,0.0,113,29.8,91,9.1,295,99
2025-06-17 01:00:00,99.2,33.5,175.0,445,27.6,16.8,36.0,124.0,0.0,113,29.6,91,8.3,314,100
2025-06-17 02:00:00,96.6,31.7,154.0,445,23.1,14.8,39.0,120.0,0.0,113,29.4,91,8.7,312,100
2025-06-17 03:00:00,95.5,30.0,140.0,445,18.8,13.0,41.0,118.0,0.0,112,29.2,91,7.7,309,100
2025-06-17 04:00:00,94.5,29.0,139.0,446,15.0,11.7,42.0,117.0,0.0,112,29.2,90,6.0,303,100
2025-06-17 05:00:00,120.6,34.0,175.0,447,17.5,14.2,43.0,163.0,0.0,111,29.0,91,7.0,296,100
2025-06-17 06:00:00,113.4,34.5,292.0,449,18.1,15.4,45.0,177.0,0.05,112,29.3,86,7.4,293,71
2025-06-17 07:00:00,132.7,36.8,447.0,450,18.8,17.1,49.0,195.0,0.45,112,29.8,85,6.9,285,53
2025-06-17 08:00:00,147.1,39.5,534.0,451,18.2,18.6,59.0,204.0,1.5,111,31.3,78,8.5,282,91
2025-06-17 09:00:00,140.6,41.0,489.0,450,15.1,19.8,81.0,195.0,3.4,111,33.3,67,7.6,285,84
2025-06-17 10:00:00,130.4,41.2,376.0,448,10.6,20.7,110.0,176.0,5.7,110,34.7,59,7.9,274,91
2025-06-17 11:00:00,124.8,41.0,289.0,446,7.1,20.9,130.0,160.0,7.85,109,35.9,53,11.4,259,53
2025-06-17 12:00:00,120.6,40.4,262.0,446,5.3,19.8,136.0,152.0,9.0,108,35.7,56,15.1,261,75
2025-06-17 13:00:00,116.2,39.2,260.0,446,4.4,18.0,134.0,146.0,8.3,107,35.2,57,15.2,263,96
2025-06-17 14:00:00,110.6,37.3,268.0,446,4.6,16.2,127.0,140.0,6.55,106,35.8,54,15.4,263,51
2025-06-17 15:00:00,102.2,34.9,289.0,446,6.3,14.7,114.0,133.0,4.05,105,36.0,50,15.9,266,42
2025-06-17 16:00:00,95.2,32.2,320.0,446,9.1,13.2,96.0,126.0,2.2,104,35.5,51,14.7,262,59
2025-06-17 17:00:00,89.2,30.4,342.0,446,12.0,12.4,82.0,111.0,1.1,103,34.5,55,13.4,253,36
2025-06-17 18:00:00,82.7,28.6,350.0,446,16.1,11.7,71.0,101.0,0.3,103,32.5,64,9.1,243,96
2025-06-17 19:00:00,75.9,27.0,348.0,447,21.6,10.7,55.0,87.0,0.0,102,31.0,81,11.7,245,90
2025-06-17 20:00:00,65.7,25.1,334.0,447,24.9,10.0,44.0,73.0,0.0,100,30.0,86,12.8,255,75
2025-06-17 21:00:00,56.9,23.9,298.0,446,24.3,10.0,42.0,60.0,0.0,99,29.8,88,14.3,258,89
2025-06-17 22:00:00,49.9,23.2,250.0,445,21.5,10.3,45.0,48.0,0.0,97,29.6,87,16.4,270,80
2025-06-17 23:00:00,47.5,22.9,208.0,444,18.3,10.5,48.0,39.0,0.0,96,29.4,87,15.8,282,100
2025-06-18 00:00:00,46.9,22.7,180.0,444,14.8,10.5,52.0,36.0,0.0,95,29.4,85,14.6,288,100
2025-06-18 01:00:00,46.2,22.4,160.0,444,11.0,10.4,56.0,36.0,0.0,94,29.2,84,15.4,291,100
2025-06-18 02:00:00,45.1,21.7,146.0,444,7.9,10.2,60.0,37.0,0.0,93,29.0,84,14.2,286,98
2025-06-18 03:00:00,43.4,20.9,136.0,444,6.1,9.6,62.0,37.0,0.0,92,28.8,86,14.6,279,100
2025-06-18 04:00:00,44.4,20.5,132.0,444,5.1,8.8,63.0,37.0,0.0,91,28.5,88,15.5,273,100
2025-06-18 05:00:00,42.3,19.8,146.0,444,5.5,8.1,64.0,37.0,0.0,90,28.2,89,15.1,271,98
2025-06-18 06:00:00,41.2,19.6,196.0,444,6.8,8.9,64.0,40.0,0.05,89,28.9,88,13.7,266,100
2025-06-18 07:00:00,46.6,21.2,263.0,445,8.5,10.1,65.0,44.0,0.45,88,29.4,85,14.6,270,100
2025-06-18 08:00:00,50.9,22.5,303.0,445,9.2,11.2,69.0,48.0,1.55,86,30.2,80,15.9,267,100
2025-06-18 09:00:00,53.4,23.4,289.0,445,8.0,12.1,80.0,51.0,3.45,85,31.2,74,16.9,268,100
2025-06-18 10:00:00,54.9,23.9,248.0,445,5.8,12.8,94.0,53.0,5.8,83,32.0,69,17.6,268,100
2025-06-18 11:00:00,55.5,23.9,217.0,445,4.1,13.2,104.0,54.0,7.9,82,32.7,66,17.3,265,98
2025-06-18 12:00:00,53.6,23.1,209.0,445,3.5,13.1,107.0,51.0,9.15,80,33.2,62,17.8,264,94
2025-06-18 13:00:00,51.3,22.2,211.0,444,3.3,12.8,106.0,47.0,9.2,79,33.5,61,18.5,260,93
2025-06-18 14:00:00,47.1,21.1,218.0,444,3.5,12.2,102.0,43.0,7.6,77,33.3,63,19.6,257,94
2025-06-18 15:00:00,44.7,20.0,232.0,444,3.9,11.4,94.0,42.0,5.25,76,32.9,65,20.7,253,90
2025-06-18 16:00:00,44.1,19.5,249.0,444,4.7,10.4,83.0,41.0,2.95,74,32.2,66,21.1,250,52
2025-06-18 17:00:00,53.4,24.0,259.0,444,5.9,10.0,74.0,48.0,1.3,73,31.5,69,21.0,249,61
2025-06-18 18:00:00,53.4,23.5,252.0,444,7.2,9.7,69.0,45.0,0.35,73,31.0,73,22.0,253,48
2025-06-18 19:00:00,50.9,23.2,237.0,444,8.9,9.3,63.0,41.0,0.0,72,30.1,81,20.2,248,31
2025-06-18 20:00:00,46.7,22.5,224.0,444,10.1,9.0,58.0,38.0,0.0,72,29.6,83,21.9,250,26
2025-06-18 21:00:00,45.1,22.3,219.0,444,10.5,8.9,56.0,36.0,0.0,72,29.6,84,20.0,248,34
2025-06-18 22:00:00,43.7,22.2,215.0,444,10.4,8.9,56.0,35.0,0.0,71,29.4,85,18.4,258,31
2025-06-18 23:00:00,43.8,21.9,206.0,444,9.9,8.8,56.0,34.0,0.0,71,29.2,86,18.0,256,22
2025-06-19 00:00:00,42.3,21.2,185.0,444,8.8,8.5,57.0,34.0,0.0,71,29.1,85,17.0,260,58
2025-06-19 01:00:00,41.4,20.5,158.0,443,7.3,8.0,58.0,35.0,0.0,71,28.9,86,17.4,263,32
2025-06-19 02:00:00,43.2,20.5,139.0,443,6.1,7.6,59.0,36.0,0.0,71,28.8,86,17.0,261,36
2025-06-19 03:00:00,46.6,20.9,130.0,443,5.3,7.1,60.0,39.0,0.0,71,28.9,85,16.7,259,47
2025-06-19 04:00:00,47.7,20.5,128.0,443,4.7,6.6,60.0,42.0,0.0,71,28.8,84,17.8,256,28
2025-06-19 05:00:00,46.0,19.2,138.0,443,4.4,6.5,61.0,45.0,0.0,71,28.8,84,18.6,261,33
2025-06-19 06:00:00,43.8,18.2,169.0,443,5.2,7.0,60.0,47.0,0.05,71,29.1,81,19.5,260,46
2025-06-19 07:00:00,44.5,17.9,212.0,442,6.3,7.7,59.0,49.0,0.4,71,29.5,79,22.8,260,99
2025-06-19 08:00:00,49.1,18.9,237.0,442,6.7,8.2,60.0,51.0,1.4,70,30.5,72,25.1,262,97
2025-06-19 09:00:00,56.2,21.0,227.0,442,5.8,8.4,65.0,52.0,3.15,70,31.2,67,25.7,264,100
2025-06-19 10:00:00,49.2,19.4,199.0,442,4.2,8.4,71.0,52.0,4.85,70,31.6,65,26.6,264,100
2025-06-19 11:00:00,50.5,19.8,180.0,442,3.0,8.4,77.0,52.0,6.5,69,32.0,64,26.8,264,85
2025-06-19 12:00:00,49.0,19.8,179.0,442,2.5,8.2,81.0,52.0,7.7,69,32.2,64,26.1,263,99
2025-06-19 13:00:00,50.4,20.3,186.0,442,2.4,8.0,83.0,52.0,8.6,69,32.4,63,26.5,260,100
2025-06-19 14:00:00,51.0,20.5,195.0,442,2.6,7.9,84.0,51.0,7.55,69,32.0,66,25.8,255,85
2025-06-19 15:00:00,49.1,20.4,207.0,442,3.2,8.1,81.0,50.0,5.4,69,31.9,67,24.2,257,100
2025-06-19 16:00:00,48.5,20.3,222.0,442,4.1,8.4,77.0,48.0,3.0,69,31.8,66,24.1,253,81
2025-06-19 17:00:00,57.2,22.7,233.0,442,5.5,9.4,72.0,57.0,1.35,69,31.3,69,24.1,250,47
2025-06-19 18:00:00,55.4,22.6,240.0,442,7.0,9.4,67.0,54.0,0.35,69,31.0,73,20.4,243,57
2025-06-19 19:00:00,52.2,21.8,243.0,443,9.2,9.3,61.0,49.0,0.0,69,30.2,78,18.6,235,70
2025-06-19 20:00:00,48.8,21.1,243.0,443,10.6,9.2,56.0,45.0,0.0,68,29.6,82,18.3,242,32
2025-06-19 21:00:00,45.8,20.4,241.0,443,10.9,8.9,55.0,44.0,0.0,68,29.5,84,17.1,243,58
2025-06-19 22:00:00,46.9,20.4,236.0,443,10.5,8.5,55.0,43.0,0.0,68,29.2,85,18.4,244,73
2025-06-19 23:00:00,46.7,20.4,223.0,443,9.7,8.0,56.0,43.0,0.0,68,29.2,85,17.5,242,100
2025-06-20 00:00:00,45.8,20.0,196.0,443,8.4,7.5,57.0,42.0,0.0,68,29.1,84,16.0,240,100
2025-06-20 01:00:00,45.3,19.6,162.0,442,6.8,7.0,58.0,41.0,0.0,68,29.0,85,15.8,240,100
2025-06-20 02:00:00,44.5,18.9,138.0,442,5.5,6.6,59.0,41.0,0.0,68,28.8,86,16.5,243,99
2025-06-20 03:00:00,43.2,18.2,129.0,442,4.8,6.4,59.0,41.0,0.0,67,28.9,84,15.5,248,49
2025-06-20 04:00:00,42.5,17.6,129.0,443,4.5,6.3,59.0,41.0,0.0,67,28.8,85,15.5,250,33
2025-06-20 05:00:00,41.3,17.2,142.0,443,4.6,6.0,59.0,39.0,0.0,67,28.6,86,15.8,249,38
2025-06-20 06:00:00,39.6,16.6,178.0,443,5.6,6.6,59.0,40.0,0.05,67,29.1,86,18.0,248,44
2025-06-20 07:00:00,40.6,17.1,226.0,442,7.0,7.6,58.0,41.0,0.35,67,29.4,85,21.6,250,36
2025-06-20 08:00:00,43.9,17.9,256.0,442,7.6,8.4,60.0,42.0,1.15,67,30.1,80,23.6,256,60
2025-06-20 09:00:00,45.9,18.5,249.0,442,6.7,9.1,66.0,44.0,2.65,66,30.9,76,21.6,251,98
2025-06-20 10:00:00,46.0,18.3,223.0,441,5.1,9.7,73.0,46.0,3.9,66,31.2,74,22.8,242,100
2025-06-20 11:00:00,48.2,19.0,205.0,441,3.9,10.1,79.0,48.0,5.0,66,31.5,73,22.0,237,100
2025-06-20 12:00:00,47.8,19.2,206.0,441,3.4,10.1,81.0,49.0,5.2,66,31.1,75,22.4,232,100
2025-06-20 13:00:00,87.3,27.8,214.0,442,3.2,9.8,82.0,51.0,5.55,66,30.9,77,22.5,221,100
2025-06-20 14:00:00,53.3,20.9,225.0,442,3.4,9.6,81.0,54.0,5.1,67,31.1,77,22.3,222,100
2025-06-20 15:00:00,50.6,20.5,236.0,442,4.0,9.6,78.0,62.0,3.8,67,31.2,75,21.1,226,64
2025-06-20 16:00:00,59.0,22.8,250.0,442,4.9,9.7,74.0,71.0,2.3,67,31.1,75,21.3,223,63
2025-06-20 17:00:00,67.8,28.1,266.0,442,7.0,9.6,66.0,65.0,0.9,67,30.8,76,19.9,226,28
2025-06-20 18:00:00,65.4,27.3,289.0,443,10.2,9.6,60.0,59.0,0.25,67,30.8,80,17.1,219,90
2025-06-20 19:00:00,59.3,26.4,314.0,444,14.4,9.6,53.0,50.0,0.0,68,30.1,85,14.7,223,71
2025-06-20 20:00:00,52.7,25.5,324.0,445,17.0,9.6,48.0,44.0,0.0,68,29.5,90,13.9,216,69
2025-06-20 21:00:00,51.8,24.4,309.0,445,16.4,9.5,48.0,43.0,0.0,69,29.5,89,14.5,229,100
2025-06-20 22:00:00,50.9,23.4,279.0,444,14.1,9.5,50.0,44.0,0.0,69,29.4,90,16.3,232,99
2025-06-20 23:00:00,50.4,22.6,247.0,444,11.7,9.2,53.0,45.0,0.0,69,29.3,90,16.4,240,100
2025-06-21 00:00:00,49.1,21.5,212.0,444,9.7,8.6,55.0,44.0,0.0,69,29.2,90,14.8,238,100
2025-06-21 01:00:00,47.1,20.3,176.0,443,7.6,7.9,57.0,43.0,0.0,70,29.1,90,13.4,233,99
2025-06-21 02:00:00,46.2,19.4,149.0,443,6.1,7.4,59.0,43.0,0.0,70,28.8,91,14.4,240,93
2025-06-21 03:00:00,46.8,18.9,134.0,443,5.3,7.2,59.0,44.0,0.0,70,28.8,90,14.6,244,87
2025-06-21 04:00:00,47.3,18.7,129.0,444,5.1,7.3,59.0,45.0,0.0,70,28.8,89,13.6,247,81
2025-06-21 05:00:00,42.7,17.6,143.0,444,5.0,7.0,59.0,41.0,0.0,70,28.6,89,14.3,253,95
2025-06-21 06:00:00,41.9,17.5,193.0,444,6.3,7.9,58.0,41.0,0.05,70,29.5,88,14.3,246,100
2025-06-21 07:00:00,41.3,17.5,261.0,443,8.0,9.1,58.0,41.0,0.35,70,29.8,83,16.1,250,100
2025-06-21 08:00:00,44.0,18.6,301.0,443,8.8,10.1,59.0,41.0,1.2,70,30.0,82,18.4,250,100
2025-06-21 09:00:00,46.3,19.4,286.0,443,8.0,10.8,63.0,40.0,2.4,70,30.5,79,18.1,248,99
2025-06-21 10:00:00,45.5,19.6,243.0,442,6.4,11.4,68.0,39.0,3.55,70,31.2,75,19.8,240,100
2025-06-21 11:00:00,44.5,19.6,210.0,442,5.0,11.6,73.0,39.0,4.25,70,31.1,76,21.4,234,87
2025-06-21 12:00:00,44.7,19.6,200.0,442,4.2,11.4,77.0,42.0,5.55,70,31.8,73,22.3,232,100
2025-06-21 13:00:00,44.9,20.1,201.0,442,3.7,10.9,79.0,45.0,6.0,70,31.7,74,22.0,231,100
2025-06-21 14:00:00,50.2,21.5,208.0,442,3.8,10.5,80.0,46.0,5.05,70,31.4,75,22.1,231,100
2025-06-21 15:00:00,40.7,19.3,225.0,442,4.6,10.4,77.0,41.0,3.9,70,31.6,74,22.2,233,100
2025-06-21 16:00:00,38.5,18.9,249.0,443,5.9,10.5,71.0,34.0,2.25,70,31.1,75,22.2,230,87
2025-06-21 17:00:00,47.7,22.6,268.0,443,7.2,11.8,68.0,38.0,0.9,69,30.5,78,20.9,226,51
2025-06-21 18:00:00,45.8,22.6,277.0,443,9.7,11.7,62.0,33.0,0.25,69,30.6,82,17.1,228,100
2025-06-21 19:00:00,44.8,22.8,280.0,444,13.3,11.5,55.0,26.0,0.0,68,30.1,84,15.3,226,100
2025-06-21 20:00:00,36.7,21.3,279.0,444,15.9,11.3,49.0,21.0,0.0,68,29.6,88,14.4,228,100
2025-06-21 21:00:00,35.0,21.1,277.0,444,17.0,11.2,47.0,20.0,0.0,68,29.2,89,13.9,236,98
2025-06-21 22:00:00,35.7,21.1,272.0,445,17.3,11.0,47.0,22.0,0.0,67,29.2,88,12.7,247,100
2025-06-21 23:00:00,39.0,21.8,257.0,445,16.8,10.7,47.0,24.0,0.0,67,29.1,88,12.8,248,100
2025-06-22 00:00:00,40.9,21.9,224.0,445,15.2,10.1,48.0,28.0,0.0,67,29.0,88,12.6,246,100
2025-06-22 01:00:00,41.1,21.1,182.0,444,12.9,9.4,50.0,32.0,0.0,67,28.9,90,13.2,242,100
2025-06-22 02:00:00,43.2,20.5,151.0,444,11.0,8.9,52.0,36.0,0.0,67,28.8,90,12.6,244,100
2025-06-22 03:00:00,43.7,19.8,136.0,444,9.6,8.5,53.0,38.0,0.0,67,28.8,89,12.5,252,100
2025-06-22 04:00:00,44.7,19.4,132.0,444,8.7,8.2,54.0,40.0,0.0,67,28.8,89,13.6,253,100
2025-06-22 05:00:00,42.8,19.2,147.0,444,7.0,8.1,57.0,38.0,0.0,67,28.7,89,15.9,255,100
2025-06-22 06:00:00,45.8,19.4,198.0,444,9.1,9.2,56.0,44.0,0.0,68,29.3,86,11.1,262,100
2025-06-22 07:00:00,54.2,21.3,267.0,445,12.0,10.8,55.0,53.0,0.3,68,29.2,87,11.8,259,99
2025-06-22 08:00:00,59.1,22.7,311.0,445,13.3,12.2,57.0,62.0,0.85,68,30.2,80,15.6,259,100
2025-06-22 09:00:00,67.3,23.4,304.0,445,11.7,13.5,64.0,74.0,1.3,68,30.7,75,15.5,262,100
2025-06-22 10:00:00,75.0,24.4,271.0,444,8.6,14.8,74.0,86.0,2.25,69,30.6,74,15.5,258,100
2025-06-22 11:00:00,78.2,25.4,243.0,443,6.0,15.3,82.0,94.0,4.7,69,30.6,74,16.9,255,99
2025-06-22 12:00:00,79.9,26.8,228.0,443,4.6,14.5,88.0,95.0,6.8,70,30.9,74,17.3,249,100
2025-06-22 13:00:00,76.6,26.6,218.0,442,3.6,13.0,92.0,92.0,7.25,70,32.0,69,18.0,246,100
2025-06-22 14:00:00,74.7,26.0,218.0,442,3.4,11.9,93.0,87.0,6.1,71,31.8,70,18.2,240,100
2025-06-22 15:00:00,65.9,24.6,236.0,442,3.9,11.7,89.0,78.0,4.0,71,31.4,73,18.8,234,100
2025-06-22 16:00:00,59.3,23.5,264.0,442,5.2,11.8,82.0,67.0,2.3,72,31.1,74,18.6,232,100
2025-06-22 17:00:00,73.8,26.5,288.0,442,7.3,13.8,79.0,82.0,1.1,72,30.2,78,19.2,230,100
2025-06-22 18:00:00,60.8,24.2,303.0,443,10.3,13.4,71.0,70.0,0.3,73,30.1,79,14.5,240,100
2025-06-22 19:00:00,56.0,23.3,314.0,443,14.4,12.8,61.0,53.0,0.0,73,29.8,80,13.5,256,100
2025-06-22 20:00:00,48.2,23.2,319.0,444,17.5,12.4,53.0,40.0,0.0,73,29.7,82,13.6,238,100
2025-06-22 21:00:00,45.2,23.2,319.0,444,18.7,12.5,50.0,36.0,0.0,73,29.4,84,12.4,240,100
2025-06-22 22:00:00,47.0,23.9,314.0,445,18.8,12.7,49.0,38.0,0.0,73,29.1,85,11.6,237,100
2025-06-22 23:00:00,50.2,24.9,296.0,445,18.2,12.7,49.0,39.0,0.0,73,29.0,85,9.6,232,100
2025-06-23 00:00:00,50.3,24.6,256.0,445,16.6,12.0,50.0,40.0,0.0,74,29.0,85,8.3,243,100
2025-06-23 01:00:00,50.1,23.7,204.0,444,14.3,11.1,51.0,41.0,0.0,74,28.8,86,8.9,230,100
2025-06-23 02:00:00,49.1,22.8,165.0,444,12.3,10.3,52.0,42.0,0.0,74,28.6,87,9.5,234,99
2025-06-23 03:00:00,48.7,21.9,148.0,444,10.9,9.7,52.0,42.0,0.0,74,28.5,88,10.1,241,100
2025-06-23 04:00:00,48.2,21.1,144.0,444,9.9,9.2,53.0,41.0,0.0,75,28.5,88,9.8,229,100
2025-06-23 05:00:00,48.1,20.7,156.0,444,8.1,9.5,56.0,44.0,0.0,75,28.5,88,9.9,237,83
2025-06-23 06:00:00,46.7,20.3,196.0,444,9.1,10.4,57.0,48.0,0.05,75,29.0,88,11.5,240,10
2025-06-23 07:00:00,56.1,22.2,251.0,444,10.3,11.5,59.0,54.0,0.3,75,29.6,82,11.8,239,51
2025-06-23 08:00:00,58.6,22.9,285.0,444,10.6,12.6,63.0,60.0,1.05,75,30.6,74,15.6,246,54
2025-06-23 09:00:00,64.7,23.6,274.0,444,9.0,13.4,72.0,66.0,2.4,75,31.2,71,17.9,248,93
2025-06-23 10:00:00,69.2,24.9,242.0,443,6.5,14.0,83.0,71.0,4.0,75,31.4,71,18.1,247,99
2025-06-23 11:00:00,69.2,25.7,218.0,443,4.6,14.4,92.0,75.0,4.8,75,32.0,70,17.9,245,100
2025-06-23 12:00:00,69.8,26.1,214.0,443,3.8,14.4,96.0,76.0,4.85,75,31.9,71,17.4,242,100
2025-06-23 13:00:00,69.8,26.4,218.0,443,3.7,14.1,98.0,75.0,4.15,75,32.2,70,16.5,233,71
2025-06-23 14:00:00,68.5,26.9,226.0,443,4.0,13.7,97.0,72.0,4.4,75,32.5,68,16.4,232,75
2025-06-23 15:00:00,63.6,26.1,238.0,443,4.7,13.2,92.0,66.0,3.05,75,32.2,69,17.3,228,29
2025-06-23 16:00:00,59.5,25.2,253.0,442,5.8,12.6,84.0,58.0,1.65,75,31.7,71,17.3,225,100
2025-06-23 17:00:00,88.5,34.1,266.0,442,9.1,16.2,79.0,94.0,0.55,75,31.3,71,17.9,225,60
2025-06-23 18:00:00,86.6,34.6,274.0,442,11.8,16.2,70.0,87.0,0.15,76,30.6,81,14.7,213,100
2025-06-23 19:00:00,79.9,33.4,281.0,442,15.5,16.1,58.0,78.0,0.0,77,30.1,84,13.1,205,100
2025-06-23 20:00:00,76.1,33.2,290.0,443,18.6,15.9,48.0,71.0,0.0,78,29.5,87,12.7,211,100
2025-06-23 21:00:00,73.3,33.3,313.0,444,20.7,15.5,43.0,70.0,0.0,79,29.5,86,9.5,217,100
2025-06-23 22:00:00,74.7,32.8,338.0,445,22.2,14.8,40.0,72.0,0.0,80,29.3,87,9.0,224,100
2025-06-23 23:00:00,75.7,32.0,342.0,446,22.2,13.9,39.0,73.0,0.0,80,29.1,88,9.3,227,100
2025-06-24 00:00:00,71.9,30.0,303.0,446,19.6,12.4,40.0,72.0,0.0,81,29.0,89,9.5,237,100
2025-06-24 01:00:00,68.0,27.7,242.0,445,15.4,10.5,44.0,70.0,0.0,82,28.9,90,9.9,233,100
2025-06-24 02:00:00,66.6,26.2,195.0,444,12.3,9.2,46.0,68.0,0.0,82,28.6,90,9.5,231,100
2025-06-24 03:00:00,66.6,25.5,175.0,444,11.2,8.5,45.0,65.0,0.0,82,28.5,90,9.6,237,100
2025-06-24 04:00:00,64.5,24.9,170.0,445,11.2,8.4,44.0,62.0,0.0,83,28.5,91,8.9,227,100
2025-06-24 05:00:00,67.8,24.9,181.0,445,9.6,9.2,47.0,74.0,0.0,83,28.3,91,9.3,234,90
2025-06-24 06:00:00,68.9,25.4,224.0,445,9.7,11.0,50.0,89.0,0.05,83,28.9,90,10.3,227,97
2025-06-24 07:00:00,86.6,28.7,283.0,444,9.9,13.6,55.0,110.0,0.35,84,29.5,84,10.7,230,100
2025-06-24 08:00:00,100.6,30.5,318.0,444,9.5,15.8,63.0,125.0,1.15,84,30.1,78,11.0,228,68
2025-06-24 09:00:00,106.2,32.4,302.0,444,8.1,17.5,77.0,131.0,2.6,85,30.9,74,12.9,223,66
2025-06-24 10:00:00,109.4,34.6,262.0,443,6.2,18.9,94.0,132.0,4.7,86,31.2,71,13.2,223,61
2025-06-24 11:00:00,108.7,37.1,231.0,443,4.8,19.6,108.0,130.0,6.9,87,32.0,68,14.1,220,95
2025-06-24 12:00:00,106.2,38.5,223.0,443,4.1,19.4,116.0,124.0,8.0,88,32.2,67,14.7,216,68
2025-06-24 13:00:00,101.3,38.3,226.0,443,3.8,18.5,120.0,115.0,7.95,89,32.7,65,14.4,214,46
2025-06-24 14:00:00,96.2,36.7,233.0,443,4.0,17.5,119.0,107.0,6.7,90,32.8,65,15.2,217,52
2025-06-24 15:00:00,89.4,33.9,246.0,443,4.6,16.3,110.0,100.0,4.7,91,32.4,66,16.4,211,76
2025-06-24 16:00:00,82.4,30.4,263.0,443,5.6,14.9,95.0,93.0,2.65,91,31.8,69,17.1,206,40
2025-06-24 17:00:00,88.5,29.5,279.0,443,6.6,13.2,79.0,106.0,1.15,92,31.3,71,17.2,208,33
2025-06-24 18:00:00,87.3,27.9,290.0,443,9.1,13.3,70.0,106.0,0.3,91,30.7,76,16.4,201,35
2025-06-24 19:00:00,87.8,27.4,299.0,444,12.8,13.5,58.0,105.0,0.0,91,30.4,78,13.4,198,63
2025-06-24 20:00:00,86.4,28.2,309.0,444,16.4,13.8,47.0,102.0,0.0,90,29.9,83,10.9,202,21
2025-06-24 21:00:00,83.1,29.5,322.0,445,19.8,14.2,41.0,94.0,0.0,90,29.7,85,11.1,196,24
2025-06-24 22:00:00,78.2,29.6,337.0,445,23.2,14.6,37.0,84.0,0.0,89,29.5,85,9.6,201,5
2025-06-24 23:00:00,74.5,29.7,349.0,446,26.0,14.9,33.0,76.0,0.0,89,29.2,87,9.3,204,16
2025-06-25 00:00:00,71.0,30.2,358.0,447,28.5,14.8,29.0,73.0,0.0,89,29.0,88,6.4,196,68
2025-06-25 01:00:00,70.3,31.1,365.0,449,30.4,14.5,26.0,72.0,0.0,89,28.9,88,5.3,208,94
2025-06-25 02:00:00,76.8,33.5,372.0,450,30.9,14.7,25.0,73.0,0.0,89,28.6,89,5.5,199,72
2025-06-25 03:00:00,89.4,36.0,379.0,452,28.9,15.6,26.0,75.0,0.0,90,28.5,89,3.7,203,99
2025-06-25 04:00:00,96.2,34.6,385.0,454,25.5,17.0,29.0,78.0,0.0,91,28.4,89,3.5,165,100
2025-06-25 05:00:00,69.8,29.7,388.0,455,23.9,14.4,30.0,68.0,0.0,92,28.4,88,2.9,180,100
2025-06-25 06:00:00,70.8,28.8,388.0,452,21.9,16.7,35.0,76.0,0.05,92,28.6,88,5.4,166,100
2025-06-25 07:00:00,81.3,30.6,385.0,448,19.1,19.9,44.0,87.0,0.35,92,29.2,82,7.4,187,81
2025-06-25 08:00:00,86.8,30.7,377.0,445,16.1,22.5,55.0,97.0,1.1,93,30.0,76,9.6,188,60
2025-06-25 09:00:00,97.1,31.8,360.0,444,12.8,23.9,72.0,104.0,2.65,93,30.7,73,10.3,179,100
2025-06-25 10:00:00,100.4,34.1,337.0,445,9.3,24.7,92.0,109.0,4.65,93,30.5,74,11.0,179,99
2025-06-25 11:00:00,97.6,36.0,318.0,445,6.6,24.6,109.0,110.0,6.45,93,30.9,72,11.0,186,83
2025-06-25 12:00:00,94.8,37.4,304.0,445,5.0,23.3,121.0,104.0,8.15,92,30.8,72,10.8,180,61
2025-06-25 13:00:00,89.9,37.1,293.0,445,4.3,21.3,128.0,93.0,8.15,92,32.1,67,11.5,180,27
2025-06-25 14:00:00,84.8,35.7,296.0,445,4.2,19.4,130.0,85.0,7.05,92,32.2,65,13.0,174,67
2025-06-25 15:00:00,78.9,33.9,323.0,445,4.8,18.0,122.0,81.0,5.15,92,32.0,65,13.9,180,93
2025-06-25 16:00:00,75.4,31.9,363.0,446,6.1,16.7,108.0,79.0,3.0,92,31.4,69,12.6,178,100
2025-06-25 17:00:00,87.1,32.4,391.0,446,7.2,11.8,85.0,99.0,1.1,92,31.0,72,13.2,174,100
2025-06-25 18:00:00,82.4,31.2,394.0,446,10.1,12.2,76.0,95.0,0.3,93,30.0,76,13.7,181,99
2025-06-25 19:00:00,79.4,30.0,386.0,447,14.1,12.8,64.0,90.0,0.0,93,29.7,79,10.0,186,100
2025-06-25 20:00:00,78.5,29.7,384.0,447,17.5,13.2,53.0,87.0,0.0,93,29.6,80,11.4,161,100
2025-06-25 21:00:00,75.0,29.2,404.0,447,19.8,13.2,47.0,87.0,0.0,93,29.5,80,12.4,161,55
2025-06-25 22:00:00,78.5,29.1,430.0,448,21.5,13.1,43.0,90.0,0.0,93,29.6,81,11.6,164,19
2025-06-25 23:00:00,80.6,29.3,433.0,448,22.8,12.8,39.0,91.0,0.0,93,29.4,84,9.7,170,99
2025-06-26 00:00:00,79.9,30.0,390.0,447,23.6,12.3,35.0,90.0,0.0,93,29.3,85,7.2,176,37
2025-06-26 01:00:00,78.0,29.3,324.0,446,23.9,11.8,32.0,88.0,0.0,93,29.1,87,5.2,186,97
2025-06-26 02:00:00,78.0,29.2,276.0,446,24.1,11.6,30.0,86.0,0.0,93,28.9,89,3.9,202,87
2025-06-26 03:00:00,74.7,29.7,255.0,447,24.5,12.0,27.0,82.0,0.0,93,28.8,90,1.5,234,93
2025-06-26 04:00:00,73.1,28.9,252.0,449,24.7,12.7,25.0,77.0,0.0,92,28.7,90,2.5,135,35
2025-06-26 05:00:00,82.0,31.2,278.0,450,27.3,15.4,24.0,90.0,0.0,91,28.5,91,1.1,108,9
2025-06-26 06:00:00,79.4,30.5,354.0,451,26.8,19.3,27.0,106.0,0.05,92,28.9,95,1.9,214,77
2025-06-26 07:00:00,97.3,32.2,460.0,451,25.9,24.6,32.0,129.0,0.25,92,29.3,91,1.3,286,42
2025-06-26 08:00:00,117.6,33.8,547.0,451,24.1,28.7,38.0,150.0,0.85,92,30.3,83,1.5,159,87
2025-06-26 09:00:00,166.2,42.4,609.0,452,20.9,30.5,47.0,166.0,1.7,92,31.6,71,1.8,217,60
2025-06-26 10:00:00,141.6,36.3,652.0,453,16.8,31.0,58.0,180.0,2.7,93,33.2,64,5.2,184,100
2025-06-26 11:00:00,136.9,35.6,652.0,453,13.2,30.4,69.0,187.0,3.95,93,33.4,64,10.3,177,100
2025-06-26 12:00:00,134.6,35.9,573.0,451,10.3,28.7,80.0,183.0,4.75,93,33.7,55,12.6,176,100
2025-06-26 13:00:00,130.9,36.0,450.0,449,7.9,26.0,92.0,172.0,5.25,93,34.2,45,10.8,179,100
2025-06-26 14:00:00,120.6,34.5,368.0,447,6.4,22.7,97.0,159.0,5.15,93,33.8,51,10.6,184,100
2025-06-26 15:00:00,103.1,30.0,376.0,447,6.0,18.4,92.0,147.0,3.25,93,32.6,62,10.1,207,100
2025-06-26 16:00:00,89.9,25.5,425.0,447,6.5,13.7,82.0,133.0,2.05,93,32.8,63,10.0,221,100
2025-06-26 17:00:00,82.0,23.9,451.0,447,7.4,11.3,76.0,106.0,1.15,92,32.5,67,11.9,211,100
2025-06-26 18:00:00,83.4,24.2,419.0,447,10.0,11.5,72.0,103.0,0.3,91,31.4,76,10.2,222,99
2025-06-26 19:00:00,79.2,24.1,364.0,446,13.6,11.8,66.0,98.0,0.0,91,30.6,84,10.9,211,100
2025-06-26 20:00:00,75.2,24.2,326.0,446,16.3,12.1,62.0,92.0,0.0,90,30.1,87,10.9,213,99
2025-06-26 21:00:00,72.4,24.6,330.0,447,16.9,12.3,62.0,85.0,0.0,90,30.1,86,9.0,223,100
2025-06-26 22:00:00,68.7,24.7,350.0,449,16.6,12.6,63.0,77.0,0.0,89,30.1,86,7.0,235,100
2025-06-26 23:00:00,64.7,24.7,350.0,450,16.8,12.8,62.0,70.0,0.0,89,29.9,88,6.2,248,100
2025-06-27 00:00:00,63.3,25.4,306.0,450,18.1,12.9,58.0,64.0,0.0,88,29.7,88,5.7,252,100
2025-06-27 01:00:00,60.5,26.1,242.0,449,19.9,13.0,52.0,59.0,0.0,88,29.6,89,6.9,279,100
2025-06-27 02:00:00,58.3,26.1,196.0,448,21.4,13.6,47.0,55.0,0.0,88,29.5,88,7.0,299,100
2025-06-27 03:00:00,57.9,26.5,177.0,448,22.1,14.6,43.0,53.0,0.0,87,29.4,89,6.8,302,100
2025-06-27 04:00:00,61.9,27.2,176.0,449,22.5,16.2,40.0,52.0,0.0,87,29.2,88,7.8,316,100
2025-06-27 05:00:00,43.1,22.9,204.0,450,17.7,20.2,42.0,34.0,0.0,87,29.2,88,8.8,317,100
2025-06-27 06:00:00,47.1,22.6,287.0,451,19.5,19.3,41.0,46.0,0.0,86,28.8,89,6.5,330,100
2025-06-27 07:00:00,56.7,25.0,399.0,452,21.9,18.1,40.0,64.0,0.25,86,28.8,90,8.0,332,100
2025-06-27 08:00:00,72.9,29.5,470.0,452,22.7,18.3,46.0,80.0,1.0,85,29.8,83,8.6,327,100
2025-06-27 09:00:00,93.6,35.2,451.0,452,20.6,21.4,64.0,95.0,1.95,85,31.4,73,7.6,332,100
2025-06-27 10:00:00,103.1,38.8,392.0,451,17.0,25.9,89.0,110.0,2.75,84,32.8,64,6.5,341,100
2025-06-27 11:00:00,105.0,41.0,369.0,451,14.1,28.7,111.0,117.0,4.9,84,34.6,55,4.6,349,83
2025-06-27 12:00:00,99.4,39.9,417.0,452,12.0,28.2,129.0,113.0,5.7,85,35.9,51,4.1,113,96
2025-06-27 13:00:00,87.1,37.4,501.0,453,10.6,26.0,144.0,102.0,2.4,85,35.2,56,11.0,180,100
2025-06-27 14:00:00,87.1,38.6,601.0,455,11.6,24.3,149.0,93.0,1.2,85,29.4,80,9.0,224,100
2025-06-27 15:00:00,91.0,40.7,737.0,458,16.1,23.6,138.0,89.0,0.7,85,27.0,92,7.6,271,100
2025-06-27 16:00:00,92.7,43.2,888.0,461,23.1,23.3,118.0,86.0,0.35,86,27.6,90,6.6,325,100
2025-06-27 17:00:00,80.1,53.9,970.0,463,66.9,30.1,34.0,50.0,0.45,88,27.8,93,6.6,327,100
2025-06-27 18:00:00,78.0,49.2,931.0,464,63.6,28.5,36.0,47.0,0.15,91,29.1,85,9.6,298,100
2025-06-27 19:00:00,65.0,43.8,823.0,465,58.6,26.2,38.0,43.0,0.0,93,28.6,84,11.3,303,100
2025-06-27 20:00:00,61.2,39.6,722.0,466,51.8,23.4,42.0,40.0,0.0,95,27.8,87,12.5,317,100
2025-06-27 21:00:00,56.7,33.9,657.0,467,41.8,19.6,49.0,41.0,0.0,96,27.6,88,10.0,330,100
2025-06-27 22:00:00,52.3,30.0,599.0,468,29.9,15.3,57.0,43.0,0.0,97,27.7,88,9.8,317,100
2025-06-27 23:00:00,50.2,26.2,534.0,468,20.3,11.8,63.0,44.0,0.0,97,27.8,89,10.6,320,100
2025-06-28 00:00:00,50.3,24.4,450.0,465,14.6,9.8,66.0,43.0,0.0,97,27.9,91,9.1,324,100
2025-06-28 01:00:00,48.5,22.7,360.0,461,11.0,8.6,68.0,42.0,0.0,97,27.9,94,9.9,325,97
2025-06-28 02:00:00,43.2,20.4,290.0,458,8.5,7.8,70.0,41.0,0.0,97,27.9,94,10.6,326,100
2025-06-28 03:00:00,37.6,17.3,231.0,456,6.0,7.1,73.0,42.0,0.0,97,27.4,94,9.3,304,100
2025-06-28 04:00:00,41.0,17.5,193.0,455,4.6,6.7,76.0,45.0,0.0,96,27.0,97,11.8,327,100
2025-06-28 05:00:00,50.9,20.4,233.0,455,7.3,7.9,69.0,55.0,0.0,95,26.8,97,13.2,348,100
2025-06-28 06:00:00,48.2,20.1,436.0,459,11.9,9.0,64.0,55.0,0.05,95,26.6,98,7.2,342,100
2025-06-28 07:00:00,48.4,21.5,716.0,464,18.2,10.5,58.0,56.0,0.3,94,26.8,95,7.2,4,100
2025-06-28 08:00:00,54.4,24.0,882.0,467,21.8,12.1,58.0,56.0,0.65,94,27.1,93,8.0,306,100
2025-06-28 09:00:00,56.3,24.7,820.0,465,20.2,13.6,69.0,57.0,2.0,94,28.4,87,11.1,313,100
2025-06-28 10:00:00,53.2,21.6,642.0,460,16.0,15.2,86.0,57.0,1.7,93,28.8,84,11.6,305,100
2025-06-28 11:00:00,49.4,20.7,492.0,456,13.0,16.3,98.0,55.0,1.3,91,28.5,87,7.9,286,100
2025-06-28 12:00:00,47.5,21.5,422.0,454,13.1,16.7,100.0,49.0,2.4,89,28.4,88,7.5,300,100
2025-06-28 13:00:00,43.0,21.0,379.0,452,14.5,16.8,96.0,40.0,2.35,88,29.6,80,14.8,273,100
2025-06-28 14:00:00,38.4,19.8,349.0,451,15.6,16.9,93.0,33.0,1.6,86,28.5,83,13.8,291,98
2025-06-28 15:00:00,32.5,18.2,324.0,450,14.7,17.5,95.0,29.0,1.65,85,29.2,79,15.5,283,100
2025-06-28 16:00:00,33.6,19.2,313.0,450,13.6,18.2,97.0,27.0,2.05,83,28.1,83,16.5,293,99
2025-06-28 17:00:00,55.3,37.4,323.0,450,13.7,23.7,159.0,33.0,0.95,80,28.2,83,14.8,299,100
2025-06-28 18:00:00,49.8,33.2,376.0,450,19.6,22.6,130.0,35.0,0.2,79,28.5,83,13.9,253,100
2025-06-28 19:00:00,46.0,28.4,452.0,451,27.7,21.0,90.0,37.0,0.0,78,28.2,85,12.0,251,100
2025-06-28 20:00:00,49.7,27.5,496.0,452,32.8,19.3,59.0,39.0,0.0,76,28.0,86,11.8,251,100
2025-06-28 21:00:00,49.4,25.0,483.0,453,32.2,17.6,47.0,41.0,0.0,75,27.9,88,10.8,240,100
2025-06-28 22:00:00,48.3,23.5,438.0,453,28.6,15.9,45.0,42.0,0.0,74,27.9,88,9.7,235,100
2025-06-28 23:00:00,47.0,22.5,384.0,453,25.1,14.3,44.0,43.0,0.0,74,27.6,89,12.7,238,100
2025-06-29 00:00:00,47.5,22.5,317.0,452,22.4,12.7,43.0,44.0,0.0,73,27.6,88,14.9,235,98
2025-06-29 01:00:00,48.1,22.6,240.0,449,19.8,11.3,44.0,45.0,0.0,73,27.7,88,15.4,238,81
2025-06-29 02:00:00,48.8,22.5,187.0,448,17.6,10.5,45.0,46.0,0.0,73,27.5,90,15.3,239,91
2025-06-29 03:00:00,50.1,22.5,166.0,448,15.6,10.5,45.0,47.0,0.0,73,27.2,90,15.7,239,100
2025-06-29 04:00:00,46.2,21.8,168.0,448,14.0,11.1,45.0,48.0,0.0,74,27.2,89,14.8,241,98
2025-06-29 05:00:00,28.8,16.2,201.0,449,16.3,13.9,49.0,21.0,0.0,74,27.5,88,13.2,242,99
2025-06-29 06:00:00,23.2,14.8,295.0,450,17.5,14.9,53.0,17.0,0.05,74,27.8,91,8.1,253,33
2025-06-29 07:00:00,21.0,14.6,421.0,451,18.9,16.3,58.0,12.0,0.35,73,28.2,89,8.3,240,48
2025-06-29 08:00:00,18.1,13.8,497.0,451,18.8,17.4,66.0,7.0,1.5,73,28.9,85,10.1,229,36
2025-06-29 09:00:00,12.4,10.6,477.0,450,15.5,18.2,79.0,4.0,3.9,72,29.2,82,11.7,227,49
2025-06-29 10:00:00,10.3,9.4,406.0,449,10.7,18.7,94.0,2.0,5.5,71,29.6,81,9.4,218,71
2025-06-29 11:00:00,11.2,9.7,344.0,448,6.8,18.3,104.0,2.0,6.45,70,30.1,79,11.1,203,100
2025-06-29 12:00:00,16.1,10.4,308.0,447,4.8,16.1,107.0,5.0,8.7,69,30.0,80,14.4,212,100
2025-06-29 13:00:00,16.3,9.5,280.0,445,3.8,13.0,105.0,11.0,9.2,68,30.3,79,16.3,217,38
2025-06-29 14:00:00,19.5,10.4,265.0,444,3.7,10.9,102.0,15.0,8.2,67,30.2,79,16.9,215,28
2025-06-29 15:00:00,21.2,11.1,264.0,444,4.2,10.6,98.0,16.0,6.05,66,30.2,78,15.1,219,20
2025-06-29 16:00:00,21.8,11.6,276.0,445,5.5,11.2,93.0,16.0,3.25,65,29.9,79,16.7,221,52
2025-06-29 17:00:00,21.9,11.5,304.0,446,10.7,19.0,88.0,18.0,1.0,64,29.5,81,17.1,224,30
2025-06-29 18:00:00,24.3,13.1,364.0,448,16.2,18.9,76.0,17.0,0.35,62,30.1,79,10.1,209,69
2025-06-29 19:00:00,24.7,13.8,439.0,451,23.9,18.7,61.0,15.0,0.05,60,29.5,83,8.0,208,100
2025-06-29 20:00:00,25.0,16.4,483.0,453,29.7,18.2,48.0,14.0,0.0,59,29.1,86,6.7,224,99
2025-06-29 21:00:00,25.0,17.2,472.0,453,32.4,17.2,42.0,13.0,0.0,58,29.0,87,6.6,223,17
2025-06-29 22:00:00,25.6,18.0,430.0,452,33.3,15.9,40.0,11.0,0.0,57,28.9,88,6.7,251,99
2025-06-29 23:00:00,27.2,19.0,377.0,450,32.5,14.6,39.0,13.0,0.0,57,28.7,88,7.8,262,41
2025-06-30 00:00:00,30.3,20.0,311.0,448,29.3,13.4,40.0,18.0,0.0,57,28.2,92,11.0,267,92
2025-06-30 01:00:00,34.8,20.7,236.0,446,24.5,12.3,43.0,25.0,0.0,56,28.2,92,10.3,268,86
2025-06-30 02:00:00,43.8,22.2,181.0,445,20.0,11.4,46.0,37.0,0.0,56,28.3,90,11.4,267,84
2025-06-30 03:00:00,57.4,25.1,157.0,445,16.3,10.8,49.0,57.0,0.0,56,28.4,91,10.5,262,100
2025-06-30 04:00:00,72.9,27.9,153.0,445,13.0,10.4,52.0,81.0,0.0,56,28.5,90,10.2,262,99
2025-06-30 05:00:00,101.0,32.1,172.0,445,9.3,10.2,60.0,126.0,0.0,57,28.5,90,10.7,264,97
2025-06-30 06:00:00,103.1,32.8,234.0,445,10.0,10.6,61.0,124.0,0.05,58,29.1,84,11.9,285,100
2025-06-30 07:00:00,99.7,32.4,318.0,445,10.9,11.2,62.0,122.0,0.35,60,29.5,83,12.6,275,72
2025-06-30 08:00:00,92.4,29.4,365.0,445,10.8,11.7,64.0,114.0,1.2,62,30.1,77,20.1,252,62
2025-06-30 09:00:00,75.2,25.8,336.0,444,8.9,12.0,69.0,97.0,2.9,63,30.4,79,22.1,251,79
2025-06-30 10:00:00,62.9,23.3,270.0,443,6.0,12.2,75.0,75.0,4.65,64,30.8,75,21.9,247,69
2025-06-30 11:00:00,57.0,22.1,219.0,442,3.9,12.2,79.0,59.0,6.55,66,31.1,75,21.3,242,54
2025-06-30 12:00:00,55.3,21.8,202.0,441,3.2,11.8,79.0,54.0,7.05,67,31.4,74,21.0,243,37
2025-06-30 13:00:00,56.5,21.9,200.0,441,3.3,11.1,76.0,56.0,5.85,68,31.6,72,20.5,241,51
2025-06-30 14:00:00,54.8,21.5,207.0,441,3.8,10.5,73.0,56.0,5.55,69,31.4,71,20.9,237,63
2025-06-30 15:00:00,53.9,21.6,224.0,441,4.4,10.2,69.0,53.0,3.95,70,31.2,71,20.1,234,39
2025-06-30 16:00:00,49.8,20.3,249.0,441,5.4,10.1,64.0,50.0,1.9,71,30.8,72,20.6,235,65
2025-06-30 17:00:00,64.5,26.0,275.0,442,6.8,10.7,62.0,64.0,0.95,71,30.5,75,21.4,232,54
2025-06-30 18:00:00,60.1,24.0,304.0,443,11.0,10.7,55.0,58.0,0.25,73,30.5,79,18.5,234,100
2025-06-30 19:00:00,57.3,24.4,333.0,444,16.6,10.7,44.0,49.0,0.0,74,30.1,82,16.0,236,94
2025-06-30 20:00:00,50.1,23.5,345.0,445,20.4,10.6,37.0,42.0,0.0,75,29.6,84,15.4,234,88
2025-06-30 21:00:00,48.5,22.6,329.0,445,20.6,10.3,36.0,40.0,0.0,75,29.5,85,15.3,232,94
2025-06-30 22:00:00,48.7,22.4,296.0,444,18.9,9.9,37.0,41.0,0.0,76,29.2,86,14.9,232,94
2025-06-30 23:00:00,48.0,22.1,260.0,444,16.8,9.3,39.0,41.0,0.0,76,29.0,88,15.2,236,90
2025-07-01 00:00:00,46.2,21.2,219.0,444,14.3,8.5,41.0,39.0,0.0,76,28.9,88,15.1,242,70
2025-07-01 01:00:00,43.3,20.0,175.0,443,11.3,7.6,43.0,36.0,0.0,77,28.6,90,14.8,248,35
2025-07-01 02:00:00,41.0,19.0,144.0,443,9.0,7.0,44.0,35.0,0.0,76,28.4,91,13.4,250,38
2025-07-01 03:00:00,39.5,18.5,131.0,443,7.9,6.8,44.0,34.0,0.0,76,28.3,92,12.4,254,25
2025-07-01 04:00:00,40.6,18.7,131.0,443,7.5,7.0,44.0,35.0,0.0,76,28.3,92,11.5,256,19
2025-07-01 05:00:00,38.9,18.5,146.0,443,6.5,7.1,48.0,32.0,0.0,75,28.1,92,11.4,257,48
2025-07-01 06:00:00,43.1,19.8,189.0,443,8.6,8.0,47.0,39.0,0.05,74,29.0,87,12.7,263,30
2025-07-01 07:00:00,52.2,22.6,246.0,443,11.4,9.3,46.0,48.0,0.25,72,29.5,85,11.6,262,60
2025-07-01 08:00:00,59.1,24.6,282.0,443,12.7,10.6,49.0,59.0,0.9,72,30.0,79,15.2,253,66
2025-07-01 09:00:00,68.7,25.7,273.0,443,10.8,12.0,58.0,72.0,2.25,71,30.5,77,15.7,255,100
2025-07-01 10:00:00,79.2,27.9,243.0,442,7.4,13.4,70.0,86.0,3.75,71,31.5,73,14.2,248,99
2025-07-01 11:00:00,80.8,28.1,220.0,442,4.8,14.2,79.0,94.0,5.2,72,31.9,71,15.0,236,100
2025-07-01 12:00:00,78.2,27.7,217.0,442,3.9,14.1,83.0,90.0,5.95,72,32.0,70,16.2,231,100
2025-07-01 13:00:00,77.1,27.6,222.0,442,3.7,13.3,83.0,80.0,5.7,73,31.5,73,17.6,227,99
2025-07-01 14:00:00,64.0,24.1,232.0,442,4.1,12.7,81.0,70.0,4.7,73,31.0,75,17.7,224,95
2025-07-01 15:00:00,58.7,22.5,247.0,442,4.6,12.4,76.0,64.0,3.2,73,31.3,74,17.4,225,42
2025-07-01 16:00:00,53.1,21.0,268.0,443,5.7,12.1,69.0,59.0,1.8,73,30.9,75,17.6,227,42
2025-07-01 17:00:00,71.9,27.6,292.0,443,8.1,12.7,62.0,75.0,0.8,73,30.1,79,18.3,227,66
2025-07-01 18:00:00,66.4,26.1,327.0,444,12.5,12.5,54.0,66.0,0.25,74,30.2,76,14.3,223,41
2025-07-01 19:00:00,61.9,25.7,364.0,444,18.5,12.3,42.0,54.0,0.0,74,29.8,80,12.0,230,50
2025-07-01 20:00:00,53.0,25.1,381.0,445,22.6,12.0,34.0,45.0,0.0,74,29.4,82,11.4,231,96
2025-07-01 21:00:00,48.7,24.0,363.0,445,23.4,11.7,31.0,42.0,0.0,74,29.1,84,12.8,238,100
2025-07-01 22:00:00,48.2,23.3,323.0,445,22.4,11.4,32.0,41.0,0.0,74,29.0,86,13.1,240,99
2025-07-01 23:00:00,48.7,22.8,281.0,445,20.6,10.9,33.0,41.0,0.0,74,29.0,86,12.6,241,71
2025-07-02 00:00:00,47.8,21.5,235.0,445,17.7,9.9,36.0,41.0,0.0,74,28.5,88,13.0,244,99
2025-07-02 01:00:00,44.9,19.5,187.0,444,14.0,8.8,40.0,41.0,0.0,74,28.2,90,13.1,251,93
2025-07-02 02:00:00,43.2,17.9,152.0,444,10.9,7.9,43.0,41.0,0.0,74,28.1,91,13.2,260,100
2025-07-02 03:00:00,41.8,16.6,137.0,445,9.0,7.4,45.0,41.0,0.0,74,28.1,91,12.5,263,100
2025-07-02 04:00:00,42.8,16.1,137.0,445,7.8,7.1,46.0,42.0,0.0,74,28.0,91,11.2,266,99
2025-07-02 05:00:00,47.6,16.9,151.0,446,7.5,7.4,47.0,52.0,0.0,74,27.9,92,10.3,266,100
2025-07-02 06:00:00,47.7,17.2,193.0,446,9.0,8.6,47.0,58.0,0.05,74,28.6,88,10.3,269,76
2025-07-02 07:00:00,54.9,19.2,251.0,446,11.1,10.4,46.0,66.0,0.3,73,29.1,85,9.2,267,64
2025-07-02 08:00:00,65.2,21.2,286.0,445,11.9,12.0,49.0,77.0,1.05,73,30.1,76,12.1,258,36
2025-07-02 09:00:00,79.6,23.1,276.0,444,10.4,13.3,56.0,92.0,2.15,73,30.9,73,13.4,255,49
2025-07-02 10:00:00,87.1,24.8,243.0,444,7.7,14.5,67.0,108.0,3.65,73,31.4,70,14.4,248,74
2025-07-02 11:00:00,91.7,26.0,219.0,443,5.5,15.2,75.0,119.0,4.2,72,31.5,71,15.2,240,98
2025-07-02 12:00:00,92.2,27.1,215.0,443,4.4,15.2,81.0,120.0,5.6,72,31.6,73,15.0,233,93
2025-07-02 13:00:00,91.7,27.5,219.0,443,3.9,14.7,85.0,115.0,5.55,72,31.5,74,15.7,228,69
2025-07-02 14:00:00,87.1,26.7,229.0,443,4.0,14.2,85.0,109.0,5.2,72,31.5,74,16.3,226,96
2025-07-02 15:00:00,81.3,25.0,244.0,443,4.4,13.7,80.0,102.0,3.7,72,31.4,74,16.7,222,66
2025-07-02 16:00:00,74.3,23.0,266.0,443,5.3,13.1,71.0,93.0,2.0,73,30.9,76,16.8,225,67
2025-07-02 17:00:00,100.8,29.6,290.0,443,8.3,14.6,62.0,127.0,0.7,73,30.5,78,16.8,229,89
2025-07-02 18:00:00,85.9,26.5,325.0,444,12.2,14.2,54.0,112.0,0.2,73,30.4,77,14.8,222,98
2025-07-02 19:00:00,83.8,26.5,362.0,445,17.6,13.6,43.0,91.0,0.0,73,29.6,82,14.3,220,90
2025-07-02 20:00:00,69.4,25.6,381.0,446,21.8,13.1,34.0,75.0,0.0,73,29.5,84,12.7,216,25
2025-07-02 21:00:00,65.2,25.6,368.0,446,23.7,12.9,31.0,67.0,0.0,73,29.5,82,12.7,219,90
2025-07-02 22:00:00,63.8,25.6,337.0,446,24.4,12.7,30.0,64.0,0.0,73,29.2,83,13.0,224,100
2025-07-02 23:00:00,61.9,25.1,299.0,446,24.0,12.3,30.0,62.0,0.0,73,29.0,84,13.0,229,100
2025-07-03 00:00:00,60.3,24.3,254.0,446,21.9,11.4,31.0,60.0,0.0,74,28.8,85,10.7,243,95
2025-07-03 01:00:00,57.6,22.9,202.0,445,18.7,10.2,34.0,58.0,0.0,74,28.5,87,11.4,254,100
2025-07-03 02:00:00,55.9,21.9,165.0,445,16.0,9.4,36.0,57.0,0.0,74,28.2,88,10.9,257,100
2025-07-03 03:00:00,54.9,21.2,134.0,445,14.5,9.0,36.0,55.0,0.0,74,28.1,90,9.5,260,100
2025-07-03 04:00:00,54.0,20.6,118.0,445,13.5,9.0,36.0,53.0,0.0,75,28.1,90,10.1,269,100
2025-07-03 05:00:00,64.5,22.2,155.0,446,11.6,9.7,40.0,74.0,0.0,75,28.1,90,9.5,270,100
2025-07-03 06:00:00,65.9,22.9,309.0,448,13.4,11.7,40.0,83.0,0.0,76,29.1,85,8.8,275,100
2025-07-03 07:00:00,75.0,25.9,517.0,450,15.8,14.5,40.0,96.0,0.2,76,29.0,86,9.9,291,100
2025-07-03 08:00:00,90.6,28.1,632.0,451,16.6,16.9,43.0,111.0,1.0,77,29.3,84,7.1,286,100
2025-07-03 09:00:00,98.0,28.2,560.0,449,14.2,18.6,52.0,129.0,2.05,77,29.9,80,7.4,270,100
2025-07-03 10:00:00,108.7,30.2,394.0,446,10.1,20.0,65.0,149.0,2.85,78,30.6,75,9.9,261,100
2025-07-03 11:00:00,120.6,33.2,267.0,444,7.2,21.1,76.0,161.0,4.45,78,31.7,70,11.6,255,100
2025-07-03 12:00:00,125.7,36.1,233.0,443,6.4,22.1,84.0,161.0,5.2,79,32.5,66,10.5,246,99
2025-07-03 13:00:00,121.5,36.3,238.0,444,6.8,22.9,90.0,154.0,4.2,80,32.5,66,13.3,234,100
2025-07-03 14:00:00,114.3,34.7,254.0,444,7.6,23.0,90.0,146.0,3.1,81,31.5,72,13.5,223,100
2025-07-03 15:00:00,105.2,31.8,274.0,444,8.4,22.0,82.0,139.0,2.25,81,31.5,72,13.2,223,100
2025-07-03 16:00:00,99.7,29.2,304.0,444,9.8,20.2,68.0,130.0,1.1,82,31.2,74,13.5,227,100
2025-07-03 17:00:00,108.5,34.6,337.0,444,14.2,22.3,60.0,133.0,0.4,82,30.5,77,13.2,231,100
2025-07-03 18:00:00,90.3,29.7,378.0,445,18.2,20.7,50.0,117.0,0.2,83,30.5,78,10.7,228,100
2025-07-03 19:00:00,81.7,26.3,421.0,446,23.8,18.4,36.0,94.0,0.0,83,30.1,80,11.0,247,100
2025-07-03 20:00:00,69.2,25.5,441.0,447,28.3,16.5,25.0,77.0,0.0,83,29.9,82,9.5,241,100
2025-07-03 21:00:00,68.0,25.8,424.0,447,31.0,15.7,20.0,70.0,0.0,83,29.7,83,8.4,223,100
2025-07-03 22:00:00,67.8,26.6,384.0,447,32.7,15.3,18.0,67.0,0.0,83,29.5,84,8.3,224,100
2025-07-03 23:00:00,63.8,26.4,339.0,447,32.2,14.5,19.0,65.0,0.0,83,29.5,85,8.9,222,100
2025-07-04 00:00:00,60.3,25.1,290.0,447,28.3,12.8,23.0,61.0,0.0,83,29.3,86,8.2,232,100
2025-07-04 01:00:00,56.7,23.4,236.0,447,22.3,10.8,29.0,57.0,0.0,83,29.1,86,8.6,244,100
2025-07-04 02:00:00,54.9,22.2,196.0,447,17.5,9.4,33.0,56.0,0.0,84,29.0,87,9.2,266,100
2025-07-04 03:00:00,55.9,21.9,171.0,447,14.8,8.9,34.0,58.0,0.0,84,28.9,87,7.6,269,100
2025-07-04 04:00:00,57.6,22.0,160.0,448,13.3,9.0,34.0,62.0,0.0,84,28.9,87,8.9,279,100
2025-07-04 05:00:00,56.5,23.3,179.0,448,16.7,11.9,30.0,56.0,0.0,84,28.6,89,9.4,290,100
2025-07-04 06:00:00,55.5,22.7,261.0,448,16.8,12.8,31.0,59.0,0.05,84,29.0,85,6.4,306,100
2025-07-04 07:00:00,62.6,24.1,374.0,448,16.8,14.1,34.0,64.0,0.35,84,29.1,85,6.5,318,100
2025-07-04 08:00:00,68.2,25.1,436.0,448,15.8,15.5,40.0,75.0,1.35,84,29.7,81,5.6,297,100
2025-07-04 09:00:00,84.3,26.5,396.0,447,13.0,17.1,52.0,98.0,2.9,83,30.9,74,7.2,288,100
2025-07-04 10:00:00,103.4,30.0,306.0,446,9.2,18.7,67.0,126.0,4.4,83,31.6,70,8.7,262,100
2025-07-04 11:00:00,113.9,33.4,240.0,445,6.4,19.8,80.0,146.0,5.15,83,32.5,66,11.2,246,100
2025-07-04 12:00:00,122.9,36.9,229.0,445,5.1,19.9,90.0,149.0,6.5,83,33.1,63,11.5,240,100
2025-07-04 13:00:00,118.0,37.0,241.0,445,4.6,19.5,96.0,143.0,6.15,83,33.0,64,13.1,227,100
2025-07-04 14:00:00,110.1,35.3,258.0,445,5.2,19.2,97.0,136.0,4.65,83,32.0,71,14.9,224,100
2025-07-04 15:00:00,118.0,38.0,274.0,445,6.8,19.2,87.0,132.0,2.6,83,31.9,71,13.5,236,99
2025-07-04 16:00:00,105.0,34.0,294.0,445,9.3,19.3,71.0,128.0,1.25,84,31.8,72,15.1,234,100
2025-07-04 17:00:00,125.3,37.4,315.0,445,10.1,20.1,77.0,162.0,1.05,84,31.0,75,12.7,241,100
2025-07-04 18:00:00,115.9,34.8,342.0,446,16.8,20.0,62.0,142.0,0.3,85,31.1,74,11.1,236,100
2025-07-04 19:00:00,101.0,31.8,369.0,447,26.0,19.7,42.0,115.0,0.0,85,30.4,79,10.6,230,100
2025-07-04 20:00:00,82.0,30.5,377.0,448,32.2,18.9,27.0,92.0,0.0,86,30.0,81,9.5,226,100
2025-07-04 21:00:00,72.4,28.4,353.0,448,32.8,17.2,23.0,78.0,0.0,86,29.6,82,10.7,222,100
2025-07-04 22:00:00,66.6,27.2,310.0,447,30.4,14.9,26.0,68.0,0.0,86,29.5,83,10.3,221,100
2025-07-04 23:00:00,62.9,26.4,270.0,447,27.1,12.9,30.0,63.0,0.0,86,29.3,84,9.2,219,100
2025-07-05 00:00:00,62.6,25.8,239.0,447,22.9,11.3,36.0,62.0,0.0,86,29.3,84,10.3,230,100
2025-07-05 01:00:00,63.3,25.6,212.0,448,17.9,9.9,43.0,66.0,0.0,86,29.2,85,9.5,237,100
2025-07-05 02:00:00,66.6,26.3,190.0,448,13.7,8.8,49.0,70.0,0.0,87,29.1,87,9.1,240,100
2025-07-05 03:00:00,71.7,27.7,169.0,447,11.1,8.0,53.0,74.0,0.0,87,28.9,88,9.2,244,100
2025-07-05 04:00:00,76.4,29.4,153.0,446,9.4,7.6,56.0,79.0,0.0,87,28.8,89,10.0,252,100
2025-07-05 05:00:00,76.1,28.9,160.0,445,9.8,8.8,55.0,84.0,0.0,88,28.6,89,9.8,252,99
2025-07-05 06:00:00,82.0,31.2,215.0,445,10.5,10.2,57.0,99.0,0.05,89,29.4,84,8.7,275,100
2025-07-05 07:00:00,103.4,35.5,293.0,446,11.4,12.1,60.0,119.0,0.35,89,29.7,82,8.7,274,80
2025-07-05 08:00:00,112.2,37.1,340.0,447,11.4,13.7,65.0,136.0,1.25,90,30.6,76,9.7,271,66
2025-07-05 09:00:00,120.6,38.6,325.0,447,9.6,14.9,74.0,147.0,2.95,91,31.8,70,9.7,269,27
2025-07-05 10:00:00,127.1,39.7,279.0,447,6.8,15.7,85.0,155.0,4.7,92,32.9,64,9.7,254,100
2025-07-05 11:00:00,127.1,40.4,242.0,446,4.7,16.2,94.0,159.0,6.1,93,33.7,61,11.2,244,100
2025-07-05 12:00:00,135.0,43.8,230.0,445,3.8,16.0,99.0,156.0,6.95,94,33.8,61,13.0,233,94
2025-07-05 13:00:00,124.3,41.7,228.0,445,3.5,15.3,101.0,149.0,7.45,95,33.5,63,14.3,227,97
2025-07-05 14:00:00,116.4,39.8,231.0,444,3.7,14.8,101.0,141.0,6.9,95,33.5,63,14.9,222,98
2025-07-05 15:00:00,112.2,38.4,242.0,444,4.2,14.9,97.0,135.0,5.25,95,33.0,65,16.6,217,98
2025-07-05 16:00:00,106.4,36.4,259.0,444,5.1,15.1,89.0,130.0,3.0,95,32.5,67,16.2,226,100
2025-07-05 17:00:00,107.3,36.7,269.0,444,7.2,16.1,85.0,129.0,1.25,96,32.3,67,16.6,233,100
2025-07-05 18:00:00,95.7,32.8,266.0,444,11.0,15.3,74.0,115.0,0.35,96,31.2,72,13.4,217,77
2025-07-05 19:00:00,88.2,30.6,258.0,443,16.1,14.1,60.0,95.0,0.05,95,30.5,77,12.6,213,60
2025-07-05 20:00:00,75.2,29.5,251.0,443,19.6,13.0,50.0,80.0,0.0,95,30.1,79,11.7,212,13
2025-07-05 21:00:00,69.8,28.7,254.0,444,20.0,12.1,48.0,74.0,0.0,95,30.0,80,12.9,229,28
2025-07-05 22:00:00,68.0,27.6,258.0,444,18.6,11.4,51.0,72.0,0.0,95,30.0,80,13.5,234,50
2025-07-05 23:00:00,68.0,26.5,252.0,445,16.7,10.5,54.0,71.0,0.0,95,29.9,82,11.6,237,23
2025-07-06 00:00:00,69.2,25.3,223.0,445,14.1,9.4,56.0,72.0,0.0,95,29.6,84,9.9,233,21
2025-07-06 01:00:00,68.9,24.1,183.0,444,10.9,8.2,58.0,74.0,0.0,95,29.5,84,11.6,242,24
2025-07-06 02:00:00,66.8,23.3,153.0,444,8.4,7.4,60.0,75.0,0.0,95,29.2,85,12.8,248,35
2025-07-06 03:00:00,62.4,22.8,138.0,444,7.1,7.2,62.0,71.0,0.0,95,28.9,86,13.7,253,33
2025-07-06 04:00:00,61.0,22.8,134.0,444,6.4,7.4,63.0,65.0,0.0,94,28.8,87,14.9,255,23
2025-07-06 05:00:00,63.8,22.8,147.0,444,6.5,8.2,62.0,71.0,0.0,94,28.7,87,14.2,252,35
2025-07-06 06:00:00,65.0,23.7,193.0,444,8.3,9.5,62.0,76.0,0.05,93,29.8,80,12.2,250,36
2025-07-06 07:00:00,74.0,26.3,255.0,443,10.8,11.2,63.0,82.0,0.35,93,30.1,78,13.9,249,52
2025-07-06 08:00:00,78.0,27.3,293.0,443,11.8,12.7,67.0,88.0,1.25,92,30.5,75,17.7,245,79
2025-07-06 09:00:00,84.1,28.6,282.0,443,10.1,13.6,76.0,91.0,2.7,91,31.1,73,17.1,245,35
2025-07-06 10:00:00,81.3,28.5,247.0,443,7.1,14.3,88.0,94.0,4.3,90,31.8,70,16.8,240,100
2025-07-06 11:00:00,84.3,29.9,220.0,443,4.7,14.6,97.0,96.0,6.15,89,32.3,67,15.4,237,98
2025-07-06 12:00:00,85.7,30.5,212.0,443,3.7,14.5,102.0,98.0,7.2,88,32.3,67,16.3,222,99
2025-07-06 13:00:00,86.4,30.7,213.0,442,3.4,14.0,105.0,99.0,7.4,87,32.2,67,16.1,228,96
2025-07-06 14:00:00,87.1,30.7,218.0,442,3.6,13.6,104.0,100.0,6.25,86,32.4,66,17.8,227,92
2025-07-06 15:00:00,85.7,29.9,230.0,442,4.1,13.3,98.0,102.0,4.05,85,32.0,68,17.0,231,46
2025-07-06 16:00:00,88.2,29.7,248.0,442,5.1,13.1,88.0,105.0,2.3,84,32.2,66,17.5,236,100
2025-07-06 17:00:00,82.0,30.3,262.0,442,8.9,16.4,83.0,90.0,0.85,84,31.5,68,16.1,243,100
2025-07-06 18:00:00,85.4,29.3,271.0,443,12.2,16.0,73.0,90.0,0.3,83,31.1,72,12.5,230,42
2025-07-06 19:00:00,87.5,28.7,278.0,443,16.9,15.6,59.0,90.0,0.0,83,30.6,75,10.7,228,68
2025-07-06 20:00:00,79.9,29.3,280.0,444,21.7,15.2,47.0,89.0,0.0,83,30.2,78,9.7,236,99
2025-07-06 21:00:00,80.3,31.2,278.0,444,27.0,15.3,38.0,86.0,0.0,83,30.0,80,12.1,229,76
2025-07-06 22:00:00,78.9,32.8,271.0,444,32.3,15.5,31.0,83.0,0.0,83,29.6,83,13.1,232,54
2025-07-06 23:00:00,79.2,33.2,256.0,444,34.7,15.2,28.0,80.0,0.0,83,29.4,84,12.0,238,100
2025-07-07 00:00:00,77.3,32.0,226.0,444,32.1,13.8,30.0,79.0,0.0,84,29.2,85,10.6,244,73
2025-07-07 01:00:00,75.0,30.5,189.0,444,26.6,11.8,35.0,78.0,0.0,85,29.1,85,10.3,241,74
2025-07-07 02:00:00,73.8,28.9,161.0,444,21.8,10.3,39.0,78.0,0.0,85,29.0,85,9.2,247,99
2025-07-07 03:00:00,72.2,27.4,139.0,444,19.0,9.3,41.0,76.0,0.0,86,28.9,86,6.8,253,54
2025-07-07 04:00:00,71.7,26.3,127.0,444,16.8,8.7,42.0,74.0,0.0,86,28.6,87,6.3,233,46
2025-07-07 05:00:00,72.6,32.7,156.0,445,33.5,13.8,21.0,70.0,0.0,86,28.6,87,5.9,235,44
2025-07-07 06:00:00,74.7,33.2,266.0,447,29.8,17.5,29.0,87.0,0.05,87,29.0,85,3.8,301,100
2025-07-07 07:00:00,90.8,35.0,416.0,449,24.5,22.5,40.0,111.0,0.3,88,29.4,82,2.9,281,99
2025-07-07 08:00:00,105.5,33.4,515.0,450,19.8,26.6,52.0,128.0,1.0,89,29.9,77,4.0,252,98
2025-07-07 09:00:00,107.3,33.9,515.0,450,16.4,28.8,63.0,131.0,2.25,89,30.5,74,4.2,234,92
2025-07-07 10:00:00,107.1,35.4,463.0,448,13.6,29.9,74.0,128.0,3.15,90,31.5,68,5.1,190,100
2025-07-07 11:00:00,106.9,36.8,409.0,447,11.4,30.3,85.0,125.0,3.8,91,32.4,64,8.1,180,97
2025-07-07 12:00:00,109.2,38.9,364.0,446,9.7,29.8,97.0,127.0,3.7,91,33.0,63,10.0,189,100
2025-07-07 13:00:00,112.0,41.2,318.0,445,8.5,28.5,110.0,129.0,3.9,92,33.0,62,12.0,189,100
2025-07-07 14:00:00,114.6,42.3,290.0,444,8.1,26.8,115.0,130.0,3.15,93,32.6,64,13.3,193,100
2025-07-07 15:00:00,111.5,40.9,297.0,444,8.3,24.4,110.0,128.0,3.15,94,32.0,67,13.0,202,100
2025-07-07 16:00:00,105.9,38.4,323.0,444,9.3,21.6,98.0,123.0,2.15,95,31.9,69,13.3,199,100
2025-07-07 17:00:00,108.3,38.1,339.0,444,9.9,19.5,91.0,126.0,1.0,96,31.5,70,13.5,196,96
2025-07-07 18:00:00,97.3,34.0,326.0,444,14.7,18.5,77.0,117.0,0.2,96,30.7,75,13.3,183,57
2025-07-07 19:00:00,92.2,31.4,302.0,444,21.2,17.2,57.0,105.0,0.0,97,30.0,79,12.5,188,87
2025-07-07 20:00:00,84.1,30.7,295.0,444,26.2,16.0,42.0,96.0,0.0,97,29.9,79,11.1,189,83
2025-07-07 21:00:00,84.8,30.4,326.0,446,28.1,15.4,36.0,94.0,0.0,97,29.8,79,9.7,195,98
2025-07-07 22:00:00,85.4,30.2,374.0,448,28.5,15.0,34.0,95.0,0.0,97,29.8,79,8.5,197,94
2025-07-07 23:00:00,83.8,29.9,395.0,449,28.1,14.4,34.0,95.0,0.0,97,29.5,82,7.3,191,86
2025-07-08 00:00:00,82.0,29.4,365.0,449,26.9,13.4,34.0,93.0,0.0,96,29.2,83,8.8,179,84
2025-07-08 01:00:00,80.3,28.6,308.0,447,24.9,12.2,35.0,91.0,0.0,96,29.0,84,9.2,181,60
2025-07-08 02:00:00,78.7,28.2,257.0,446,23.3,11.5,35.0,90.0,0.0,96,28.9,85,8.3,186,30
2025-07-08 03:00:00,78.5,27.9,211.0,445,22.7,11.1,34.0,88.0,0.0,96,28.8,85,5.7,221,49
2025-07-08 04:00:00,78.5,27.9,171.0,444,22.5,11.2,32.0,86.0,0.0,96,28.6,87,4.6,225,51
2025-07-08 05:00:00,85.9,29.7,175.0,443,22.7,11.9,34.0,100.0,0.0,96,28.5,87,3.8,225,50
2025-07-08 06:00:00,77.8,29.9,265.0,444,21.2,16.7,39.0,116.0,0.0,96,29.1,83,0.9,233,100
2025-07-08 07:00:00,104.3,31.9,400.0,445,19.0,23.3,47.0,137.0,0.3,96,29.5,79,0.9,180,84
2025-07-08 08:00:00,115.7,33.2,493.0,446,16.5,28.1,59.0,149.0,1.4,95,30.3,74,1.8,174,99
2025-07-08 09:00:00,115.9,34.1,506.0,446,13.3,29.6,77.0,145.0,3.5,95,31.0,70,3.3,167,61
2025-07-08 10:00:00,109.0,34.8,477.0,446,9.8,29.4,98.0,132.0,4.85,95,32.1,65,6.5,174,37
2025-07-08 11:00:00,103.6,36.7,437.0,445,7.0,28.2,115.0,120.0,6.2,95,32.9,61,8.8,176,49
2025-07-08 12:00:00,98.3,37.5,387.0,444,5.4,25.8,126.0,111.0,7.25,95,33.4,58,11.0,179,16
2025-07-08 13:00:00,94.8,37.1,325.0,444,4.5,22.5,132.0,104.0,6.8,95,33.7,55,13.0,184,17
2025-07-08 14:00:00,92.2,36.2,284.0,443,4.3,19.9,133.0,100.0,6.2,95,33.0,60,14.2,193,12
2025-07-08 15:00:00,94.5,36.4,282.0,442,4.7,18.8,127.0,104.0,4.9,94,32.8,63,15.4,201,9
2025-07-08 16:00:00,98.5,36.6,299.0,441,5.8,18.3,115.0,112.0,2.75,94,32.3,66,17.0,202,1
2025-07-08 17:00:00,110.4,42.6,309.0,441,8.9,17.1,100.0,123.0,1.15,94,31.6,69,16.5,205,11
2025-07-08 18:00:00,120.1,42.1,299.0,441,14.2,16.3,84.0,125.0,0.3,94,31.2,75,14.2,195,20
2025-07-08 19:00:00,122.0,40.9,282.0,442,21.4,15.2,62.0,128.0,0.05,95,30.5,79,13.7,203,28
2025-07-08 20:00:00,111.8,39.7,265.0,442,26.2,14.1,46.0,131.0,0.0,96,30.3,79,12.3,215,54
2025-07-08 21:00:00,115.9,38.9,251.0,442,26.4,13.1,41.0,136.0,0.0,96,30.1,80,9.5,226,98
2025-07-08 22:00:00,117.6,38.1,238.0,443,24.1,12.1,43.0,142.0,0.0,97,30.0,80,9.9,224,100
2025-07-08 23:00:00,114.8,36.8,222.0,443,21.6,11.2,44.0,141.0,0.0,98,29.9,80,11.8,223,39
2025-07-09 00:00:00,106.4,34.5,200.0,443,19.3,10.3,44.0,128.0,0.0,99,29.7,80,12.9,223,41
2025-07-09 01:00:00,93.4,31.5,176.0,442,16.9,9.5,44.0,109.0,0.0,99,29.5,82,13.0,226,33
2025-07-09 02:00:00,82.2,28.9,160.0,442,15.3,9.1,43.0,93.0,0.0,99,29.1,83,11.5,236,25
2025-07-09 03:00:00,73.8,26.9,149.0,443,15.5,8.9,39.0,82.0,0.0,99,28.7,86,10.3,245,28
2025-07-09 04:00:00,69.4,26.0,145.0,444,16.5,9.0,35.0,74.0,0.0,99,28.6,87,9.4,247,35
2025-07-09 05:00:00,71.2,27.5,170.0,445,19.6,10.9,31.0,76.0,0.0,99,28.3,89,9.0,250,38
2025-07-09 06:00:00,70.1,28.7,254.0,446,18.9,14.7,36.0,90.0,0.05,99,29.0,87,3.5,231,52
2025-07-09 07:00:00,90.6,30.7,366.0,446,17.7,19.9,44.0,110.0,0.35,99,29.4,83,4.5,217,40
2025-07-09 08:00:00,101.0,30.6,431.0,446,16.0,23.5,53.0,125.0,1.15,99,30.3,77,6.6,215,13
2025-07-09 09:00:00,108.0,32.6,405.0,445,13.1,24.0,66.0,129.0,2.5,98,31.2,72,7.7,208,13
2025-07-09 10:00:00,105.9,33.6,333.0,443,9.6,22.9,81.0,129.0,3.7,98,32.0,68,9.2,206,52
2025-07-09 11:00:00,105.9,35.4,275.0,442,7.0,21.4,92.0,126.0,3.75,98,32.6,65,10.0,198,34
2025-07-09 12:00:00,104.1,36.4,254.0,441,5.8,19.8,96.0,122.0,3.8,98,32.7,65,12.2,188,40
2025-07-09 13:00:00,102.9,36.9,248.0,441,5.4,17.9,97.0,117.0,3.85,98,32.6,67,13.2,184,31
2025-07-09 14:00:00,98.3,35.7,252.0,441,5.5,16.4,95.0,112.0,3.0,98,32.2,69,14.7,188,27
2025-07-09 15:00:00,95.9,35.0,269.0,441,5.9,15.8,91.0,110.0,2.6,98,32.2,70,14.4,200,45
2025-07-09 16:00:00,93.6,34.5,296.0,442,6.7,15.6,85.0,108.0,1.6,98,31.6,73,14.4,200,21
2025-07-09 17:00:00,99.9,36.9,314.0,442,9.2,16.9,80.0,112.0,0.75,98,31.5,73,13.5,205,15
2025-07-09 18:00:00,93.8,34.2,314.0,442,13.3,15.8,69.0,106.0,0.2,97,30.7,78,13.2,174,3
2025-07-09 19:00:00,91.3,32.7,305.0,442,19.1,14.2,53.0,98.0,0.0,96,30.2,81,13.5,178,11
2025-07-09 20:00:00,84.3,32.4,292.0,442,24.1,13.1,40.0,92.0,0.0,96,30.1,81,13.4,194,22
2025-07-09 21:00:00,86.8,32.8,275.0,442,28.0,13.0,33.0,91.0,0.0,95,30.1,81,12.5,208,34
2025-07-09 22:00:00,88.2,33.8,253.0,442,31.1,13.3,29.0,93.0,0.0,94,29.9,82,11.7,211,80
2025-07-09 23:00:00,87.3,34.3,230.0,442,31.9,13.2,28.0,93.0,0.0,94,29.7,83,10.3,221,100
2025-07-10 00:00:00,85.2,33.3,203.0,442,28.6,12.0,31.0,91.0,0.0,94,29.4,84,12.1,230,98
2025-07-10 01:00:00,80.3,30.7,174.0,443,22.9,10.4,37.0,87.0,0.0,94,29.1,85,11.6,238,40
2025-07-10 02:00:00,76.6,28.1,154.0,443,18.3,9.2,41.0,84.0,0.0,94,29.0,86,11.0,240,34
2025-07-10 03:00:00,73.6,26.2,143.0,444,16.0,8.6,42.0,79.0,0.0,94,28.8,86,9.2,237,42
2025-07-10 04:00:00,71.2,25.0,142.0,445,14.8,8.4,41.0,75.0,0.0,94,28.6,87,7.9,237,31
2025-07-10 05:00:00,71.2,26.7,161.0,445,17.6,10.2,36.0,78.0,0.0,93,28.4,88,7.7,239,66
2025-07-10 06:00:00,68.7,26.5,220.0,445,16.7,12.4,41.0,90.0,0.0,93,29.2,83,7.0,224,84
2025-07-10 07:00:00,92.0,28.8,299.0,444,15.4,15.4,47.0,107.0,0.25,93,29.5,80,8.7,212,95
2025-07-10 08:00:00,97.1,28.3,349.0,444,13.8,17.7,54.0,122.0,0.85,93,30.0,77,9.2,213,95
2025-07-10 09:00:00,102.0,29.0,341.0,444,11.7,18.5,61.0,133.0,1.55,93,30.8,73,10.5,215,99
2025-07-10 10:00:00,109.0,30.6,303.0,443,9.3,18.5,69.0,143.0,2.35,92,31.2,71,10.6,206,100
2025-07-10 11:00:00,114.8,32.5,271.0,443,7.4,18.3,76.0,149.0,2.7,92,31.7,70,12.1,197,100
2025-07-10 12:00:00,112.7,32.9,257.0,443,6.1,17.8,82.0,149.0,3.75,92,31.5,71,12.8,197,100
2025-07-10 13:00:00,113.9,34.5,248.0,442,5.3,17.1,87.0,146.0,2.9,92,32.0,67,13.4,202,96
2025-07-10 14:00:00,113.2,34.6,251.0,442,5.1,16.6,89.0,143.0,3.95,91,32.1,67,13.5,205,99
2025-07-10 15:00:00,115.3,35.4,271.0,442,5.3,16.6,88.0,142.0,3.65,91,32.2,66,12.2,204,77
2025-07-10 16:00:00,112.5,34.1,301.0,442,6.0,16.7,85.0,141.0,2.1,91,31.6,69,12.7,198,52
2025-07-10 17:00:00,130.4,37.8,326.0,442,8.7,17.2,73.0,169.0,0.7,91,31.0,71,11.0,206,45
2025-07-10 18:00:00,128.1,37.5,339.0,443,14.6,17.2,61.0,158.0,0.2,91,30.6,74,11.7,211,13
2025-07-10 19:00:00,123.4,36.9,346.0,443,22.7,17.2,44.0,142.0,0.0,92,30.0,77,11.1,209,81
2025-07-10 20:00:00,108.5,37.6,349.0,444,28.8,16.9,31.0,127.0,0.0,92,29.7,78,10.0,208,92
2025-07-10 21:00:00,101.3,37.3,353.0,445,31.2,16.0,26.0,115.0,0.0,93,29.6,78,8.6,211,94
2025-07-10 22:00:00,95.5,36.8,353.0,445,31.6,14.8,25.0,104.0,0.0,93,29.6,78,7.8,199,99
2025-07-10 23:00:00,89.2,36.0,336.0,445,30.8,13.6,25.0,93.0,0.0,93,29.5,79,8.3,179,99
2025-07-11 00:00:00,81.5,34.5,287.0,444,28.8,12.4,26.0,82.0,0.0,93,29.4,80,8.6,190,98
2025-07-11 01:00:00,73.6,31.9,220.0,443,25.6,11.1,28.0,72.0,0.0,93,29.3,80,9.5,213,98
2025-07-11 02:00:00,67.1,29.4,171.0,443,22.6,10.2,30.0,63.0,0.0,94,29.2,80,9.8,232,97
2025-07-11 03:00:00,61.0,27.1,146.0,444,20.2,9.5,31.0,56.0,0.0,94,28.9,82,9.7,252,99
2025-07-11 04:00:00,56.8,25.1,139.0,445,18.0,9.0,33.0,50.0,0.0,94,28.4,87,9.8,264,99
2025-07-11 05:00:00,55.8,24.2,159.0,446,15.7,9.8,36.0,52.0,0.0,94,28.3,88,8.1,267,99
2025-07-11 06:00:00,53.7,24.0,235.0,447,15.5,12.6,39.0,59.0,0.0,94,28.7,88,6.1,289,100
2025-07-11 07:00:00,66.8,26.4,339.0,447,15.2,16.4,43.0,69.0,0.3,93,29.1,86,4.9,278,100
2025-07-11 08:00:00,75.7,26.9,401.0,447,14.3,19.3,49.0,82.0,1.05,93,30.0,80,4.9,260,100
2025-07-11 09:00:00,87.3,27.5,380.0,446,12.3,20.6,57.0,100.0,2.25,93,31.1,73,6.3,233,98
2025-07-11 10:00:00,100.1,29.5,317.0,445,9.8,21.1,68.0,121.0,2.8,93,32.2,67,8.5,226,98
2025-07-11 11:00:00,105.2,31.2,267.0,444,7.7,21.0,76.0,133.0,3.1,93,32.8,64,10.3,218,99
2025-07-11 12:00:00,104.8,33.1,251.0,444,6.4,20.3,82.0,131.0,3.65,93,32.5,66,13.6,210,100
2025-07-11 13:00:00,99.7,32.9,248.0,443,5.7,19.1,87.0,121.0,4.3,93,32.3,67,15.7,210,96
2025-07-11 14:00:00,93.8,31.5,251.0,443,5.5,17.9,89.0,111.0,3.45,93,32.3,66,15.6,218,99
2025-07-11 15:00:00,91.7,29.8,260.0,443,5.7,16.9,86.0,105.0,3.5,92,32.1,66,16.0,227,100
2025-07-11 16:00:00,85.2,27.4,274.0,442,6.4,16.1,80.0,101.0,2.15,92,31.9,67,15.9,228,100
2025-07-11 17:00:00,93.1,30.2,283.0,442,8.3,15.8,73.0,113.0,1.0,91,31.3,69,15.7,232,99
2025-07-11 18:00:00,82.7,26.8,283.0,442,12.1,15.5,63.0,100.0,0.3,90,30.9,72,13.1,234,100
2025-07-11 19:00:00,74.0,24.7,279.0,443,17.4,15.0,49.0,81.0,0.0,90,30.2,76,11.5,238,99
2025-07-11 20:00:00,62.4,24.1,272.0,443,21.6,14.5,38.0,66.0,0.0,88,30.0,77,12.2,237,92
2025-07-11 21:00:00,60.1,24.4,264.0,443,24.0,14.1,33.0,59.0,0.0,87,29.8,78,12.9,233,84
2025-07-11 22:00:00,58.3,24.5,254.0,444,25.4,13.7,32.0,56.0,0.0,86,29.6,79,13.4,227,95
2025-07-11 23:00:00,56.8,24.6,237.0,444,25.2,13.1,32.0,54.0,0.0,85,29.4,81,13.6,238,95
2025-07-12 00:00:00,56.2,24.3,207.0,444,22.7,12.0,34.0,53.0,0.0,84,29.1,82,13.0,252,20
2025-07-12 01:00:00,55.1,23.3,170.0,443,18.6,10.6,38.0,53.0,0.0,83,28.8,84,12.3,258,32
2025-07-12 02:00:00,54.8,22.6,145.0,443,15.1,9.5,42.0,54.0,0.0,82,28.7,84,12.9,258,53
2025-07-12 03:00:00,54.4,22.0,134.0,443,12.5,8.6,44.0,53.0,0.0,82,28.5,84,11.8,264,90
2025-07-12 04:00:00,53.9,21.7,134.0,443,10.5,7.9,46.0,53.0,0.0,81,28.5,84,10.5,265,24
2025-07-12 05:00:00,60.1,22.6,153.0,443,10.2,8.1,48.0,65.0,0.0,81,28.5,83,10.6,261,24
2025-07-12 06:00:00,65.4,23.8,210.0,443,11.0,9.7,49.0,72.0,0.0,81,28.4,83,9.9,260,24
2025-07-12 07:00:00,71.9,25.7,285.0,443,12.0,11.9,51.0,83.0,0.25,81,28.9,80,9.9,255,24
2025-07-12 08:00:00,78.7,26.2,330.0,443,12.2,13.8,55.0,94.0,0.85,81,29.9,74,11.2,249,14
2025-07-12 09:00:00,90.1,28.3,314.0,443,10.9,15.1,62.0,105.0,1.7,81,30.9,68,12.5,252,23
2025-07-12 10:00:00,98.5,30.3,268.0,442,8.7,16.2,71.0,117.0,2.35,81,32.0,62,13.6,248,100
2025-07-12 11:00:00,98.3,30.3,233.0,442,7.0,16.6,77.0,124.0,2.8,81,31.9,64,14.0,240,100
2025-07-12 12:00:00,97.1,29.7,224.0,442,6.0,16.1,80.0,125.0,3.15,81,32.0,64,13.5,234,98
2025-07-12 13:00:00,95.2,28.7,225.0,442,5.4,15.1,81.0,122.0,3.05,80,32.0,64,14.4,230,100
2025-07-12 14:00:00,92.4,27.7,232.0,442,5.4,14.2,80.0,117.0,2.55,80,32.0,66,15.7,229,99
2025-07-12 15:00:00,83.6,25.6,248.0,442,5.8,13.8,75.0,110.0,1.45,80,31.5,68,16.1,233,86
2025-07-12 16:00:00,79.2,24.4,270.0,442,6.7,13.6,68.0,100.0,0.9,79,31.7,66,14.9,239,86
2025-07-12 17:00:00,96.6,29.6,283.0,442,8.7,15.9,72.0,122.0,0.5,79,31.9,65,13.6,247,94
2025-07-12 18:00:00,87.1,27.2,277.0,442,13.5,15.6,61.0,106.0,0.2,79,31.0,68,12.9,228,95
2025-07-12 19:00:00,75.7,25.0,261.0,442,19.9,15.1,46.0,84.0,0.0,79,30.2,73,11.4,231,3
2025-07-12 20:00:00,62.4,24.2,249.0,442,23.9,14.3,36.0,66.0,0.0,79,29.6,77,12.6,227,5
2025-07-12 21:00:00,57.3,23.5,248.0,443,23.1,13.0,35.0,58.0,0.0,79,29.4,80,14.2,237,14
2025-07-12 22:00:00,55.1,22.5,251.0,444,19.9,11.5,38.0,55.0,0.0,79,29.1,81,14.5,243,19
2025-07-12 23:00:00,53.8,22.1,243.0,444,16.6,10.2,42.0,53.0,0.0,79,29.0,80,14.6,254,20
2025-07-13 00:00:00,52.9,21.5,212.0,444,13.9,9.2,45.0,52.0,0.0,79,28.9,80,14.1,257,27
2025-07-13 01:00:00,51.7,20.8,170.0,443,11.2,8.5,47.0,52.0,0.0,78,28.9,80,13.3,262,29
2025-07-13 02:00:00,51.1,20.1,141.0,442,9.3,8.1,49.0,52.0,0.0,78,28.6,80,13.3,261,48
2025-07-13 03:00:00,51.5,19.8,131.0,442,8.6,8.1,49.0,51.0,0.0,78,28.4,81,14.9,262,44
2025-07-13 04:00:00,52.2,19.7,134.0,443,8.6,8.3,47.0,51.0,0.0,78,28.2,83,11.8,264,43
2025-07-13 05:00:00,57.2,19.8,150.0,443,7.3,8.7,51.0,65.0,0.0,78,28.2,84,11.0,268,41
2025-07-13 06:00:00,58.4,20.3,193.0,443,8.6,9.9,52.0,73.0,0.0,77,29.0,79,10.3,267,35
2025-07-13 07:00:00,67.5,22.3,251.0,443,10.4,11.5,53.0,85.0,0.25,77,29.2,77,12.7,263,32
2025-07-13 08:00:00,78.0,23.2,285.0,443,11.1,12.9,57.0,97.0,0.95,77,30.0,73,14.6,252,68
2025-07-13 09:00:00,89.9,24.2,273.0,443,9.6,13.7,66.0,110.0,2.3,76,30.6,70,16.1,254,100
2025-07-13 10:00:00,97.3,25.9,238.0,442,7.0,14.3,76.0,125.0,3.55,76,30.9,69,17.2,256,100
2025-07-13 11:00:00,100.4,27.4,214.0,442,5.1,14.5,84.0,134.0,4.1,76,31.5,66,16.3,256,100
2025-07-13 12:00:00,104.5,28.3,213.0,442,4.5,14.2,86.0,136.0,4.05,75,31.7,66,16.5,257,100
2025-07-13 13:00:00,103.4,28.5,223.0,442,4.4,13.4,84.0,133.0,3.75,75,32.2,65,16.7,252,100
2025-07-13 14:00:00,98.3,27.5,235.0,442,4.7,12.8,81.0,130.0,3.75,75,31.8,67,17.0,247,100
2025-07-13 15:00:00,102.0,28.2,252.0,442,4.9,12.4,78.0,129.0,3.4,75,31.9,67,16.6,240,96
2025-07-13 16:00:00,99.4,27.1,272.0,442,5.4,12.0,75.0,129.0,1.95,76,31.0,71,17.7,229,78
2025-07-13 17:00:00,109.2,29.2,283.0,442,6.9,12.8,74.0,147.0,0.85,76,30.6,73,17.3,235,90
2025-07-13 18:00:00,102.0,28.0,279.0,442,10.5,12.4,65.0,133.0,0.25,76,30.2,72,17.2,233,98
2025-07-13 19:00:00,96.6,27.7,266.0,443,15.5,11.8,53.0,113.0,0.0,76,29.6,76,15.0,230,17
2025-07-13 20:00:00,81.0,27.6,253.0,443,18.6,11.2,45.0,96.0,0.0,76,29.4,78,15.9,236,33
2025-07-13 21:00:00,76.1,26.6,244.0,443,18.3,10.7,43.0,86.0,0.0,76,29.3,79,16.3,242,17
2025-07-13 22:00:00,68.0,24.3,234.0,443,16.2,10.1,45.0,79.0,0.0,77,29.1,80,16.7,254,48
2025-07-13 23:00:00,65.7,22.9,221.0,443,13.9,9.6,47.0,75.0,0.0,77,28.8,83,16.6,257,29
2025-07-14 00:00:00,64.3,22.1,199.0,443,11.9,9.0,49.0,75.0,0.0,77,28.5,85,14.4,260,18
2025-07-14 01:00:00,65.2,21.6,172.0,443,9.8,8.5,51.0,78.0,0.0,77,28.4,86,13.8,261,27
2025-07-14 02:00:00,65.7,21.1,152.0,443,8.1,8.1,53.0,79.0,0.0,77,28.1,87,14.1,263,25
2025-07-14 03:00:00,64.7,20.6,138.0,443,7.0,7.8,54.0,77.0,0.0,77,28.1,87,13.5,266,29
2025-07-14 04:00:00,64.0,20.3,130.0,444,6.4,7.7,54.0,73.0,0.0,77,28.0,87,13.3,268,16
2025-07-14 05:00:00,61.7,20.0,140.0,444,6.5,8.1,55.0,73.0,0.0,77,28.0,87,12.8,267,21
2025-07-14 06:00:00,59.3,19.5,185.0,444,7.6,8.9,55.0,77.0,0.0,77,28.5,87,13.3,267,60
2025-07-14 07:00:00,63.8,20.4,248.0,443,9.1,10.1,56.0,83.0,0.3,77,28.8,85,14.6,261,73
2025-07-14 08:00:00,73.3,21.8,286.0,443,9.6,11.1,59.0,92.0,0.95,77,29.5,80,16.6,260,96
2025-07-14 09:00:00,85.2,24.2,273.0,443,8.3,11.8,66.0,104.0,2.0,77,30.5,73,17.4,262,100
2025-07-14 10:00:00,89.4,25.1,235.0,442,6.1,12.4,76.0,119.0,3.25,77,31.2,70,18.2,262,100
2025-07-14 11:00:00,101.5,27.7,207.0,442,4.4,12.9,84.0,136.0,4.75,77,31.7,67,18.1,264,100
2025-07-14 12:00:00,112.2,29.5,203.0,442,3.6,13.2,91.0,160.0,5.75,77,32.1,66,17.9,261,100
2025-07-14 13:00:00,124.3,31.3,209.0,442,3.3,13.4,96.0,187.0,6.35,77,32.1,66,17.5,256,97
2025-07-14 14:00:00,139.7,33.5,220.0,442,3.5,13.5,97.0,199.0,5.7,77,32.3,66,18.0,251,99
2025-07-14 15:00:00,126.2,32.1,240.0,442,4.1,13.4,92.0,188.0,4.1,78,31.9,69,17.9,244,100
2025-07-14 16:00:00,114.3,30.4,266.0,442,5.2,13.1,83.0,163.0,2.4,78,31.0,72,17.2,238,72
2025-07-14 17:00:00,111.1,31.1,280.0,442,7.4,14.9,78.0,147.0,1.05,78,30.9,72,16.3,235,45
2025-07-14 18:00:00,100.6,29.1,270.0,442,10.7,14.3,68.0,129.0,0.3,78,30.5,75,17.4,220,70
2025-07-14 19:00:00,92.2,27.6,248.0,442,15.3,13.3,55.0,104.0,0.0,79,29.8,78,15.7,230,16
2025-07-14 20:00:00,73.3,25.6,234.0,442,18.3,12.4,45.0,84.0,0.0,79,29.6,78,16.4,230,31
2025-07-14 21:00:00,68.2,24.3,240.0,443,18.4,11.4,43.0,75.0,0.0,78,29.2,81,15.2,234,52
2025-07-14 22:00:00,65.0,23.3,252.0,443,16.9,10.4,45.0,72.0,0.0,78,29.1,80,13.4,242,59
2025-07-14 23:00:00,63.6,22.9,253.0,444,15.4,9.6,47.0,70.0,0.0,78,28.9,81,12.1,245,55
2025-07-15 00:00:00,64.3,23.4,229.0,444,14.3,9.3,47.0,67.0,0.0,78,28.6,83,14.3,259,48
2025-07-15 01:00:00,61.2,23.1,192.0,444,13.2,9.2,47.0,64.0,0.0,78,28.4,85,13.8,264,50
2025-07-15 02:00:00,58.9,22.4,163.0,444,12.1,9.1,47.0,62.0,0.0,78,28.1,87,11.4,263,86
2025-07-15 03:00:00,58.0,21.9,142.0,444,10.6,8.6,47.0,60.0,0.0,78,28.0,87,11.5,256,78
2025-07-15 04:00:00,57.0,21.5,128.0,444,9.1,8.1,48.0,58.0,0.0,79,27.9,87,12.1,263,97
2025-07-15 05:00:00,60.8,22.2,137.0,444,9.4,8.9,47.0,67.0,0.0,79,27.8,88,10.8,271,85
2025-07-15 06:00:00,63.8,23.3,192.0,444,10.4,10.7,48.0,80.0,0.0,79,28.6,83,8.6,278,95
2025-07-15 07:00:00,75.7,26.7,269.0,444,11.6,13.3,51.0,97.0,0.25,79,29.0,79,9.1,263,100
2025-07-15 08:00:00,92.4,29.3,316.0,444,11.8,15.4,56.0,112.0,0.95,80,29.8,73,9.9,258,100
2025-07-15 09:00:00,103.4,31.7,301.0,443,10.0,16.7,67.0,122.0,2.1,80,31.0,67,11.2,252,98
2025-07-15 10:00:00,106.6,33.8,255.0,443,7.2,17.6,82.0,130.0,3.6,81,31.7,63,12.4,246,100
2025-07-15 11:00:00,109.4,36.2,221.0,442,5.0,17.9,92.0,133.0,5.15,82,32.2,60,13.1,241,100
2025-07-15 12:00:00,108.7,37.5,217.0,442,4.1,17.2,96.0,129.0,5.85,83,32.2,60,13.8,238,100
2025-07-15 13:00:00,102.2,36.0,226.0,442,3.8,16.0,96.0,120.0,5.8,83,32.2,60,14.0,235,100
2025-07-15 14:00:00,95.5,33.4,237.0,442,4.3,15.1,93.0,112.0,4.5,84,31.9,63,15.0,224,100
2025-07-15 15:00:00,90.8,31.1,251.0,442,5.5,15.2,86.0,106.0,2.9,84,31.5,65,15.8,227,100
2025-07-15 16:00:00,85.7,28.8,268.0,442,7.5,15.7,75.0,101.0,1.65,84,31.5,65,15.7,232,96
2025-07-15 17:00:00,101.7,34.6,278.0,442,10.1,15.7,64.0,119.0,0.85,84,31.2,67,15.3,236,100
2025-07-15 18:00:00,95.9,33.3,275.0,442,13.9,15.4,56.0,107.0,0.25,84,30.3,70,12.6,256,100
2025-07-15 19:00:00,91.3,32.7,266.0,443,19.0,14.8,45.0,89.0,0.0,84,29.8,73,13.2,231,100
2025-07-15 20:00:00,75.7,31.2,259.0,443,22.4,14.1,37.0,76.0,0.0,85,29.1,78,14.5,231,90
2025-07-15 21:00:00,71.7,30.3,263.0,443,22.6,13.0,35.0,70.0,0.0,85,29.0,78,11.8,237,85
2025-07-15 22:00:00,69.6,29.4,270.0,444,21.1,11.7,37.0,68.0,0.0,86,28.9,79,12.6,243,43
2025-07-15 23:00:00,69.2,29.1,265.0,444,19.2,10.6,39.0,67.0,0.0,86,28.8,80,11.5,240,85
2025-07-16 00:00:00,70.1,29.2,235.0,444,17.3,10.0,41.0,67.0,0.0,87,28.6,80,10.9,243,96
2025-07-16 01:00:00,69.8,28.3,192.0,444,15.0,9.7,42.0,69.0,0.0,87,28.4,81,10.7,256,97
2025-07-16 02:00:00,68.2,27.3,161.0,444,13.1,9.5,44.0,69.0,0.0,88,28.2,82,10.1,258,92
2025-07-16 03:00:00,66.1,26.4,147.0,444,11.5,9.2,45.0,66.0,0.0,88,28.0,83,9.3,257,100
2025-07-16 04:00:00,64.5,25.6,146.0,445,10.3,9.0,46.0,63.0,0.0,89,27.9,84,8.2,260,100
2025-07-16 05:00:00,62.9,25.0,164.0,445,9.8,9.9,47.0,64.0,0.0,89,27.7,85,8.1,267,99
2025-07-16 06:00:00,64.7,25.6,221.0,445,10.1,11.4,49.0,72.0,0.0,89,28.4,80,6.7,264,100
2025-07-16 07:00:00,79.9,28.3,298.0,444,10.5,13.4,53.0,82.0,0.25,89,28.8,77,8.7,262,100
2025-07-16 08:00:00,78.7,27.1,345.0,444,10.2,14.9,58.0,90.0,1.0,90,29.5,73,9.4,246,100
2025-07-16 09:00:00,90.1,29.3,332.0,444,8.8,15.4,66.0,94.0,2.15,89,30.2,69,9.9,235,100
2025-07-16 10:00:00,82.4,27.1,288.0,443,6.7,15.3,77.0,96.0,3.85,89,30.9,65,11.2,228,100
2025-07-16 11:00:00,79.9,26.6,252.0,443,5.1,14.9,84.0,95.0,4.6,89,31.5,63,11.6,229,98
2025-07-16 12:00:00,75.9,25.9,236.0,443,4.1,14.2,87.0,92.0,5.15,88,32.1,60,13.6,224,70
2025-07-16 13:00:00,72.6,25.4,227.0,442,3.6,13.2,87.0,86.0,5.9,87,32.0,61,15.4,224,60
2025-07-16 14:00:00,70.5,24.9,226.0,442,3.5,12.4,85.0,81.0,5.1,86,32.0,62,16.3,222,48
2025-07-16 15:00:00,69.2,24.1,238.0,442,3.9,12.1,80.0,76.0,3.7,85,32.0,62,16.6,227,57
2025-07-16 16:00:00,66.8,23.3,258.0,442,4.7,11.9,72.0,72.0,2.05,84,31.8,64,16.5,226,86
2025-07-16 17:00:00,81.3,28.2,272.0,442,6.6,12.1,64.0,93.0,0.85,84,31.3,67,15.7,226,57
2025-07-16 18:00:00,83.8,29.2,276.0,442,10.7,12.6,56.0,87.0,0.2,83,30.6,69,13.3,220,4
2025-07-16 19:00:00,82.0,30.2,274.0,443,16.4,13.3,45.0,79.0,0.0,83,30.0,72,12.9,220,45
2025-07-16 20:00:00,73.6,30.6,270.0,443,21.0,13.8,36.0,73.0,0.0,83,29.5,76,11.7,225,35
2025-07-16 21:00:00,75.2,32.2,266.0,443,24.0,14.0,31.0,73.0,0.0,83,29.2,78,11.5,219,4
2025-07-16 22:00:00,78.5,34.0,259.0,443,25.9,13.9,29.0,75.0,0.0,83,29.0,79,11.1,219,29
2025-07-16 23:00:00,80.6,34.8,246.0,443,26.1,13.5,29.0,76.0,0.0,83,28.9,80,12.1,220,22
2025-07-17 00:00:00,78.2,33.6,220.0,443,23.5,12.5,31.0,75.0,0.0,84,28.5,82,12.6,232,27
2025-07-17 01:00:00,75.2,31.8,189.0,444,19.2,11.1,36.0,74.0,0.0,84,28.5,82,11.1,238,13
2025-07-17 02:00:00,72.4,29.9,166.0,444,15.7,10.0,39.0,72.0,0.0,84,28.4,82,10.8,249,25
2025-07-17 03:00:00,70.8,28.5,154.0,444,13.8,9.2,39.0,68.0,0.0,85,28.5,81,8.0,264,27
2025-07-17 04:00:00,68.5,27.4,151.0,445,12.6,8.7,39.0,64.0,0.0,85,28.3,81,6.3,252,30
2025-07-17 05:00:00,66.1,26.1,168.0,445,10.3,8.5,42.0,68.0,0.0,85,28.1,82,6.3,250,97
2025-07-17 06:00:00,66.1,26.5,228.0,445,10.8,10.5,44.0,79.0,0.0,85,28.8,82,8.4,235,100
2025-07-17 07:00:00,83.4,30.0,308.0,444,11.4,13.2,48.0,94.0,0.15,85,29.4,76,10.2,228,97
2025-07-17 08:00:00,91.7,31.2,354.0,444,11.4,15.2,52.0,105.0,0.55,85,29.3,77,12.9,221,63
2025-07-17 09:00:00,88.9,30.3,332.0,443,10.1,15.9,57.0,108.0,1.25,86,29.9,76,13.0,223,36
2025-07-17 10:00:00,88.5,29.4,276.0,443,8.1,15.9,64.0,106.0,2.0,86,30.9,70,12.9,222,32
2025-07-17 11:00:00,87.1,29.0,233.0,442,6.4,15.8,70.0,103.0,3.15,86,31.5,67,13.0,222,99
2025-07-17 12:00:00,81.3,28.2,223.0,442,5.3,15.6,77.0,100.0,4.65,86,31.4,68,13.3,220,94
2025-07-17 13:00:00,82.4,28.2,226.0,442,4.4,15.2,85.0,96.0,5.25,86,31.7,67,14.6,213,97
2025-07-17 14:00:00,79.6,27.5,234.0,442,4.1,14.9,88.0,93.0,4.55,87,31.0,71,16.5,214,100
2025-07-17 15:00:00,75.0,26.7,247.0,442,4.4,14.6,85.0,91.0,3.8,87,30.9,72,16.2,217,100
2025-07-17 16:00:00,73.6,25.8,265.0,442,5.2,14.3,79.0,89.0,2.2,87,30.8,72,15.8,214,99
2025-07-17 17:00:00,83.8,28.5,281.0,442,6.8,14.9,73.0,98.0,0.9,87,30.2,74,14.7,215,89
2025-07-17 18:00:00,79.9,27.3,293.0,442,9.2,15.4,64.0,93.0,0.2,87,30.1,75,12.3,214,95
2025-07-17 19:00:00,74.5,26.4,302.0,443,12.5,16.1,52.0,85.0,0.0,87,29.5,78,11.9,218,81
2025-07-17 20:00:00,71.7,26.4,309.0,443,15.2,16.5,42.0,78.0,0.0,87,29.3,78,11.4,215,100
2025-07-17 21:00:00,69.4,26.1,318.0,444,16.6,16.5,38.0,71.0,0.0,86,29.2,77,12.0,213,100
2025-07-17 22:00:00,64.7,25.7,324.0,444,17.3,16.2,37.0,64.0,0.0,86,29.1,77,12.4,208,100
2025-07-17 23:00:00,60.3,25.3,316.0,445,17.4,15.4,37.0,58.0,0.0,85,29.0,77,12.0,213,100
2025-07-18 00:00:00,56.7,24.6,279.0,445,16.6,13.8,37.0,54.0,0.0,84,29.0,76,11.5,228,100
2025-07-18 01:00:00,54.0,23.8,228.0,445,15.1,11.9,38.0,51.0,0.0,84,28.9,77,9.6,242,99
2025-07-18 02:00:00,52.3,23.4,189.0,445,14.0,10.4,38.0,48.0,0.0,83,28.8,77,9.7,255,100
2025-07-18 03:00:00,51.0,23.1,169.0,446,13.6,9.6,37.0,45.0,0.0,82,28.4,79,10.2,263,100
2025-07-18 04:00:00,48.4,22.5,162.0,447,13.5,9.4,35.0,42.0,0.0,82,28.2,80,9.0,271,100
2025-07-18 05:00:00,53.4,24.8,177.0,447,16.0,11.4,31.0,48.0,0.0,81,28.0,81,7.6,266,86
2025-07-18 06:00:00,56.8,25.3,235.0,447,14.7,13.9,36.0,54.0,0.0,81,28.9,77,5.9,268,100
2025-07-18 07:00:00,65.7,26.2,315.0,446,12.8,17.2,42.0,63.0,0.35,81,29.2,74,6.1,273,100
2025-07-18 08:00:00,66.8,25.3,360.0,445,10.9,19.3,50.0,72.0,1.25,81,30.0,69,7.9,258,71
2025-07-18 09:00:00,70.5,25.7,336.0,444,8.8,18.8,60.0,79.0,2.75,80,31.0,64,9.1,252,33
2025-07-18 10:00:00,73.6,26.4,277.0,443,6.6,16.9,71.0,85.0,4.25,80,32.0,59,9.5,245,100
2025-07-18 11:00:00,77.8,27.2,233.0,442,5.0,15.5,79.0,91.0,4.95,80,32.8,56,10.7,245,97
2025-07-18 12:00:00,83.1,28.5,222.0,441,4.5,15.3,83.0,97.0,5.65,79,33.2,55,12.3,235,95
2025-07-18 13:00:00,87.1,29.6,225.0,441,4.6,15.5,84.0,101.0,4.3,79,33.2,55,14.0,222,88
2025-07-18 14:00:00,87.1,30.3,233.0,441,4.9,15.7,83.0,103.0,4.2,80,32.7,57,14.7,213,100
2025-07-18 15:00:00,83.8,29.8,248.0,441,5.2,15.8,81.0,100.0,3.45,80,32.2,60,14.7,213,93
2025-07-18 16:00:00,81.0,28.8,269.0,442,5.8,15.9,78.0,93.0,2.55,80,31.8,62,14.0,215,100
2025-07-18 17:00:00,84.8,30.5,284.0,442,7.1,17.3,82.0,97.0,1.25,80,31.4,64,13.4,219,100
2025-07-18 18:00:00,80.1,27.6,289.0,442,9.5,16.4,71.0,91.0,0.35,81,31.0,66,12.7,231,100
2025-07-18 19:00:00,73.1,25.1,288.0,443,12.7,15.1,55.0,83.0,0.0,81,30.4,70,11.9,236,100
2025-07-18 20:00:00,66.8,23.9,278.0,443,14.6,14.0,44.0,76.0,0.0,80,29.9,74,11.3,237,90
2025-07-18 21:00:00,66.6,23.7,254.0,443,14.1,13.4,42.0,74.0,0.0,80,29.6,75,11.4,232,100
2025-07-18 22:00:00,68.0,24.2,222.0,442,12.3,13.0,44.0,73.0,0.0,80,29.3,77,11.5,231,100
2025-07-18 23:00:00,64.5,23.9,193.0,442,10.6,12.3,46.0,70.0,0.0,80,29.1,78,12.4,237,100
2025-07-19 00:00:00,60.8,23.5,172.0,442,9.5,11.1,47.0,62.0,0.0,80,29.0,78,14.1,247,100
2025-07-19 01:00:00,50.8,21.0,154.0,443,8.5,9.6,47.0,52.0,0.0,80,28.9,79,13.0,259,100
2025-07-19 02:00:00,46.9,20.0,140.0,443,7.8,8.6,47.0,45.0,0.0,79,28.9,78,13.7,268,83
2025-07-19 03:00:00,48.4,20.3,125.0,443,7.3,8.2,46.0,43.0,0.0,79,28.6,80,14.4,269,99
2025-07-19 04:00:00,45.8,19.9,115.0,442,7.0,8.2,46.0,43.0,0.0,79,28.4,83,13.4,276,100
2025-07-19 05:00:00,52.2,21.2,125.0,442,7.2,10.3,47.0,53.0,0.0,79,28.1,85,13.2,277,100
2025-07-19 06:00:00,55.4,21.5,176.0,442,8.2,11.0,47.0,57.0,0.0,78,29.0,80,12.8,284,100
2025-07-19 07:00:00,58.0,22.2,248.0,443,9.4,12.0,47.0,62.0,0.15,78,29.0,79,13.6,281,98
2025-07-19 08:00:00,63.6,23.9,291.0,443,9.8,13.0,50.0,70.0,0.9,78,29.6,75,15.0,284,83
2025-07-19 09:00:00,78.9,27.8,276.0,443,8.5,14.0,60.0,82.0,2.45,78,30.6,71,13.5,275,48
2025-07-19 10:00:00,80.6,28.2,232.0,442,6.4,15.0,73.0,97.0,3.2,78,31.8,65,14.6,269,33
2025-07-19 11:00:00,88.9,30.6,199.0,442,4.9,15.7,82.0,106.0,5.45,78,32.4,63,14.8,260,41
2025-07-19 12:00:00,92.0,31.9,191.0,442,4.5,15.9,85.0,106.0,5.95,78,32.8,62,16.2,253,78
2025-07-19 13:00:00,88.9,31.4,194.0,442,4.6,15.8,84.0,101.0,5.45,78,32.9,62,16.9,254,100
2025-07-19 14:00:00,82.4,29.7,204.0,442,5.3,15.5,80.0,96.0,3.7,79,33.0,61,16.9,253,50
2025-07-19 15:00:00,77.5,27.8,228.0,442,6.7,15.1,72.0,91.0,2.0,79,32.8,62,17.1,243,100
2025-07-19 16:00:00,72.9,26.4,259.0,443,8.7,14.6,61.0,86.0,1.2,78,31.3,68,16.9,237,100
2025-07-19 17:00:00,72.2,26.4,277.0,443,10.1,15.6,55.0,82.0,0.55,78,31.0,68,17.3,239,100
2025-07-19 18:00:00,68.9,25.8,272.0,443,11.1,14.7,52.0,79.0,0.2,78,30.1,72,18.0,244,100
2025-07-19 19:00:00,66.1,25.5,253.0,443,12.4,13.4,49.0,75.0,0.0,78,29.9,74,16.1,248,100
2025-07-19 20:00:00,65.4,25.4,234.0,443,13.1,12.3,46.0,70.0,0.0,78,29.6,76,18.3,239,100
2025-07-19 21:00:00,57.7,24.0,217.0,443,12.6,11.7,46.0,65.0,0.0,78,29.2,79,17.8,240,100
2025-07-19 22:00:00,57.9,23.5,200.0,443,11.5,11.3,47.0,59.0,0.0,78,29.0,80,16.1,263,100
2025-07-19 23:00:00,55.3,23.1,184.0,443,10.5,10.9,48.0,55.0,0.0,78,28.9,81,16.5,262,99
2025-07-20 00:00:00,58.0,24.3,171.0,443,9.9,10.3,48.0,52.0,0.0,78,28.7,82,14.7,262,99
2025-07-20 01:00:00,55.6,23.7,159.0,443,9.5,9.7,47.0,50.0,0.0,78,28.6,82,15.4,263,100
2025-07-20 02:00:00,51.5,22.3,151.0,443,9.1,9.1,46.0,49.0,0.0,78,28.4,84,15.2,260,100
2025-07-20 03:00:00,48.3,21.1,139.0,443,8.4,8.4,46.0,48.0,0.0,78,28.1,85,15.4,259,100
2025-07-20 04:00:00,49.1,20.8,130.0,444,7.7,7.9,45.0,47.0,0.0,78,28.1,86,13.6,264,100
2025-07-20 05:00:00,43.0,19.3,146.0,444,9.0,8.6,43.0,40.0,0.0,78,28.0,86,13.5,270,100
2025-07-20 06:00:00,46.0,19.8,217.0,444,9.7,9.4,44.0,47.0,0.0,78,28.5,84,10.6,279,100
2025-07-20 07:00:00,55.4,22.1,313.0,444,10.7,10.6,46.0,58.0,0.2,78,28.8,82,11.9,273,100
2025-07-20 08:00:00,64.0,24.7,370.0,444,11.0,11.8,49.0,68.0,1.05,78,29.0,80,13.2,276,100
2025-07-20 09:00:00,73.6,26.9,348.0,443,9.9,13.2,55.0,77.0,2.35,78,29.5,77,13.5,278,100
2025-07-20 10:00:00,80.1,28.6,286.0,443,8.1,14.6,61.0,85.0,2.6,78,30.0,73,13.7,274,100
2025-07-20 11:00:00,79.2,28.5,238.0,442,6.9,15.8,66.0,91.0,2.2,78,30.8,69,14.2,261,100
2025-07-20 12:00:00,79.2,28.8,226.0,442,6.7,16.4,67.0,94.0,2.6,78,31.2,67,13.5,260,93
2025-07-20 13:00:00,80.3,29.2,228.0,442,6.9,16.8,67.0,94.0,2.65,78,32.1,62,13.6,253,100
2025-07-20 14:00:00,82.2,29.6,236.0,442,7.5,17.1,65.0,94.0,1.6,77,31.9,63,13.4,248,100
2025-07-20 15:00:00,82.7,29.6,251.0,442,8.2,17.6,62.0,94.0,1.65,77,31.2,67,13.8,242,99
2025-07-20 16:00:00,81.3,28.9,272.0,442,9.2,18.0,59.0,94.0,1.2,78,31.4,66,13.0,242,100
2025-07-20 17:00:00,78.5,28.5,291.0,442,11.5,19.8,55.0,89.0,0.7,78,30.5,70,13.5,240,87
2025-07-20 18:00:00,76.6,27.5,305.0,443,13.2,19.1,51.0,83.0,0.2,78,30.4,73,12.0,227,97
2025-07-20 19:00:00,72.4,26.5,317.0,443,15.6,18.0,45.0,75.0,0.0,78,30.1,74,11.7,229,100
2025-07-20 20:00:00,63.3,24.8,321.0,444,17.4,16.9,40.0,67.0,0.0,78,29.8,76,12.9,235,94
2025-07-20 21:00:00,57.4,24.4,316.0,444,18.4,15.9,38.0,60.0,0.0,78,29.5,78,11.9,229,94
2025-07-20 22:00:00,54.6,23.9,303.0,444,18.8,14.9,38.0,53.0,0.0,78,29.4,79,11.7,225,86
2025-07-20 23:00:00,53.1,23.8,281.0,444,18.4,13.9,39.0,49.0,0.0,78,29.3,80,11.6,223,89
2025-07-21 00:00:00,52.5,23.5,244.0,444,16.6,12.7,41.0,51.0,0.0,78,29.0,82,11.6,235,85
2025-07-21 01:00:00,52.4,23.0,198.0,443,13.9,11.4,44.0,55.0,0.0,78,28.9,83,11.6,237,92
2025-07-21 02:00:00,58.1,24.7,164.0,443,11.7,10.3,46.0,57.0,0.0,78,28.5,86,11.8,251,97
2025-07-21 03:00:00,52.7,23.3,146.0,443,10.4,9.4,46.0,52.0,0.0,78,27.9,91,11.4,257,92
2025-07-21 04:00:00,48.3,21.7,141.0,444,9.5,8.6,45.0,45.0,0.0,79,27.6,93,10.4,272,64
2025-07-21 05:00:00,45.8,20.8,157.0,444,11.7,9.2,39.0,42.0,0.0,79,27.6,93,8.8,281,94
2025-07-21 06:00:00,46.8,21.5,215.0,444,13.0,11.0,40.0,46.0,0.0,79,28.9,81,9.7,268,97
2025-07-21 07:00:00,50.8,23.7,293.0,443,14.6,13.6,41.0,52.0,0.2,79,29.1,80,9.4,262,55
2025-07-21 08:00:00,59.4,25.0,341.0,443,15.1,15.7,44.0,58.0,0.55,79,29.9,74,9.8,263,60
2025-07-21 09:00:00,63.1,25.7,326.0,443,13.5,16.9,51.0,64.0,1.35,79,30.5,71,10.3,251,74
2025-07-21 10:00:00,69.2,28.9,280.0,442,10.8,17.7,60.0,70.0,2.0,79,31.1,68,10.6,236,90
2025-07-21 11:00:00,73.6,29.8,246.0,442,8.5,18.0,68.0,76.0,3.55,79,31.9,66,11.4,241,99
2025-07-21 12:00:00,78.9,31.7,240.0,442,6.9,17.6,74.0,81.0,5.55,79,32.0,66,12.9,231,99
2025-07-21 13:00:00,85.4,34.3,245.0,442,5.6,16.7,79.0,86.0,3.8,79,32.2,65,13.5,224,52
2025-07-21 14:00:00,83.4,33.1,255.0,442,5.0,16.0,82.0,89.0,4.0,80,32.0,66,16.1,222,27
2025-07-21 15:00:00,81.3,32.6,268.0,442,5.1,15.8,81.0,91.0,3.95,80,31.6,66,16.3,228,98
2025-07-21 16:00:00,79.4,31.5,284.0,442,6.0,15.7,78.0,91.0,2.5,80,31.5,66,15.1,229,96
2025-07-21 17:00:00,97.8,37.3,300.0,443,8.3,17.5,82.0,109.0,1.15,81,31.0,68,14.8,231,83
2025-07-21 18:00:00,95.0,36.1,313.0,444,13.4,17.3,69.0,97.0,0.35,81,30.6,72,11.7,229,100
2025-07-21 19:00:00,86.4,33.9,325.0,445,20.3,17.0,52.0,81.0,0.0,82,30.0,76,11.2,228,100
2025-07-21 20:00:00,71.0,32.0,334.0,446,25.2,16.4,39.0,68.0,0.0,83,29.7,78,10.9,225,83
2025-07-21 21:00:00,66.8,30.9,344.0,447,26.2,15.5,34.0,61.0,0.0,84,29.5,80,10.4,231,100
2025-07-21 22:00:00,64.5,30.4,350.0,449,25.1,14.3,34.0,58.0,0.0,84,29.4,81,9.3,234,100
2025-07-21 23:00:00,62.4,30.0,337.0,449,23.2,13.1,35.0,55.0,0.0,85,29.2,82,9.4,232,96
2025-07-22 00:00:00,60.5,29.1,286.0,447,20.3,11.8,37.0,52.0,0.0,85,29.1,82,9.9,232,87
2025-07-22 01:00:00,58.0,27.8,216.0,445,16.6,10.4,40.0,50.0,0.0,86,29.0,83,10.2,234,100
2025-07-22 02:00:00,55.5,26.6,164.0,443,13.6,9.4,43.0,48.0,0.0,86,28.9,83,11.0,238,100
2025-07-22 03:00:00,53.2,25.4,142.0,443,11.9,8.8,43.0,44.0,0.0,86,28.5,85,11.1,241,100
2025-07-22 04:00:00,50.1,24.3,138.0,443,10.8,8.5,43.0,41.0,0.0,87,28.5,85,10.7,248,100
2025-07-22 05:00:00,49.2,23.7,152.0,443,10.1,8.8,44.0,42.0,0.0,87,28.4,85,10.7,250,100
2025-07-22 06:00:00,49.2,23.5,199.0,443,10.4,10.2,45.0,44.0,0.0,87,29.0,83,10.5,254,100
2025-07-22 07:00:00,55.5,24.8,264.0,443,10.8,12.2,48.0,48.0,0.3,87,29.1,81,10.6,256,100
2025-07-22 08:00:00,57.9,24.7,304.0,443,10.5,13.8,52.0,55.0,1.15,87,29.5,79,10.9,253,99
2025-07-22 09:00:00,65.0,25.8,293.0,443,8.8,14.6,60.0,68.0,2.35,87,30.4,74,11.8,244,100
2025-07-22 10:00:00,72.4,28.1,257.0,442,6.5,14.9,71.0,84.0,4.25,87,31.2,70,12.7,238,100
2025-07-22 11:00:00,85.7,32.4,228.0,442,4.7,14.9,79.0,95.0,6.2,87,31.8,66,13.5,236,95
2025-07-22 12:00:00,78.9,30.2,219.0,442,3.9,14.3,83.0,97.0,7.25,87,31.9,65,13.6,235,9
2025-07-22 13:00:00,75.2,28.8,217.0,442,3.7,13.3,84.0,94.0,6.95,87,32.5,62,14.4,232,39
2025-07-22 14:00:00,82.0,30.5,222.0,442,3.9,12.5,83.0,91.0,5.6,87,32.6,62,15.4,227,27
2025-07-22 15:00:00,72.9,27.5,239.0,442,4.4,12.1,79.0,89.0,3.45,87,32.1,64,15.9,227,80
2025-07-22 16:00:00,73.3,27.4,263.0,442,5.2,11.8,71.0,86.0,2.5,86,31.7,66,16.6,229,97
2025-07-22 17:00:00,86.4,31.2,278.0,442,6.9,13.7,72.0,99.0,1.2,86,30.9,70,16.7,229,95
2025-07-22 18:00:00,82.7,30.0,275.0,442,10.8,13.4,62.0,90.0,0.3,85,30.9,69,14.2,231,70
2025-07-22 19:00:00,78.9,29.3,263.0,443,16.1,13.0,49.0,78.0,0.0,85,30.2,72,16.1,220,89
2025-07-22 20:00:00,67.5,28.6,251.0,443,19.2,12.4,40.0,68.0,0.0,84,29.6,76,16.2,227,24
2025-07-22 21:00:00,65.4,28.2,243.0,443,18.4,11.4,39.0,61.0,0.0,84,29.5,77,17.1,232,90
2025-07-22 22:00:00,60.1,26.4,235.0,443,15.4,10.1,43.0,57.0,0.0,84,29.5,76,17.5,231,84
2025-07-22 23:00:00,55.8,24.6,221.0,443,12.5,8.9,46.0,53.0,0.0,83,29.2,77,17.8,235,100
2025-07-23 00:00:00,51.2,22.7,195.0,443,10.2,7.9,48.0,50.0,0.0,83,28.6,82,17.9,240,100
2025-07-23 01:00:00,49.2,21.5,163.0,442,8.0,6.9,51.0,48.0,0.0,82,28.4,84,19.3,242,99
2025-07-23 02:00:00,48.8,21.0,140.0,442,6.3,6.3,53.0,47.0,0.0,82,28.4,84,18.0,241,100
2025-07-23 03:00:00,48.4,20.6,128.0,442,5.3,6.0,54.0,46.0,0.0,81,28.2,84,17.2,243,100
2025-07-23 04:00:00,48.1,20.1,126.0,441,4.7,6.0,55.0,46.0,0.0,81,28.2,84,16.9,248,96
2025-07-23 05:00:00,50.8,21.0,139.0,441,4.7,6.3,55.0,51.0,0.0,80,28.2,82,16.6,252,78
2025-07-23 06:00:00,51.2,20.9,184.0,442,6.0,7.1,55.0,57.0,0.0,80,28.8,79,15.0,253,26
2025-07-23 07:00:00,57.4,22.5,245.0,442,7.7,8.3,54.0,65.0,0.25,80,28.6,80,16.8,255,58
2025-07-23 08:00:00,65.0,24.3,284.0,443,8.5,9.3,56.0,72.0,1.0,80,29.5,74,19.0,258,93
2025-07-23 09:00:00,69.8,25.4,277.0,443,7.6,10.0,61.0,77.0,2.25,80,30.2,71,19.2,253,93
2025-07-23 10:00:00,73.6,26.4,247.0,442,5.9,10.6,68.0,81.0,3.25,80,30.5,71,19.1,248,100
2025-07-23 11:00:00,72.9,26.1,224.0,442,4.5,10.9,73.0,84.0,5.1,80,30.5,71,19.4,249,100
2025-07-23 12:00:00,73.1,26.1,218.0,442,3.9,10.7,75.0,86.0,4.75,79,30.2,73,19.7,249,100
2025-07-23 13:00:00,76.1,26.7,219.0,442,3.6,10.2,75.0,87.0,5.05,79,30.4,73,20.3,247,94
2025-07-23 14:00:00,74.7,26.8,225.0,442,3.7,9.8,74.0,86.0,5.1,78,30.5,73,20.4,240,96
2025-07-23 15:00:00,74.5,26.9,239.0,442,4.1,9.7,71.0,83.0,3.75,78,30.6,72,20.8,239,57
2025-07-23 16:00:00,69.2,25.6,259.0,442,4.9,9.6,66.0,79.0,2.0,78,30.8,71,21.5,239,90
2025-07-23 17:00:00,67.3,25.0,272.0,442,6.8,10.1,62.0,75.0,0.95,78,30.2,73,20.7,241,47
2025-07-23 18:00:00,65.4,24.6,274.0,442,10.3,10.1,56.0,68.0,0.2,77,30.0,74,19.5,233,74
2025-07-23 19:00:00,54.1,23.6,269.0,443,15.2,10.2,48.0,58.0,0.0,77,29.5,78,18.4,231,83
2025-07-23 20:00:00,53.2,24.0,262.0,443,18.1,10.1,42.0,50.0,0.0,76,29.1,80,18.1,232,94
2025-07-23 21:00:00,53.3,24.0,255.0,443,17.5,9.8,42.0,47.0,0.0,76,28.9,82,16.9,223,89
2025-07-23 22:00:00,48.9,22.5,246.0,443,15.1,9.4,44.0,45.0,0.0,76,28.8,83,16.1,229,79
2025-07-23 23:00:00,47.7,21.5,231.0,443,12.7,8.8,47.0,44.0,0.0,75,28.5,85,15.9,235,46
2025-07-24 00:00:00,46.3,20.7,206.0,443,10.7,8.0,49.0,42.0,0.0,75,28.4,85,16.3,236,42
2025-07-24 01:00:00,43.7,19.6,176.0,442,8.7,7.0,51.0,40.0,0.0,75,28.0,87,15.4,241,36
2025-07-24 02:00:00,42.8,19.0,154.0,442,7.1,6.4,52.0,39.0,0.0,75,28.0,87,14.7,246,51
2025-07-24 03:00:00,43.3,19.0,140.0,442,6.1,6.2,53.0,41.0,0.0,74,27.8,88,14.5,248,49
2025-07-24 04:00:00,45.8,19.6,134.0,442,5.6,6.3,53.0,44.0,0.0,74,27.7,89,14.1,245,35
2025-07-24 05:00:00,40.7,19.0,148.0,442,5.9,6.2,52.0,36.0,0.0,74,27.8,88,13.8,248,39
2025-07-24 06:00:00,44.6,19.9,202.0,442,7.3,7.4,52.0,43.0,0.0,74,28.4,85,13.5,251,33
2025-07-24 07:00:00,50.4,21.9,275.0,443,9.1,9.1,52.0,53.0,0.25,74,28.8,82,12.6,253,6
2025-07-24 08:00:00,60.8,24.2,320.0,443,9.9,10.5,55.0,64.0,1.0,74,29.5,76,14.0,248,59
2025-07-24 09:00:00,68.2,25.8,308.0,443,8.6,11.4,62.0,75.0,2.45,74,30.2,73,15.2,246,80
2025-07-24 10:00:00,75.0,28.1,267.0,442,6.2,12.0,72.0,86.0,4.25,74,30.5,71,15.9,245,100
2025-07-24 11:00:00,83.4,30.9,235.0,442,4.3,12.4,80.0,94.0,5.65,74,30.9,69,16.6,241,99
2025-07-24 12:00:00,85.2,32.0,224.0,442,3.6,12.5,84.0,95.0,6.4,75,31.3,68,16.2,235,45
2025-07-24 13:00:00,82.9,31.2,222.0,442,3.5,12.3,86.0,93.0,6.25,75,32.0,64,15.9,231,51
2025-07-24 14:00:00,81.0,31.0,228.0,442,3.7,12.2,86.0,90.0,5.8,75,32.0,65,15.3,227,60
2025-07-24 15:00:00,82.2,31.1,245.0,442,3.9,12.2,82.0,89.0,4.5,76,31.6,67,15.4,223,28
2025-07-24 16:00:00,79.6,30.4,270.0,442,4.6,12.3,76.0,88.0,2.5,76,31.2,68,15.2,224,8
2025-07-24 17:00:00,85.7,32.7,291.0,442,6.4,13.7,76.0,95.0,1.05,77,30.8,69,13.8,230,97
2025-07-24 18:00:00,78.0,30.0,306.0,443,9.7,13.7,67.0,87.0,0.25,77,30.5,70,12.0,220,44
2025-07-24 19:00:00,71.2,28.3,318.0,443,14.3,13.7,54.0,76.0,0.0,78,30.0,74,12.8,204,51
2025-07-24 20:00:00,66.8,28.3,323.0,444,17.9,13.5,44.0,66.0,0.0,78,29.4,77,13.3,210,95
2025-07-24 21:00:00,57.0,27.0,320.0,444,19.8,13.2,40.0,58.0,0.0,79,29.1,78,13.4,224,88
2025-07-24 22:00:00,55.1,26.1,309.0,444,20.7,12.8,39.0,51.0,0.0,79,29.1,80,12.9,224,30
2025-07-24 23:00:00,53.0,25.5,290.0,444,20.5,12.1,39.0,45.0,0.0,79,28.7,82,13.4,223,17
2025-07-25 00:00:00,51.2,24.6,257.0,444,18.5,11.0,41.0,41.0,0.0,80,28.4,84,12.7,234,16
2025-07-25 01:00:00,48.1,23.3,215.0,444,15.4,9.6,43.0,39.0,0.0,80,28.1,86,11.0,246,20
2025-07-25 02:00:00,44.9,21.9,183.0,444,12.6,8.5,46.0,37.0,0.0,80,28.0,87,10.8,252,18
2025-07-25 03:00:00,42.3,20.7,162.0,444,10.6,7.9,48.0,34.0,0.0,80,27.7,88,9.7,254,21
2025-07-25 04:00:00,40.6,19.8,151.0,444,8.9,7.6,49.0,32.0,0.0,81,27.5,89,10.4,256,16
2025-07-25 05:00:00,40.4,19.6,163.0,444,8.9,8.0,50.0,34.0,0.0,81,27.5,89,10.1,267,16
2025-07-25 06:00:00,41.6,19.7,221.0,444,9.9,9.3,50.0,39.0,0.0,81,28.1,88,8.5,265,32
2025-07-25 07:00:00,50.1,21.4,302.0,444,11.2,11.1,51.0,47.0,0.25,81,28.5,85,9.4,253,35
2025-07-25 08:00:00,55.1,22.4,349.0,444,11.5,12.8,55.0,56.0,0.95,81,29.4,79,11.3,248,41
2025-07-25 09:00:00,61.2,23.2,329.0,443,9.8,14.2,65.0,66.0,2.15,80,30.4,73,12.4,240,72
2025-07-25 10:00:00,69.2,25.0,275.0,443,7.2,15.4,77.0,77.0,4.0,80,31.0,69,13.5,237,91
2025-07-25 11:00:00,74.5,26.1,235.0,442,5.2,16.0,86.0,86.0,5.45,80,31.3,68,14.9,239,82
2025-07-25 12:00:00,77.1,26.4,228.0,442,4.5,15.5,88.0,91.0,5.55,80,31.7,66,15.1,239,56
2025-07-25 13:00:00,78.7,26.3,235.0,442,4.4,14.4,85.0,95.0,5.2,79,32.0,64,14.4,230,41
2025-07-25 14:00:00,79.9,26.0,246.0,442,4.6,13.4,82.0,97.0,4.05,79,32.1,64,15.0,226,56
2025-07-25 15:00:00,82.7,26.5,260.0,442,5.1,12.8,78.0,99.0,3.85,78,31.6,67,15.6,220,51
2025-07-25 16:00:00,82.0,25.6,277.0,443,5.8,12.3,72.0,101.0,2.3,78,31.5,67,16.0,221,32
2025-07-25 17:00:00,98.0,29.5,287.0,443,6.3,13.1,71.0,124.0,1.2,77,30.8,70,16.0,225,44
2025-07-25 18:00:00,94.5,28.1,284.0,443,9.3,13.0,64.0,114.0,0.3,77,30.3,72,13.6,229,11
2025-07-25 19:00:00,90.3,27.1,274.0,443,13.3,12.8,55.0,99.0,0.0,77,30.0,73,14.5,221,46
2025-07-25 20:00:00,74.3,25.6,266.0,443,16.1,12.4,48.0,86.0,0.0,77,29.5,78,15.3,210,26
2025-07-25 21:00:00,67.3,25.2,266.0,444,16.6,11.8,47.0,75.0,0.0,77,29.2,79,14.3,228,6
2025-07-25 22:00:00,63.3,24.8,267.0,444,16.0,10.9,48.0,64.0,0.0,76,29.1,80,12.0,242,37
2025-07-25 23:00:00,57.3,23.7,259.0,445,14.8,10.1,50.0,57.0,0.0,76,29.0,79,14.0,244,12
2025-07-26 00:00:00,54.1,22.8,232.0,445,13.1,9.2,51.0,54.0,0.0,76,28.6,82,15.1,247,23
2025-07-26 01:00:00,58.3,23.6,196.0,444,11.0,8.3,53.0,54.0,0.0,76,28.4,84,13.5,251,23
2025-07-26 02:00:00,54.7,22.5,169.0,444,9.3,7.8,54.0,54.0,0.0,76,28.1,85,13.0,252,30
2025-07-26 03:00:00,51.9,21.7,153.0,444,8.2,7.7,54.0,52.0,0.0,76,27.9,87,12.6,256,61
2025-07-26 04:00:00,51.7,21.4,145.0,444,7.6,7.9,54.0,49.0,0.0,76,27.6,88,11.2,259,37
2025-07-26 05:00:00,50.6,20.9,159.0,444,7.5,8.3,56.0,50.0,0.0,76,27.5,89,10.9,261,36
2025-07-26 06:00:00,53.7,21.1,216.0,444,9.5,9.9,55.0,58.0,0.0,76,28.7,80,9.9,269,30
2025-07-26 07:00:00,61.7,22.9,293.0,445,12.2,12.1,55.0,69.0,0.15,76,28.9,80,10.7,276,13
2025-07-26 08:00:00,69.8,24.7,338.0,445,13.4,13.9,57.0,80.0,0.55,77,29.8,75,13.1,261,32
2025-07-26 09:00:00,79.6,26.4,316.0,445,11.9,14.9,64.0,91.0,1.4,77,30.8,70,15.3,252,99
2025-07-26 10:00:00,85.9,27.8,262.0,444,8.9,15.5,73.0,103.0,2.45,77,31.2,68,15.8,249,66
2025-07-26 11:00:00,89.4,28.8,220.0,443,6.4,15.5,81.0,110.0,4.25,77,31.9,66,16.8,240,99
2025-07-26 12:00:00,91.7,29.9,210.0,443,4.9,14.6,87.0,112.0,6.25,78,31.5,68,18.1,239,100
2025-07-26 13:00:00,87.1,29.2,213.0,442,3.9,13.2,91.0,109.0,6.45,78,31.8,67,18.9,239,58
2025-07-26 14:00:00,86.1,28.8,221.0,442,3.5,12.1,92.0,105.0,5.3,78,32.0,66,18.6,239,78
2025-07-26 15:00:00,81.7,27.6,234.0,442,3.9,11.5,87.0,98.0,3.3,78,31.5,68,18.9,241,92
2025-07-26 16:00:00,75.9,25.8,251.0,442,5.0,11.2,78.0,89.0,1.95,79,31.0,70,17.4,244,62
2025-07-26 17:00:00,92.0,30.9,264.0,442,6.1,11.3,72.0,108.0,0.95,79,31.0,69,18.4,241,96
2025-07-26 18:00:00,88.0,30.2,269.0,443,8.7,11.5,66.0,100.0,0.25,79,29.9,71,17.1,235,37
2025-07-26 19:00:00,83.6,29.7,269.0,443,12.2,11.7,57.0,88.0,0.0,79,29.2,73,16.8,240,13
2025-07-26 20:00:00,75.4,29.3,264.0,444,14.7,11.8,51.0,79.0,0.0,79,28.8,77,16.8,253,91
2025-07-26 21:00:00,71.7,29.0,252.0,444,15.5,11.6,49.0,75.0,0.0,79,28.9,77,16.2,251,100
2025-07-26 22:00:00,71.2,29.1,235.0,444,15.2,11.3,49.0,73.0,0.0,80,28.8,77,15.1,253,100
2025-07-26 23:00:00,71.9,29.3,216.0,444,14.5,10.9,50.0,72.0,0.0,80,28.8,77,13.5,254,94
2025-07-27 00:00:00,72.9,29.3,193.0,444,13.1,10.2,51.0,73.0,0.0,81,28.5,78,14.8,261,100
2025-07-27 01:00:00,98.0,36.7,168.0,444,11.3,9.4,52.0,76.0,0.0,81,28.3,80,12.4,261,95
2025-07-27 02:00:00,75.9,30.6,152.0,444,9.6,8.8,54.0,76.0,0.0,82,28.0,82,12.7,264,100
2025-07-27 03:00:00,72.6,29.4,146.0,444,8.2,8.3,55.0,72.0,0.0,83,27.9,83,12.4,271,28
2025-07-27 04:00:00,68.0,27.6,149.0,444,7.1,8.0,57.0,65.0,0.0,84,27.8,83,12.6,272,56
2025-07-27 05:00:00,49.2,21.0,164.0,444,5.0,7.2,62.0,47.0,0.0,84,27.8,84,11.2,270,54
2025-07-27 06:00:00,53.0,21.7,204.0,444,7.0,8.5,61.0,53.0,0.0,84,28.5,80,12.1,269,96
2025-07-27 07:00:00,62.2,23.4,256.0,443,9.7,10.3,59.0,61.0,0.15,84,28.9,78,14.1,263,99
2025-07-27 08:00:00,63.8,23.9,286.0,443,11.2,11.8,60.0,68.0,0.7,84,29.5,74,17.4,265,100
2025-07-27 09:00:00,67.3,24.3,273.0,443,10.2,12.9,65.0,72.0,1.7,84,30.1,71,16.9,267,99
2025-07-27 10:00:00,65.9,23.8,238.0,442,7.9,13.6,72.0,75.0,2.45,84,31.0,66,16.5,262,100
2025-07-27 11:00:00,68.2,24.2,212.0,442,6.0,13.9,78.0,77.0,4.3,84,31.5,65,17.0,253,100
2025-07-27 12:00:00,68.0,24.3,206.0,442,4.8,13.3,82.0,78.0,5.8,83,31.4,65,16.7,248,100
2025-07-27 13:00:00,68.0,24.6,209.0,442,3.8,12.1,85.0,78.0,6.35,83,31.4,65,17.6,241,100
2025-07-27 14:00:00,69.2,24.8,217.0,442,3.7,11.3,85.0,78.0,5.0,82,30.5,70,19.4,236,100
2025-07-27 15:00:00,66.6,24.3,233.0,442,4.8,11.3,80.0,76.0,2.95,82,30.4,71,18.9,240,69
2025-07-27 16:00:00,65.7,23.8,254.0,442,6.6,11.6,72.0,74.0,1.7,82,30.7,68,18.9,245,100
2025-07-27 17:00:00,69.6,26.5,268.0,442,7.1,12.9,72.0,74.0,0.9,82,29.9,72,18.7,238,95
2025-07-27 18:00:00,71.7,26.9,270.0,442,9.2,13.0,66.0,73.0,0.15,81,29.8,75,17.8,225,100
2025-07-27 19:00:00,78.0,29.3,265.0,443,12.2,13.1,58.0,72.0,0.0,81,29.0,79,15.8,234,100
2025-07-27 20:00:00,68.5,27.2,258.0,443,14.6,13.1,52.0,70.0,0.0,81,28.6,81,15.3,245,88
2025-07-27 21:00:00,63.6,26.8,253.0,443,16.1,12.9,48.0,66.0,0.0,81,28.6,81,13.2,248,100
2025-07-27 22:00:00,63.8,27.4,245.0,444,17.1,12.5,46.0,61.0,0.0,81,28.6,80,13.6,255,100
2025-07-27 23:00:00,61.0,26.1,232.0,444,16.8,11.9,46.0,59.0,0.0,80,28.5,79,13.5,257,100
2025-07-28 00:00:00,58.8,24.3,207.0,444,14.5,11.0,48.0,61.0,0.0,80,28.4,80,14.2,262,96
2025-07-28 01:00:00,56.6,22.8,176.0,443,11.1,9.9,52.0,65.0,0.0,80,28.0,83,14.9,262,97
2025-07-28 02:00:00,64.5,24.3,152.0,443,8.3,9.0,55.0,68.0,0.0,78,27.9,84,15.6,262,98
2025-07-28 03:00:00,58.1,21.5,136.0,443,6.6,8.4,57.0,68.0,0.0,78,28.0,82,14.5,264,100
2025-07-28 04:00:00,56.8,20.2,128.0,442,5.6,7.9,58.0,66.0,0.0,77,28.0,81,15.0,264,100
2025-07-28 05:00:00,52.5,18.6,137.0,442,5.6,7.7,58.0,58.0,0.0,77,27.9,82,15.3,269,100
2025-07-28 06:00:00,68.0,21.3,180.0,442,6.9,8.3,57.0,66.0,0.0,76,28.5,79,14.1,260,100
2025-07-28 07:00:00,70.8,19.8,241.0,443,8.7,9.2,57.0,76.0,0.15,76,28.5,78,16.1,260,100
2025-07-28 08:00:00,68.0,20.0,277.0,443,9.5,10.0,58.0,85.0,0.8,76,29.0,75,17.3,258,100
2025-07-28 09:00:00,70.5,20.4,264.0,443,8.3,10.6,63.0,91.0,2.4,76,29.9,69,19.4,257,100
2025-07-28 10:00:00,75.0,21.9,226.0,442,6.1,11.2,70.0,94.0,3.7,75,30.9,64,19.6,251,100
2025-07-28 11:00:00,75.9,22.4,199.0,442,4.4,11.4,76.0,96.0,4.7,75,30.6,67,19.7,250,100
2025-07-28 12:00:00,74.0,22.5,194.0,442,3.6,11.1,79.0,94.0,5.55,75,30.9,66,20.0,248,100
2025-07-28 13:00:00,73.1,22.9,200.0,442,3.3,10.5,80.0,90.0,5.9,75,31.4,64,20.7,244,100
2025-07-28 14:00:00,72.2,23.1,211.0,442,3.4,9.9,79.0,87.0,5.1,75,30.9,68,20.3,241,100
2025-07-28 15:00:00,72.6,23.0,231.0,442,4.0,9.6,75.0,87.0,3.6,74,31.0,66,20.2,242,100
2025-07-28 16:00:00,71.5,22.2,258.0,442,5.1,9.3,69.0,88.0,2.0,74,30.6,69,21.1,239,100
2025-07-28 17:00:00,79.4,24.3,275.0,442,6.3,10.1,64.0,98.0,0.75,74,30.0,73,20.7,239,94
2025-07-28 18:00:00,79.6,24.4,276.0,442,8.2,10.0,60.0,94.0,0.2,74,29.7,73,17.8,242,98
2025-07-28 19:00:00,75.7,23.8,269.0,443,10.9,9.9,53.0,89.0,0.0,74,29.1,77,17.6,241,100
2025-07-28 20:00:00,71.9,23.5,260.0,443,12.7,9.8,49.0,84.0,0.0,73,29.0,78,16.1,238,100
2025-07-28 21:00:00,69.2,23.7,256.0,443,13.2,9.8,48.0,79.0,0.0,73,28.9,80,14.1,242,100
2025-07-28 22:00:00,66.6,23.5,250.0,444,12.9,9.7,49.0,74.0,0.0,73,28.8,80,15.5,244,100
2025-07-28 23:00:00,63.8,23.0,237.0,444,12.0,9.5,50.0,69.0,0.0,72,28.5,82,16.2,243,100
2025-07-29 00:00:00,62.2,22.7,207.0,443,10.4,8.9,51.0,64.0,0.0,72,28.2,83,15.2,248,99
2025-07-29 01:00:00,57.6,21.1,170.0,443,8.2,8.0,53.0,60.0,0.0,72,28.0,84,15.8,251,100
2025-07-29 02:00:00,53.4,19.5,141.0,442,6.4,7.3,55.0,56.0,0.0,72,28.0,84,15.8,251,100
2025-07-29 03:00:00,49.7,18.0,124.0,442,5.3,6.8,56.0,52.0,0.0,71,27.9,84,16.2,251,99
2025-07-29 04:00:00,46.6,17.1,116.0,442,4.5,6.4,57.0,48.0,0.0,71,27.8,84,16.8,254,100
2025-07-29 05:00:00,47.0,17.0,125.0,442,4.7,6.5,57.0,50.0,0.0,71,27.8,84,16.8,260,100
2025-07-29 06:00:00,45.9,16.8,166.0,442,5.9,7.1,56.0,52.0,0.0,71,28.4,82,16.3,257,76
2025-07-29 07:00:00,49.1,17.9,223.0,442,7.5,7.8,55.0,56.0,0.25,70,28.6,81,19.2,260,88
2025-07-29 08:00:00,54.2,19.6,257.0,442,8.3,8.5,56.0,59.0,0.9,70,29.3,75,21.8,257,95
2025-07-29 09:00:00,60.1,21.0,245.0,442,7.4,9.0,60.0,61.0,2.15,70,30.0,71,22.7,259,100
2025-07-29 10:00:00,61.2,21.7,211.0,441,5.6,9.4,65.0,64.0,3.2,70,30.5,67,23.3,257,100
2025-07-29 11:00:00,59.8,21.7,185.0,441,4.2,9.5,69.0,65.0,4.55,70,31.0,65,24.1,256,100
2025-07-29 12:00:00,60.1,22.0,180.0,441,3.4,9.1,72.0,65.0,6.45,70,30.9,67,23.5,253,100
2025-07-29 13:00:00,58.2,21.4,183.0,441,2.9,8.5,74.0,65.0,6.35,70,31.2,64,24.2,257,100
2025-07-29 14:00:00,58.0,20.8,191.0,441,2.9,8.1,74.0,64.0,5.85,70,31.4,64,23.5,252,100
2025-07-29 15:00:00,58.6,20.7,205.0,441,3.3,8.2,72.0,63.0,4.45,70,31.0,66,23.6,248,100
2025-07-29 16:00:00,56.1,19.8,225.0,441,4.1,8.4,68.0,62.0,2.55,69,30.5,69,23.3,242,100
2025-07-29 17:00:00,61.0,21.8,239.0,441,5.4,9.1,65.0,66.0,1.25,69,30.2,71,23.0,241,99
2025-07-29 18:00:00,54.0,20.4,245.0,442,7.9,8.9,60.0,58.0,0.25,69,29.5,75,21.6,236,100
2025-07-29 19:00:00,49.9,20.2,246.0,442,11.3,8.7,54.0,46.0,0.0,69,28.9,77,20.4,236,100
2025-07-29 20:00:00,43.9,19.7,245.0,443,13.6,8.6,49.0,38.0,0.0,68,28.5,81,18.8,241,100
2025-07-29 21:00:00,46.0,20.9,246.0,443,13.9,8.9,48.0,37.0,0.0,68,28.2,83,19.1,246,100
2025-07-29 22:00:00,53.9,23.9,244.0,443,13.1,9.4,49.0,39.0,0.0,68,27.8,86,14.9,248,100
2025-07-29 23:00:00,48.8,22.4,234.0,443,12.0,9.6,50.0,41.0,0.0,68,27.9,85,14.3,246,100
2025-07-30 00:00:00,48.0,22.0,207.0,443,10.5,9.2,51.0,42.0,0.0,68,27.8,86,15.0,254,100
2025-07-30 01:00:00,47.8,21.4,171.0,442,8.7,8.6,53.0,42.0,0.0,68,27.6,87,14.8,254,100
2025-07-30 02:00:00,48.7,20.9,144.0,442,7.2,8.0,54.0,44.0,0.0,68,27.5,88,15.3,252,92
2025-07-30 03:00:00,50.4,20.7,128.0,442,6.1,7.4,55.0,47.0,0.0,68,27.5,87,16.1,250,64
2025-07-30 04:00:00,51.8,20.6,119.0,442,5.3,6.9,55.0,51.0,0.0,68,27.4,88,16.7,254,37
2025-07-30 05:00:00,53.2,20.7,128.0,442,5.2,6.7,55.0,55.0,0.0,68,27.4,87,16.6,252,30
2025-07-30 06:00:00,53.4,20.9,169.0,442,6.4,6.9,54.0,58.0,0.0,69,28.0,82,18.6,247,24
2025-07-30 07:00:00,60.3,22.6,227.0,442,8.3,7.4,53.0,61.0,0.25,69,28.2,80,19.5,251,51
2025-07-30 08:00:00,60.8,23.1,262.0,442,9.2,8.1,53.0,64.0,0.8,69,28.9,76,21.0,255,66
2025-07-30 09:00:00,65.7,24.1,251.0,442,8.3,9.0,57.0,68.0,1.65,70,29.8,72,20.4,254,100
2025-07-30 10:00:00,66.6,24.1,218.0,441,6.4,10.0,63.0,73.0,2.55,70,30.2,69,21.1,251,100
2025-07-30 11:00:00,68.9,24.7,195.0,441,4.9,10.8,68.0,77.0,4.05,70,30.2,70,21.0,250,100
2025-07-30 12:00:00,70.1,25.1,194.0,441,4.1,11.1,73.0,79.0,4.85,71,30.9,68,20.4,244,100
2025-07-30 13:00:00,71.5,25.7,203.0,441,3.7,11.1,78.0,79.0,5.7,71,31.1,67,19.7,239,100
2025-07-30 14:00:00,72.9,26.4,216.0,441,3.8,11.1,80.0,81.0,4.9,71,30.5,70,19.0,227,100
2025-07-30 15:00:00,73.6,26.3,232.0,441,4.1,11.3,79.0,86.0,3.55,72,30.1,72,18.2,231,100
2025-07-30 16:00:00,79.2,27.3,252.0,442,4.8,11.5,75.0,92.0,2.05,72,30.1,72,18.0,223,97
2025-07-30 17:00:00,83.6,27.4,270.0,442,7.6,11.9,65.0,100.0,0.6,73,29.7,74,19.5,224,100
2025-07-30 18:00:00,85.0,27.4,284.0,442,10.0,11.9,60.0,96.0,0.15,73,29.4,78,16.9,214,100
2025-07-30 19:00:00,80.6,27.5,296.0,443,13.3,11.8,53.0,91.0,0.0,74,28.9,80,15.7,219,100
2025-07-30 20:00:00,77.1,27.5,302.0,443,15.6,11.7,48.0,86.0,0.0,75,28.5,85,13.4,216,100
2025-07-30 21:00:00,71.9,27.4,302.0,443,16.4,11.5,46.0,80.0,0.0,75,28.1,87,13.0,211,100
2025-07-30 22:00:00,69.4,27.0,296.0,444,16.2,11.3,46.0,74.0,0.0,76,28.0,88,12.8,219,100
2025-07-30 23:00:00,68.5,26.9,280.0,444,15.3,10.9,46.0,70.0,0.0,76,27.6,89,12.3,224,100
2025-07-31 00:00:00,65.4,26.2,245.0,444,13.3,10.2,48.0,68.0,0.0,77,27.5,89,11.0,230,100
2025-07-31 01:00:00,65.2,25.3,201.0,443,10.7,9.4,50.0,69.0,0.0,77,27.4,90,11.3,237,100
2025-07-31 02:00:00,65.2,24.6,169.0,443,8.6,8.7,52.0,68.0,0.0,77,27.2,90,10.8,238,100
2025-07-31 03:00:00,64.3,23.9,155.0,444,7.6,8.2,52.0,65.0,0.0,78,27.2,89,9.9,237,100
2025-07-31 04:00:00,61.2,23.0,154.0,445,7.2,7.9,51.0,61.0,0.0,78,27.0,91,8.5,235,100
2025-07-31 05:00:00,72.4,25.4,170.0,445,9.4,9.6,50.0,82.0,0.0,78,26.9,91,8.4,235,100
2025-07-31 06:00:00,71.9,25.0,219.0,445,10.1,10.6,51.0,88.0,0.0,79,27.9,85,9.3,212,98
2025-07-31 07:00:00,82.2,26.5,284.0,444,11.1,12.1,52.0,97.0,0.25,79,28.2,82,11.3,222,85
2025-07-31 08:00:00,87.5,27.6,323.0,443,11.3,13.3,55.0,105.0,0.85,79,29.0,76,12.2,225,89
2025-07-31 09:00:00,93.8,29.1,308.0,443,10.0,14.3,61.0,110.0,1.75,80,29.8,72,13.7,225,99
2025-07-31 10:00:00,94.8,29.6,265.0,442,8.0,15.1,68.0,114.0,2.75,80,30.0,71,14.7,220,99
2025-07-31 11:00:00,95.5,30.5,233.0,442,6.3,15.3,74.0,116.0,3.9,81,30.2,70,14.5,212,97
2025-07-31 12:00:00,94.1,30.3,223.0,442,5.2,14.5,78.0,114.0,4.85,81,30.7,69,14.7,206,89
2025-07-31 13:00:00,92.0,30.0,224.0,442,4.3,13.2,81.0,110.0,5.35,82,30.7,68,15.1,208,49
2025-07-31 14:00:00,87.5,28.6,232.0,442,4.1,12.2,81.0,105.0,3.85,82,31.0,68,15.0,214,78
2025-07-31 15:00:00,81.3,27.0,252.0,442,4.6,11.9,77.0,98.0,2.9,82,30.6,70,15.1,212,51
2025-07-31 16:00:00,76.1,25.7,280.0,442,5.7,12.0,71.0,90.0,1.7,82,30.4,71,14.9,212,32
2025-07-31 17:00:00,78.2,27.6,301.0,442,7.5,12.4,63.0,88.0,0.65,82,29.9,73,15.1,208,65
2025-07-31 18:00:00,74.7,27.0,308.0,442,12.2,12.7,55.0,78.0,0.15,82,29.0,79,12.3,201,8
2025-07-31 19:00:00,83.6,31.1,308.0,443,18.7,13.2,43.0,64.0,0.0,82,28.6,80,8.0,216,43
2025-07-31 20:00:00,58.7,26.6,306.0,443,23.2,13.4,35.0,52.0,0.0,82,28.3,84,10.5,193,4
2025-07-31 21:00:00,52.0,25.7,305.0,443,24.0,13.4,33.0,44.0,0.0,82,28.0,86,11.1,192,15
2025-07-31 22:00:00,48.7,25.1,301.0,444,22.8,13.2,34.0,38.0,0.0,82,27.8,88,11.5,202,39
2025-07-31 23:00:00,47.8,24.7,288.0,444,21.0,12.7,35.0,35.0,0.0,82,27.5,90,12.1,217,40
2025-08-01 00:00:00,47.7,24.0,258.0,444,18.5,11.6,37.0,35.0,0.0,82,27.2,91,10.6,231,30
2025-08-01 01:00:00,48.5,23.2,220.0,444,15.4,10.2,39.0,38.0,0.0,82,27.1,91,10.1,237,72
2025-08-01 02:00:00,48.5,22.6,190.0,444,12.8,9.2,41.0,40.0,0.0,81,27.0,91,11.4,241,46
2025-08-01 03:00:00,47.4,21.8,173.0,444,11.2,8.7,42.0,40.0,0.0,81,26.8,90,11.1,247,45
2025-08-01 04:00:00,46.4,20.9,165.0,445,10.2,8.6,41.0,38.0,0.0,81,26.6,90,10.3,247,37
2025-08-01 05:00:00,45.8,19.7,174.0,445,8.4,8.7,45.0,41.0,0.0,81,26.5,91,10.1,250,95
2025-08-01 06:00:00,45.2,19.3,217.0,445,9.0,9.4,46.0,44.0,0.0,80,27.0,92,11.0,252,75
2025-08-01 07:00:00,51.0,20.3,277.0,444,9.8,10.4,48.0,49.0,0.25,80,27.4,89,13.3,249,23
2025-08-01 08:00:00,54.1,20.5,312.0,443,9.9,11.3,51.0,55.0,0.9,79,28.5,75,14.2,244,47
2025-08-01 09:00:00,64.7,21.8,295.0,443,8.6,12.0,58.0,63.0,2.1,79,29.0,73,13.9,236,99
2025-08-01 10:00:00,69.2,23.1,253.0,442,6.6,12.6,66.0,71.0,3.55,78,29.5,70,16.4,230,88
2025-08-01 11:00:00,67.5,23.1,220.0,442,5.0,12.9,73.0,76.0,4.45,77,29.6,70,18.2,228,65
2025-08-01 12:00:00,68.0,23.6,209.0,442,4.2,12.6,76.0,75.0,5.65,77,29.9,70,19.3,230,38
2025-08-01 13:00:00,64.0,23.1,208.0,442,3.9,11.8,78.0,72.0,5.2,76,30.6,67,17.9,231,53
2025-08-01 14:00:00,62.6,22.7,215.0,442,4.0,11.3,77.0,68.0,4.1,76,30.6,66,17.2,233,44
2025-08-01 15:00:00,58.6,21.9,234.0,442,4.4,11.1,74.0,66.0,3.35,75,30.5,66,17.6,230,34
2025-08-01 16:00:00,57.3,21.3,262.0,442,5.3,11.1,68.0,64.0,1.8,75,30.0,68,17.2,225,44
2025-08-01 17:00:00,72.6,25.5,282.0,442,7.0,11.7,63.0,81.0,0.75,74,29.6,71,16.8,231,33
2025-08-01 18:00:00,83.8,28.1,290.0,442,11.0,11.8,56.0,73.0,0.2,74,29.0,77,16.1,222,83
2025-08-01 19:00:00,69.6,25.8,291.0,443,16.6,12.0,45.0,61.0,0.0,74,28.5,79,13.8,227,52
2025-08-01 20:00:00,58.2,25.1,288.0,443,20.5,12.1,38.0,55.0,0.0,74,28.1,82,14.1,224,89
2025-08-01 21:00:00,58.4,25.4,285.0,443,21.5,12.1,36.0,60.0,0.0,73,27.7,85,13.4,227,100
2025-08-01 22:00:00,57.7,25.3,278.0,444,20.9,12.0,36.0,70.0,0.0,73,27.5,86,13.0,232,87
2025-08-01 23:00:00,73.6,29.0,261.0,444,19.6,11.7,37.0,75.0,0.0,73,27.2,88,13.3,238,26
2025-08-02 00:00:00,59.8,25.6,226.0,444,17.4,10.9,39.0,70.0,0.0,74,27.0,89,13.8,237,11
2025-08-02 01:00:00,58.2,24.4,181.0,443,14.5,9.9,42.0,61.0,0.0,74,26.9,89,12.5,249,31
2025-08-02 02:00:00,56.7,23.2,148.0,443,11.9,9.1,44.0,55.0,0.0,74,26.6,91,12.6,256,33
2025-08-02 03:00:00,56.8,22.2,130.0,443,9.8,8.5,46.0,56.0,0.0,74,26.5,91,12.7,263,73
2025-08-02 04:00:00,59.1,21.9,124.0,443,8.1,8.2,48.0,61.0,0.0,74,26.6,90,12.3,259,100
2025-08-02 05:00:00,56.9,20.8,138.0,443,6.8,7.9,51.0,62.0,0.0,74,26.5,90,13.9,256,99
2025-08-02 06:00:00,58.7,20.4,194.0,443,8.5,8.5,51.0,66.0,0.0,74,27.4,87,13.7,247,100
2025-08-02 07:00:00,64.0,21.1,271.0,443,10.8,9.3,50.0,71.0,0.15,74,27.6,85,14.6,249,100
2025-08-02 08:00:00,63.6,20.7,316.0,443,12.2,10.2,51.0,75.0,0.4,75,28.0,82,18.0,247,100
2025-08-02 09:00:00,68.0,20.5,297.0,442,11.8,11.2,53.0,76.0,0.65,75,28.4,79,19.3,249,99
2025-08-02 10:00:00,67.1,20.0,246.0,442,10.5,12.1,56.0,75.0,1.05,74,28.8,76,19.6,248,100
2025-08-02 11:00:00,61.9,19.3,207.0,441,9.2,12.7,59.0,75.0,1.6,74,28.8,75,18.3,244,100
2025-08-02 12:00:00,64.5,19.4,197.0,441,7.8,12.6,62.0,77.0,2.45,74,28.7,76,17.0,242,97
2025-08-02 13:00:00,65.4,19.3,199.0,441,6.5,12.0,65.0,79.0,2.65,73,29.4,72,18.2,242,71
2025-08-02 14:00:00,64.7,19.3,209.0,441,5.8,11.6,66.0,80.0,2.25,73,29.9,70,19.6,243,100
2025-08-02 15:00:00,62.6,19.2,228.0,441,6.1,11.5,65.0,78.0,1.8,73,29.6,71,18.0,241,100
2025-08-02 16:00:00,60.5,19.2,255.0,442,7.2,11.5,62.0,75.0,1.0,73,29.5,72,18.0,237,63
2025-08-02 17:00:00,78.0,23.6,277.0,442,9.1,11.9,57.0,95.0,0.45,72,29.2,73,17.8,240,98
2025-08-02 18:00:00,74.0,23.7,290.0,442,12.9,11.8,51.0,84.0,0.1,72,28.9,76,17.3,231,79
2025-08-02 19:00:00,65.9,23.6,299.0,443,18.1,11.6,43.0,69.0,0.0,72,28.5,79,15.9,228,63
2025-08-02 20:00:00,58.8,23.7,299.0,443,21.4,11.3,38.0,58.0,0.0,72,28.0,83,15.0,230,21
2025-08-02 21:00:00,55.1,23.2,289.0,443,21.2,11.0,37.0,53.0,0.0,72,27.8,84,14.6,231,16
2025-08-02 22:00:00,54.2,22.8,272.0,443,19.2,10.7,39.0,52.0,0.0,71,27.5,85,13.3,237,19
2025-08-02 23:00:00,53.6,22.4,248.0,443,16.9,10.2,41.0,51.0,0.0,71,27.5,85,12.8,244,32
2025-08-03 00:00:00,51.1,21.5,213.0,443,14.5,9.5,43.0,49.0,0.0,71,27.1,87,13.3,252,48
2025-08-03 01:00:00,49.0,20.2,172.0,442,11.9,8.7,45.0,48.0,0.0,70,27.0,88,12.6,261,61
2025-08-03 02:00:00,47.8,19.2,142.0,442,9.7,8.0,47.0,47.0,0.0,70,26.8,89,12.0,261,58
2025-08-03 03:00:00,47.4,18.5,125.0,442,8.1,7.5,48.0,46.0,0.0,69,26.8,88,11.6,257,60
2025-08-03 04:00:00,47.0,18.0,119.0,442,7.0,7.1,49.0,46.0,0.0,69,26.6,89,12.2,262,30
2025-08-03 05:00:00,48.2,18.1,132.0,442,6.6,7.3,51.0,51.0,0.0,69,26.5,90,13.0,264,15
2025-08-03 06:00:00,50.1,18.3,184.0,442,8.2,8.5,51.0,58.0,0.0,69,27.4,87,12.3,255,33
2025-08-03 07:00:00,56.0,19.9,257.0,442,10.3,10.2,51.0,68.0,0.25,68,27.6,85,14.3,253,54
2025-08-03 08:00:00,65.7,21.4,301.0,442,11.2,11.5,54.0,77.0,0.95,68,28.2,80,14.9,251,100
2025-08-03 09:00:00,72.4,22.2,290.0,442,9.7,12.3,62.0,85.0,2.15,68,28.9,76,16.1,250,100
2025-08-03 10:00:00,73.3,22.4,250.0,442,7.0,12.8,72.0,92.0,3.4,68,29.2,74,15.9,244,99
2025-08-03 11:00:00,77.5,23.3,220.0,442,4.9,12.9,79.0,97.0,4.65,69,29.5,73,17.2,240,100
2025-08-03 12:00:00,78.7,23.9,211.0,442,3.9,12.5,82.0,100.0,6.25,69,29.6,72,17.8,240,91
2025-08-03 13:00:00,71.9,22.7,211.0,441,3.5,11.8,82.0,100.0,4.9,69,30.0,71,17.6,235,96
2025-08-03 14:00:00,78.2,23.5,217.0,441,3.6,11.2,80.0,98.0,5.5,70,30.2,70,17.3,231,58
2025-08-03 15:00:00,73.8,22.6,233.0,441,4.1,11.0,76.0,93.0,3.85,70,30.2,70,17.1,230,63
2025-08-03 16:00:00,69.4,21.4,255.0,442,5.1,10.9,70.0,85.0,2.0,70,29.9,71,16.9,227,48
2025-08-03 17:00:00,78.7,23.5,275.0,442,7.0,11.4,65.0,97.0,0.95,71,29.5,72,16.7,226,40
2025-08-03 18:00:00,62.6,19.6,290.0,442,9.6,12.1,59.0,86.0,0.25,71,29.2,75,14.5,218,27
2025-08-03 19:00:00,59.1,19.3,301.0,443,13.2,13.1,51.0,72.0,0.0,70,28.2,80,13.9,220,12
2025-08-03 20:00:00,53.8,19.1,307.0,443,16.2,13.6,45.0,59.0,0.0,70,27.9,83,10.5,229,5
2025-08-03 21:00:00,49.4,19.5,308.0,443,18.2,13.5,41.0,51.0,0.0,69,27.6,85,10.6,226,30
2025-08-03 22:00:00,46.0,19.6,304.0,444,19.6,12.9,39.0,45.0,0.0,69,27.6,84,11.7,223,13
2025-08-03 23:00:00,43.3,18.6,286.0,444,19.7,12.1,38.0,40.0,0.0,69,27.4,86,12.0,231,12
2025-08-04 00:00:00,39.6,17.5,243.0,444,17.7,11.0,39.0,37.0,0.0,68,27.2,86,11.5,240,29
2025-08-04 01:00:00,38.1,16.5,187.0,443,14.5,9.6,42.0,35.0,0.0,68,27.0,87,10.9,250,45
2025-08-04 02:00:00,36.7,15.6,145.0,443,11.7,8.5,44.0,34.0,0.0,68,26.6,89,11.1,256,37
2025-08-04 03:00:00,36.6,15.0,124.0,443,9.9,7.9,45.0,34.0,0.0,67,26.5,90,11.1,262,20
2025-08-04 04:00:00,36.2,14.5,118.0,442,8.5,7.6,47.0,34.0,0.0,67,26.5,90,11.1,262,21
2025-08-04 05:00:00,36.6,14.3,134.0,442,7.8,7.7,48.0,36.0,0.0,67,26.3,90,11.5,268,89
2025-08-04 06:00:00,35.9,14.2,192.0,442,8.4,8.5,49.0,38.0,0.0,67,26.9,91,11.0,266,20
2025-08-04 07:00:00,42.7,15.5,272.0,443,9.8,9.8,49.0,42.0,0.25,66,27.2,88,11.3,263,49
2025-08-04 08:00:00,44.6,16.3,318.0,443,10.2,10.9,52.0,47.0,1.05,66,27.9,83,13.9,257,36
2025-08-04 09:00:00,50.5,17.3,295.0,442,8.7,11.7,60.0,55.0,2.65,65,29.0,76,15.5,252,22
2025-08-04 10:00:00,57.4,18.9,238.0,442,6.2,12.4,70.0,65.0,4.25,65,29.8,70,16.5,248,43
2025-08-04 11:00:00,61.9,19.8,195.0,441,4.3,12.7,78.0,73.0,6.25,65,30.1,68,17.9,245,43
2025-08-04 12:00:00,66.8,21.2,186.0,441,3.4,12.3,81.0,78.0,7.5,64,30.5,66,17.8,237,54
2025-08-04 13:00:00,65.9,21.1,193.0,441,3.1,11.5,82.0,81.0,7.0,64,30.5,66,17.4,231,56
2025-08-04 14:00:00,67.3,21.1,204.0,441,3.3,10.9,80.0,81.0,6.05,64,30.6,66,18.4,231,75
2025-08-04 15:00:00,63.8,20.3,222.0,441,3.8,10.7,76.0,77.0,3.9,64,30.4,68,19.5,232,99
2025-08-04 16:00:00,60.1,19.5,245.0,441,4.9,10.7,69.0,71.0,2.1,63,29.7,71,19.4,234,96
2025-08-04 17:00:00,63.8,20.2,261.0,441,7.0,10.7,61.0,76.0,0.8,63,29.5,72,19.2,233,86
2025-08-04 18:00:00,79.2,24.7,264.0,441,10.7,10.8,54.0,66.0,0.2,63,28.7,76,18.0,230,43
2025-08-04 19:00:00,50.6,18.8,261.0,442,15.8,10.9,45.0,52.0,0.0,63,28.0,80,16.8,242,45
2025-08-04 20:00:00,43.9,19.0,253.0,442,19.2,10.9,39.0,41.0,0.0,63,28.0,81,15.8,240,82
2025-08-04 21:00:00,39.0,18.0,243.0,442,19.4,10.7,38.0,36.0,0.0,63,27.8,83,15.7,242,32
2025-08-04 22:00:00,38.3,17.9,229.0,443,17.8,10.3,39.0,35.0,0.0,63,27.5,85,15.0,251,96
2025-08-04 23:00:00,38.9,17.7,211.0,443,15.8,9.7,41.0,34.0,0.0,63,27.3,86,14.6,254,98
2025-08-05 00:00:00,38.1,17.1,185.0,443,13.4,8.9,43.0,33.0,0.0,63,27.0,87,15.1,255,100
2025-08-05 01:00:00,37.7,16.5,156.0,442,10.5,7.9,46.0,34.0,0.0,63,26.8,88,14.3,252,100
2025-08-05 02:00:00,36.9,15.8,134.0,442,8.1,7.1,49.0,34.0,0.0,63,26.6,89,15.0,252,100
2025-08-05 03:00:00,35.7,15.3,121.0,442,6.6,6.6,51.0,34.0,0.0,63,26.5,89,15.8,255,100
2025-08-05 04:00:00,35.3,15.0,117.0,441,5.6,6.3,52.0,34.0,0.0,63,26.5,89,15.5,261,99
2025-08-05 05:00:00,34.3,14.8,130.0,441,6.0,6.3,51.0,32.0,0.0,63,26.3,90,15.4,264,100
2025-08-05 06:00:00,36.4,15.5,180.0,441,7.3,7.3,51.0,39.0,0.0,63,27.1,88,13.3,261,99
2025-08-05 07:00:00,41.2,17.1,248.0,442,9.1,8.7,50.0,50.0,0.2,63,27.3,86,13.2,260,100
2025-08-05 08:00:00,53.0,19.2,288.0,442,9.8,9.8,52.0,58.0,0.8,63,28.0,79,17.1,253,100
2025-08-05 09:00:00,56.5,19.9,272.0,441,8.6,10.6,57.0,62.0,1.85,64,28.6,76,19.7,252,100
2025-08-05 10:00:00,57.6,20.0,228.0,441,6.4,11.1,64.0,65.0,3.55,64,29.4,73,20.0,248,100
2025-08-05 11:00:00,58.2,20.2,197.0,440,4.7,11.3,69.0,66.0,5.35,64,29.6,70,19.9,245,100
2025-08-05 12:00:00,58.4,20.6,194.0,440,4.0,11.0,70.0,65.0,5.05,64,30.0,68,20.6,244,100
2025-08-05 13:00:00,59.1,21.1,204.0,441,3.9,10.3,69.0,64.0,5.55,64,29.8,70,20.9,243,100
2025-08-05 14:00:00,56.8,20.9,217.0,441,4.3,9.8,67.0,62.0,3.95,64,29.5,71,20.0,238,100
2025-08-05 15:00:00,54.4,20.5,231.0,441,5.2,9.7,64.0,63.0,3.0,64,29.3,72,19.5,236,100
2025-08-05 16:00:00,51.9,20.2,247.0,441,6.6,9.8,60.0,63.0,1.75,64,29.1,72,19.9,235,100
2025-08-05 17:00:00,57.5,21.6,265.0,441,8.3,9.8,56.0,61.0,0.7,64,28.9,73,19.5,232,100
2025-08-05 18:00:00,51.8,21.5,288.0,442,12.3,10.0,50.0,54.0,0.2,64,28.4,77,16.2,226,100
2025-08-05 19:00:00,47.5,21.2,312.0,442,17.6,10.2,43.0,44.0,0.0,64,28.0,80,14.7,234,100
2025-08-05 20:00:00,46.2,22.9,321.0,443,20.9,10.2,38.0,37.0,0.0,64,27.8,81,14.5,234,100
2025-08-05 21:00:00,44.5,22.2,306.0,443,20.4,10.0,38.0,34.0,0.0,64,27.5,83,15.6,236,100
2025-08-05 22:00:00,43.5,21.5,276.0,443,17.8,9.7,40.0,33.0,0.0,65,27.3,84,14.8,238,100
2025-08-05 23:00:00,41.9,20.9,244.0,443,15.0,9.2,43.0,32.0,0.0,65,27.1,85,14.6,240,97
2025-08-06 00:00:00,40.4,20.1,210.0,443,12.3,8.4,45.0,31.0,0.0,65,26.7,88,14.6,241,100
2025-08-06 01:00:00,39.1,19.0,174.0,442,9.5,7.4,47.0,31.0,0.0,66,26.7,88,14.9,247,100
2025-08-06 02:00:00,38.0,18.1,149.0,442,7.3,6.7,49.0,31.0,0.0,66,26.4,89,15.8,251,100
2025-08-06 03:00:00,37.7,17.5,137.0,442,6.1,6.3,49.0,30.0,0.0,66,26.3,89,15.9,255,100
2025-08-06 04:00:00,37.0,17.2,135.0,441,5.5,6.3,49.0,29.0,0.0,66,26.3,89,15.3,261,38
2025-08-06 05:00:00,37.5,17.1,150.0,441,5.7,6.6,50.0,33.0,0.0,66,26.1,90,14.2,261,33
2025-08-06 06:00:00,39.9,17.5,198.0,441,7.5,7.8,49.0,38.0,0.0,67,27.0,88,13.2,256,19
2025-08-06 07:00:00,44.2,19.4,262.0,442,9.9,9.5,47.0,46.0,0.25,67,27.3,84,14.0,250,13
2025-08-06 08:00:00,52.5,20.8,301.0,442,11.0,10.8,48.0,53.0,1.05,67,28.1,76,16.2,253,39
2025-08-06 09:00:00,69.8,24.4,289.0,442,9.5,11.4,55.0,59.0,2.5,67,28.8,72,18.4,249,54
2025-08-06 10:00:00,58.8,21.0,252.0,441,6.6,11.7,64.0,64.0,3.85,68,29.1,71,18.8,243,65
2025-08-06 11:00:00,59.8,21.4,224.0,441,4.4,11.7,71.0,66.0,5.8,68,29.2,71,19.6,242,80
2025-08-06 12:00:00,55.5,20.5,218.0,441,3.7,11.5,73.0,64.0,5.85,68,29.8,69,18.8,238,66
2025-08-06 13:00:00,56.1,21.0,221.0,441,3.6,11.0,74.0,60.0,4.85,68,30.0,68,18.1,233,73
2025-08-06 14:00:00,53.8,20.8,231.0,441,4.0,10.7,72.0,56.0,5.1,68,30.1,68,18.3,231,89
2025-08-06 15:00:00,52.4,20.8,248.0,441,4.4,10.6,69.0,52.0,3.8,68,29.5,72,18.3,232,45
2025-08-06 16:00:00,51.0,20.7,271.0,441,5.3,10.6,64.0,48.0,2.2,68,29.6,71,18.7,232,60
2025-08-06 17:00:00,54.6,21.9,294.0,441,7.6,10.9,59.0,55.0,0.85,68,29.0,74,18.4,230,78
2025-08-06 18:00:00,62.4,24.3,321.0,442,10.6,11.1,53.0,51.0,0.2,68,28.6,76,17.4,227,52
2025-08-06 19:00:00,52.7,22.2,349.0,442,14.7,11.5,46.0,45.0,0.0,68,28.0,79,15.3,232,22
2025-08-06 20:00:00,47.6,22.4,360.0,443,17.9,11.7,40.0,41.0,0.0,68,27.5,83,13.7,230,9
2025-08-06 21:00:00,52.4,24.1,344.0,443,19.4,11.8,37.0,41.0,0.0,68,27.2,84,13.4,230,20
2025-08-06 22:00:00,56.5,25.7,312.0,443,19.8,11.8,37.0,43.0,0.0,68,27.1,86,12.0,231,28
2025-08-06 23:00:00,51.8,24.6,277.0,443,19.3,11.5,37.0,44.0,0.0,69,27.0,86,12.3,240,31
2025-08-07 00:00:00,50.2,23.7,241.0,443,17.3,10.7,38.0,44.0,0.0,69,26.7,88,11.7,252,37
2025-08-07 01:00:00,48.7,22.6,203.0,443,14.3,9.7,41.0,43.0,0.0,69,26.6,89,11.7,259,31
2025-08-07 02:00:00,46.8,21.5,175.0,443,11.8,8.9,43.0,41.0,0.0,70,26.4,90,11.2,265,29
2025-08-07 03:00:00,44.9,20.5,158.0,443,10.0,8.4,44.0,38.0,0.0,70,26.2,90,12.1,267,51
2025-08-07 04:00:00,42.6,19.4,151.0,442,8.7,8.0,44.0,35.0,0.0,70,26.1,91,12.6,265,40
2025-08-07 05:00:00,38.9,18.3,165.0,442,8.1,8.2,45.0,33.0,0.0,70,26.1,91,12.5,262,35
2025-08-07 06:00:00,36.4,17.8,221.0,442,9.1,9.3,45.0,34.0,0.0,71,26.8,92,9.9,266,87
2025-08-07 07:00:00,37.6,19.2,298.0,443,10.9,10.9,45.0,36.0,0.25,71,27.1,88,12.1,263,92
2025-08-07 08:00:00,42.6,18.7,343.0,443,11.6,12.2,48.0,39.0,1.05,71,27.8,83,14.4,261,60
2025-08-07 09:00:00,45.4,18.9,323.0,442,9.9,12.8,55.0,44.0,2.65,70,28.7,76,16.2,251,76
2025-08-07 10:00:00,48.7,19.4,271.0,442,7.0,13.0,65.0,50.0,4.45,70,29.2,73,18.1,241,91
2025-08-07 11:00:00,53.8,20.8,231.0,441,4.8,13.0,73.0,56.0,6.05,70,29.4,72,17.8,239,77
2025-08-07 12:00:00,54.5,21.0,221.0,441,3.9,12.6,77.0,60.0,6.7,70,29.6,72,18.2,237,67
2025-08-07 13:00:00,59.6,22.5,223.0,441,3.6,11.9,78.0,64.0,6.35,70,30.0,70,18.4,239,74
2025-08-07 14:00:00,61.0,22.9,232.0,441,3.8,11.4,77.0,66.0,5.85,70,30.2,69,18.3,240,44
2025-08-07 15:00:00,69.6,25.0,250.0,441,4.2,11.5,74.0,68.0,4.2,70,30.0,70,19.0,239,54
2025-08-07 16:00:00,65.2,24.0,274.0,441,5.1,11.8,69.0,69.0,2.55,70,29.6,72,18.8,241,68
2025-08-07 17:00:00,61.9,23.0,292.0,441,6.7,12.1,64.0,67.0,1.15,71,29.2,73,17.8,242,48
2025-08-07 18:00:00,62.4,23.3,300.0,442,10.9,12.0,56.0,61.0,0.25,71,29.0,73,16.8,240,40
2025-08-07 19:00:00,58.3,23.2,303.0,442,16.6,12.0,44.0,52.0,0.0,71,28.0,80,15.1,245,9
2025-08-07 20:00:00,49.6,23.2,301.0,443,20.6,11.8,36.0,44.0,0.0,71,27.8,81,14.4,250,19
2025-08-07 21:00:00,48.0,23.2,296.0,443,21.5,11.6,34.0,40.0,0.0,71,27.7,81,14.0,248,16
2025-08-07 22:00:00,45.6,22.9,285.0,443,20.6,11.4,34.0,37.0,0.0,71,27.4,82,15.1,244,18
2025-08-07 23:00:00,44.1,22.6,267.0,443,18.8,10.8,36.0,34.0,0.0,71,27.2,83,14.3,250,14
2025-08-08 00:00:00,42.0,21.5,233.0,443,15.9,9.7,39.0,31.0,0.0,70,26.9,85,13.4,256,27
2025-08-08 01:00:00,38.3,19.7,192.0,442,12.2,8.2,43.0,29.0,0.0,70,26.8,86,12.8,260,33
2025-08-08 02:00:00,35.5,18.0,161.0,442,9.2,7.2,46.0,27.0,0.0,70,26.5,86,12.5,263,39
2025-08-08 03:00:00,33.9,17.1,146.0,442,7.6,6.8,47.0,26.0,0.0,70,26.2,89,12.2,268,33
2025-08-08 04:00:00,33.5,16.6,143.0,442,6.8,6.7,48.0,25.0,0.0,69,26.2,89,13.3,268,28
2025-08-08 05:00:00,34.8,16.6,156.0,442,6.2,6.8,49.0,29.0,0.0,69,26.2,88,13.7,269,43
2025-08-08 06:00:00,35.7,16.9,203.0,442,7.5,7.9,49.0,32.0,0.0,69,26.8,85,13.4,275,53
2025-08-08 07:00:00,38.5,18.3,267.0,442,9.2,9.4,49.0,37.0,0.3,69,27.0,83,15.0,273,40
2025-08-08 08:00:00,43.8,19.0,304.0,442,9.9,10.7,51.0,41.0,1.15,69,27.6,80,17.3,274,36
2025-08-08 09:00:00,46.1,19.5,286.0,442,8.7,11.5,57.0,43.0,2.75,69,28.6,74,18.3,263,39
2025-08-08 10:00:00,47.3,19.6,241.0,441,6.5,11.9,64.0,45.0,4.3,69,29.5,69,18.7,256,41
2025-08-08 11:00:00,47.8,19.9,208.0,441,4.7,12.1,70.0,47.0,5.3,69,30.0,66,18.8,250,55
2025-08-08 12:00:00,50.6,20.5,202.0,441,3.8,11.8,74.0,50.0,6.95,69,30.1,67,18.5,245,50
2025-08-08 13:00:00,49.4,19.7,208.0,441,3.3,11.1,76.0,52.0,7.3,69,30.6,64,18.3,238,86
2025-08-08 14:00:00,50.4,19.7,218.0,441,3.3,10.6,75.0,53.0,6.0,68,30.6,63,18.7,237,45
2025-08-08 15:00:00,48.4,19.0,235.0,441,3.8,10.4,71.0,52.0,4.45,68,30.3,65,19.3,233,56
2025-08-08 16:00:00,46.6,18.2,257.0,441,4.8,10.3,64.0,49.0,2.35,68,29.5,70,18.5,235,53
2025-08-08 17:00:00,56.5,20.7,268.0,441,6.0,10.1,59.0,61.0,1.05,67,29.2,71,18.3,244,53
2025-08-08 18:00:00,51.5,19.8,259.0,441,8.9,10.3,53.0,54.0,0.25,67,29.4,69,17.5,243,42
2025-08-08 19:00:00,44.9,18.3,240.0,442,12.9,10.5,45.0,43.0,0.0,67,28.8,74,18.1,237,65
2025-08-08 20:00:00,40.3,18.5,226.0,442,15.5,10.5,39.0,35.0,0.0,66,28.2,77,17.5,241,44
2025-08-08 21:00:00,37.7,17.5,229.0,442,15.6,10.3,38.0,31.0,0.0,66,27.9,79,17.7,239,100
2025-08-08 22:00:00,35.6,16.8,237.0,443,14.2,9.9,40.0,28.0,0.0,65,27.6,81,15.9,242,97
2025-08-08 23:00:00,33.1,16.2,234.0,443,12.6,9.4,42.0,26.0,0.0,65,27.3,82,15.1,255,98
2025-08-09 00:00:00,30.6,15.3,207.0,443,10.7,8.6,44.0,24.0,0.0,64,27.1,84,15.0,257,96
2025-08-09 01:00:00,29.6,14.6,168.0,442,8.5,7.7,46.0,23.0,0.0,64,26.9,85,15.2,259,23
2025-08-09 02:00:00,29.5,14.2,139.0,442,6.8,7.1,47.0,23.0,0.0,63,26.7,86,15.3,261,45
2025-08-09 03:00:00,29.9,14.1,123.0,442,5.9,6.8,48.0,23.0,0.0,63,26.6,86,14.3,263,57
2025-08-09 04:00:00,29.9,14.1,117.0,442,5.6,6.7,48.0,24.0,0.0,63,26.6,87,15.1,262,57
2025-08-09 05:00:00,27.9,13.6,128.0,442,5.5,6.8,49.0,23.0,0.0,62,26.5,87,15.6,264,63
2025-08-09 06:00:00,29.9,14.3,173.0,442,7.1,8.0,48.0,27.0,0.0,62,27.1,83,14.6,274,85
2025-08-09 07:00:00,34.8,16.2,235.0,442,9.3,9.7,47.0,32.0,0.25,62,27.1,84,16.0,272,64
2025-08-09 08:00:00,39.2,17.2,273.0,442,10.4,11.0,48.0,37.0,1.05,62,27.8,79,18.2,268,91
2025-08-09 09:00:00,45.1,18.7,261.0,442,9.4,11.7,51.0,41.0,2.15,61,28.5,74,16.7,264,77
2025-08-09 10:00:00,45.3,18.5,226.0,441,7.2,12.1,56.0,45.0,2.95,61,29.6,69,16.2,255,97
2025-08-09 11:00:00,46.2,18.3,199.0,441,5.4,12.1,61.0,48.0,3.9,61,30.0,67,16.3,245,98
2025-08-09 12:00:00,49.2,19.2,194.0,441,4.2,11.6,66.0,49.0,5.9,61,30.1,68,17.9,240,100
2025-08-09 13:00:00,47.7,19.0,199.0,440,3.4,10.9,70.0,48.0,7.4,61,30.0,69,18.2,238,98
2025-08-09 14:00:00,45.9,18.3,208.0,440,3.2,10.3,71.0,47.0,6.6,61,30.6,66,18.0,241,71
2025-08-09 15:00:00,50.4,19.3,225.0,440,4.0,10.1,67.0,47.0,4.25,61,30.2,68,18.6,235,82
2025-08-09 16:00:00,44.4,17.5,247.0,441,5.4,10.2,60.0,46.0,2.1,61,29.6,70,17.8,244,92
2025-08-09 17:00:00,48.8,19.7,262.0,441,8.6,11.0,49.0,49.0,0.6,61,29.3,72,18.5,246,98
2025-08-09 18:00:00,49.8,20.3,265.0,441,10.9,11.5,45.0,45.0,0.15,61,28.8,74,15.2,247,100
2025-08-09 19:00:00,44.2,19.7,262.0,442,14.1,12.2,41.0,38.0,0.0,61,28.0,79,14.2,244,100
2025-08-09 20:00:00,40.3,19.1,256.0,442,16.4,12.5,37.0,33.0,0.0,61,27.6,83,14.4,247,100
2025-08-09 21:00:00,36.0,18.4,251.0,442,17.1,12.1,36.0,29.0,0.0,61,27.5,85,14.4,252,100
2025-08-09 22:00:00,34.7,18.0,244.0,443,16.8,11.2,35.0,26.0,0.0,61,27.1,87,13.3,254,100
2025-08-09 23:00:00,33.3,17.4,229.0,443,15.8,10.3,36.0,24.0,0.0,61,27.0,88,13.5,258,98
2025-08-10 00:00:00,32.6,16.8,199.0,443,13.8,9.4,38.0,23.0,0.0,61,26.8,88,12.5,258,99
2025-08-10 01:00:00,31.7,16.2,161.0,442,11.1,8.5,40.0,23.0,0.0,61,26.6,89,12.3,262,99
2025-08-10 02:00:00,30.9,15.5,134.0,442,8.9,7.8,42.0,23.0,0.0,62,26.5,90,13.2,260,100
2025-08-10 03:00:00,30.2,15.0,121.0,442,7.5,7.3,43.0,23.0,0.0,62,26.3,91,13.6,262,92
2025-08-10 04:00:00,29.7,14.7,117.0,442,6.7,7.0,44.0,22.0,0.0,62,26.3,91,13.7,259,87
2025-08-10 05:00:00,33.3,15.2,131.0,442,6.6,7.4,44.0,29.0,0.0,62,26.3,90,13.4,264,75
2025-08-10 06:00:00,32.6,15.7,178.0,442,8.1,8.5,43.0,31.0,0.0,62,26.9,85,13.1,261,29
2025-08-10 07:00:00,36.2,17.4,241.0,441,10.2,9.9,42.0,33.0,0.25,62,27.0,84,14.1,266,45
2025-08-10 08:00:00,41.2,18.8,278.0,441,10.9,11.1,44.0,37.0,1.1,62,27.6,80,16.7,264,48
2025-08-10 09:00:00,44.8,19.4,262.0,441,9.1,11.8,52.0,43.0,2.85,62,28.6,74,15.7,259,47
2025-08-10 10:00:00,48.5,20.5,220.0,440,6.1,12.2,62.0,49.0,4.95,62,29.5,69,17.1,255,65
2025-08-10 11:00:00,53.4,22.1,190.0,440,3.8,12.3,70.0,54.0,7.05,63,29.8,68,17.5,255,100
2025-08-10 12:00:00,53.8,22.5,189.0,440,3.0,12.0,73.0,55.0,6.8,63,29.9,68,16.6,252,100
2025-08-10 13:00:00,54.0,22.6,200.0,440,3.0,11.5,74.0,54.0,7.25,63,30.0,67,16.7,244,100
2025-08-10 14:00:00,53.8,22.6,214.0,440,3.4,11.0,72.0,53.0,6.2,63,30.0,68,17.5,238,97
2025-08-10 15:00:00,51.5,21.8,229.0,440,4.0,10.8,68.0,51.0,3.9,64,29.6,71,18.7,236,87
2025-08-10 16:00:00,51.3,21.3,246.0,441,5.0,10.7,61.0,49.0,2.35,64,29.3,72,18.4,235,95
2025-08-10 17:00:00,51.8,21.0,260.0,441,7.2,11.5,54.0,52.0,0.8,64,29.0,72,18.2,238,47
2025-08-10 18:00:00,48.2,20.6,271.0,441,9.6,11.7,49.0,50.0,0.2,65,28.7,72,15.9,244,15
2025-08-10 19:00:00,48.2,21.0,279.0,442,12.9,12.0,43.0,46.0,0.0,65,28.0,76,16.2,246,54
2025-08-10 20:00:00,48.3,21.8,279.0,442,15.3,12.0,38.0,43.0,0.0,65,27.6,81,15.2,237,43
2025-08-10 21:00:00,45.2,21.3,268.0,442,16.1,11.5,36.0,40.0,0.0,65,27.5,81,15.0,240,27
2025-08-10 22:00:00,45.1,21.3,249.0,442,15.9,10.6,36.0,38.0,0.0,65,27.1,84,14.6,248,27
2025-08-10 23:00:00,43.2,20.8,226.0,442,14.9,9.7,37.0,36.0,0.0,65,26.8,86,13.6,255,36
2025-08-11 00:00:00,42.4,20.0,196.0,442,12.7,8.7,39.0,34.0,0.0,66,26.8,86,13.5,257,44
2025-08-11 01:00:00,39.5,18.6,162.0,442,9.7,7.7,42.0,33.0,0.0,66,26.5,87,13.8,257,23
2025-08-11 02:00:00,37.4,17.2,137.0,442,7.3,6.9,44.0,32.0,0.0,66,26.4,88,13.4,259,35
2025-08-11 03:00:00,35.9,16.2,123.0,442,6.1,6.4,45.0,31.0,0.0,66,26.3,88,13.6,259,37
2025-08-11 04:00:00,35.2,15.6,117.0,442,5.6,6.1,44.0,30.0,0.0,67,26.1,89,14.5,262,39
2025-08-11 05:00:00,36.2,15.6,131.0,442,5.3,6.4,45.0,34.0,0.0,67,26.2,88,13.9,266,16
2025-08-11 06:00:00,38.0,16.1,182.0,442,7.0,7.4,44.0,38.0,0.0,67,26.7,87,16.0,261,100
2025-08-11 07:00:00,43.2,17.8,251.0,442,9.3,8.8,42.0,44.0,0.25,67,26.8,87,16.1,265,100
2025-08-11 08:00:00,48.4,19.0,293.0,442,10.4,9.9,42.0,50.0,1.0,67,27.4,81,17.5,261,82
2025-08-11 09:00:00,52.9,19.5,278.0,442,9.1,10.6,47.0,55.0,2.3,67,28.5,74,18.4,255,74
2025-08-11 10:00:00,54.1,19.7,235.0,441,6.7,11.0,53.0,59.0,3.85,67,29.0,72,19.4,251,99
2025-08-11 11:00:00,54.8,20.0,203.0,441,4.8,11.1,58.0,61.0,4.8,67,29.2,72,20.2,250,100
2025-08-11 12:00:00,55.6,20.3,197.0,441,4.1,10.8,59.0,61.0,5.1,66,28.6,75,20.8,249,100
2025-08-11 13:00:00,54.4,20.3,201.0,441,4.0,10.2,59.0,58.0,4.65,66,28.8,74,21.0,249,100
2025-08-11 14:00:00,52.6,20.0,212.0,441,4.3,9.8,57.0,56.0,3.8,66,28.6,75,21.4,249,100
2025-08-11 15:00:00,52.2,20.3,230.0,441,4.9,9.7,55.0,54.0,2.9,66,28.8,73,20.5,249,68
2025-08-11 16:00:00,49.6,19.6,253.0,441,6.0,9.9,51.0,52.0,1.65,66,28.9,73,20.9,242,95
2025-08-11 17:00:00,59.6,22.6,274.0,441,7.5,10.6,49.0,63.0,0.75,66,28.5,75,18.5,242,98
2025-08-11 18:00:00,56.7,22.6,294.0,442,10.9,10.6,44.0,56.0,0.2,66,28.4,76,18.2,237,100
2025-08-11 19:00:00,54.2,22.5,311.0,442,15.5,10.6,37.0,47.0,0.0,66,28.0,79,17.7,233,100
2025-08-11 20:00:00,46.1,21.7,314.0,443,18.2,10.4,33.0,40.0,0.0,66,27.5,81,15.8,240,100
2025-08-11 21:00:00,43.1,20.7,292.0,443,17.5,10.0,33.0,36.0,0.0,66,27.5,80,16.2,243,73
2025-08-11 22:00:00,41.9,20.0,255.0,442,14.8,9.4,36.0,35.0,0.0,66,27.5,80,14.5,245,86
2025-08-11 23:00:00,40.2,19.4,219.0,442,12.2,8.7,39.0,33.0,0.0,66,27.3,80,16.6,247,91
2025-08-12 00:00:00,37.8,18.6,187.0,442,9.9,7.9,41.0,31.0,0.0,66,27.1,81,17.5,251,100
2025-08-12 01:00:00,37.5,18.1,156.0,441,7.5,7.0,43.0,29.0,0.0,66,27.0,81,16.2,255,36
2025-08-12 02:00:00,35.9,17.3,134.0,441,5.8,6.3,44.0,28.0,0.0,66,26.7,82,17.3,261,86
2025-08-12 03:00:00,34.6,16.4,123.0,441,4.9,6.0,44.0,29.0,0.0,66,26.8,81,16.9,263,52
2025-08-12 04:00:00,41.8,18.7,121.0,441,4.6,5.9,44.0,31.0,0.0,66,26.6,82,18.0,263,53
2025-08-12 05:00:00,34.6,15.7,133.0,441,5.0,6.1,44.0,30.0,0.0,66,26.9,80,18.0,262,89
2025-08-12 06:00:00,33.5,15.1,171.0,441,6.4,6.9,43.0,31.0,0.0,66,27.4,77,17.8,262,80
2025-08-12 07:00:00,35.2,15.8,224.0,441,8.2,8.0,42.0,32.0,0.25,66,27.4,79,18.3,260,89
2025-08-12 08:00:00,36.4,16.1,255.0,441,9.1,9.0,43.0,33.0,1.05,66,27.6,79,22.0,262,95
2025-08-12 09:00:00,38.3,16.4,245.0,441,8.0,9.6,47.0,35.0,2.15,65,28.4,74,20.1,263,68
2025-08-12 10:00:00,40.9,17.3,213.0,440,6.0,10.1,52.0,38.0,3.2,65,29.4,68,21.1,258,100
2025-08-12 11:00:00,41.1,17.5,191.0,440,4.4,10.3,56.0,39.0,4.9,65,29.4,69,21.6,255,100
2025-08-12 12:00:00,38.8,17.1,188.0,440,3.7,10.2,59.0,37.0,5.1,65,29.5,70,21.1,248,100
2025-08-12 13:00:00,37.3,16.9,194.0,440,3.4,9.8,61.0,34.0,5.4,64,29.5,70,20.9,246,100
2025-08-12 14:00:00,36.6,16.9,206.0,440,3.6,9.6,61.0,31.0,5.2,64,29.4,71,21.6,241,100
2025-08-12 15:00:00,36.2,17.2,226.0,440,4.4,9.6,59.0,29.0,3.7,64,29.2,71,20.3,239,100
2025-08-12 16:00:00,35.3,16.9,253.0,441,5.6,9.6,55.0,28.0,1.7,63,28.9,73,20.7,237,96
2025-08-12 17:00:00,41.9,19.7,277.0,441,7.2,10.0,52.0,34.0,0.7,63,28.5,75,19.2,235,98
2025-08-12 18:00:00,43.5,21.0,300.0,442,10.7,10.2,47.0,33.0,0.2,63,28.4,76,16.2,240,100
2025-08-12 19:00:00,44.7,21.7,321.0,442,15.4,10.5,39.0,31.0,0.0,63,28.0,78,15.7,231,99
2025-08-12 20:00:00,44.1,23.3,331.0,443,18.5,10.7,34.0,31.0,0.0,63,27.6,81,15.8,236,100
2025-08-12 21:00:00,45.1,24.0,327.0,444,18.8,10.7,33.0,33.0,0.0,63,27.5,82,13.7,238,100
2025-08-12 22:00:00,48.5,25.4,312.0,444,17.5,10.5,34.0,36.0,0.0,63,27.3,84,12.7,243,100
2025-08-12 23:00:00,51.3,26.7,287.0,444,15.7,10.1,36.0,37.0,0.0,64,27.2,85,13.5,245,100
2025-08-13 00:00:00,49.8,25.9,242.0,443,13.2,9.2,38.0,35.0,0.0,64,27.0,86,13.5,245,100
2025-08-13 01:00:00,49.2,25.7,187.0,443,10.2,8.1,41.0,32.0,0.0,65,26.5,88,13.9,249,99
2025-08-13 02:00:00,42.4,22.4,147.0,442,7.9,7.3,43.0,29.0,0.0,66,26.4,90,13.3,249,94
2025-08-13 03:00:00,33.3,18.1,130.0,442,6.6,6.9,44.0,26.0,0.0,66,26.4,89,13.2,253,100
2025-08-13 04:00:00,31.7,16.8,130.0,442,6.1,6.8,43.0,23.0,0.0,66,26.6,86,11.8,258,99
2025-08-13 05:00:00,27.6,15.9,150.0,442,6.5,7.4,44.0,16.0,0.0,66,26.5,86,11.9,256,100
2025-08-13 06:00:00,30.6,16.5,212.0,442,8.4,8.9,43.0,21.0,0.0,66,27.1,85,10.8,252,100
2025-08-13 07:00:00,37.3,18.9,295.0,443,11.0,10.9,43.0,28.0,0.25,66,27.3,84,10.6,252,100
2025-08-13 08:00:00,42.7,20.5,344.0,443,12.3,12.6,44.0,35.0,0.95,67,28.1,78,13.1,255,98
2025-08-13 09:00:00,55.4,24.9,326.0,443,11.0,13.5,49.0,40.0,1.85,67,29.0,73,14.0,252,100
2025-08-13 10:00:00,51.8,23.1,275.0,442,8.4,14.0,57.0,45.0,2.7,68,29.2,73,14.5,240,100
2025-08-13 11:00:00,52.3,22.8,236.0,442,6.3,14.1,63.0,49.0,3.3,68,29.2,74,14.9,233,100
2025-08-13 12:00:00,54.5,23.3,226.0,442,5.3,13.7,66.0,51.0,3.55,69,29.5,74,16.4,226,100
2025-08-13 13:00:00,54.6,23.1,229.0,441,4.9,12.9,68.0,51.0,3.05,69,29.7,73,17.6,224,100
2025-08-13 14:00:00,53.3,22.4,238.0,441,5.0,12.4,68.0,52.0,2.9,70,29.5,74,15.9,223,100
2025-08-13 15:00:00,51.6,21.5,252.0,441,5.7,12.4,66.0,53.0,1.8,70,29.8,72,16.0,219,100
2025-08-13 16:00:00,53.7,21.9,272.0,442,6.9,12.7,62.0,54.0,1.35,71,29.3,74,14.8,221,99
2025-08-13 17:00:00,52.4,22.2,295.0,442,9.9,14.4,55.0,50.0,0.6,71,29.0,76,14.5,214,91
2025-08-13 18:00:00,50.6,21.1,327.0,443,13.4,14.5,49.0,48.0,0.15,71,28.8,78,12.4,208,95
2025-08-13 19:00:00,50.4,20.7,362.0,443,18.3,14.6,40.0,46.0,0.0,71,28.1,82,12.0,202,100
2025-08-13 20:00:00,48.9,21.5,384.0,444,21.9,14.6,33.0,44.0,0.0,71,27.8,84,11.1,200,100
2025-08-13 21:00:00,49.7,22.1,383.0,444,23.1,14.3,30.0,42.0,0.0,71,27.7,84,10.8,204,100
2025-08-13 22:00:00,48.3,21.8,369.0,444,23.1,13.9,29.0,41.0,0.0,71,27.5,85,8.8,199,100
2025-08-13 23:00:00,46.0,21.3,359.0,445,22.6,13.3,29.0,39.0,0.0,71,27.4,86,7.0,206,97
2025-08-14 00:00:00,43.9,20.9,366.0,446,21.4,12.4,29.0,36.0,0.0,70,27.1,88,4.8,207,100
2025-08-14 01:00:00,41.6,20.2,377.0,448,19.6,11.3,29.0,33.0,0.0,70,27.0,90,3.8,221,100
2025-08-14 02:00:00,39.7,19.7,375.0,449,18.5,10.9,29.0,31.0,0.0,69,26.9,90,3.4,198,98
2025-08-14 03:00:00,39.8,19.9,334.0,449,18.9,11.4,27.0,30.0,0.0,69,26.7,90,4.3,180,100
2025-08-14 04:00:00,45.4,21.1,281.0,448,20.1,12.4,24.0,30.0,0.0,69,26.8,90,4.5,182,97
2025-08-14 05:00:00,53.4,25.3,274.0,448,23.4,17.8,26.0,43.0,0.0,69,26.6,90,4.3,208,100
2025-08-14 06:00:00,44.1,23.9,369.0,448,23.0,19.5,27.0,41.0,0.0,70,27.1,90,2.5,150,100
2025-08-14 07:00:00,47.4,24.6,510.0,449,22.2,21.8,28.0,38.0,0.2,71,27.3,90,3.4,155,100
2025-08-14 08:00:00,48.5,23.2,592.0,449,20.3,23.0,32.0,39.0,0.9,71,28.0,86,5.0,142,98
2025-08-14 09:00:00,52.3,21.1,555.0,448,16.3,22.3,42.0,47.0,2.4,72,29.1,79,7.5,150,100
2025-08-14 10:00:00,57.0,21.7,458.0,446,11.1,20.6,55.0,57.0,3.45,71,29.9,74,8.9,156,61
2025-08-14 11:00:00,59.3,22.0,377.0,444,7.2,19.0,65.0,65.0,4.55,71,30.4,72,10.0,166,94
2025-08-14 12:00:00,59.5,21.9,336.0,443,5.5,17.8,71.0,66.0,5.2,71,30.5,70,9.6,185,92
2025-08-14 13:00:00,56.8,21.6,310.0,443,5.0,16.6,75.0,63.0,5.05,71,30.5,70,10.7,189,98
2025-08-14 14:00:00,56.5,21.4,303.0,443,5.2,15.8,75.0,61.0,3.9,71,30.6,69,13.7,184,74
2025-08-14 15:00:00,56.3,20.8,320.0,443,5.9,15.6,71.0,61.0,2.55,71,30.1,72,13.3,182,99
2025-08-14 16:00:00,55.4,20.0,354.0,444,7.3,15.6,63.0,62.0,1.6,71,29.8,75,13.1,180,91
2025-08-14 17:00:00,61.2,22.9,393.0,444,13.7,16.5,54.0,67.0,0.3,71,29.4,77,12.8,177,100
2025-08-14 18:00:00,58.7,21.7,445.0,445,18.4,16.4,45.0,61.0,0.15,71,29.0,78,6.8,182,100
2025-08-14 19:00:00,53.3,21.3,501.0,446,24.8,16.2,33.0,52.0,0.0,71,28.7,80,7.7,168,99
2025-08-14 20:00:00,47.8,21.3,519.0,446,29.6,15.9,24.0,46.0,0.0,71,28.3,84,7.7,168,100
2025-08-14 21:00:00,46.3,22.1,469.0,446,31.4,15.5,21.0,44.0,0.0,71,27.9,87,6.0,183,99
2025-08-14 22:00:00,47.5,22.3,382.0,445,31.5,14.9,21.0,44.0,0.0,71,27.8,88,4.9,176,100
2025-08-14 23:00:00,48.4,21.9,309.0,444,30.7,14.2,22.0,45.0,0.0,71,27.6,89,5.6,165,100
2025-08-15 00:00:00,49.6,21.5,270.0,443,28.7,13.0,23.0,45.0,0.0,71,27.6,89,4.4,173,100
2025-08-15 01:00:00,50.4,21.6,247.0,443,25.6,11.6,26.0,46.0,0.0,71,27.5,89,2.0,180,100
2025-08-15 02:00:00,50.8,21.7,233.0,443,23.0,11.3,28.0,50.0,0.0,71,27.5,90,1.5,144,100
2025-08-15 03:00:00,52.0,22.1,205.0,443,20.8,12.8,31.0,61.0,0.0,71,27.4,90,1.3,106,100
2025-08-15 04:00:00,69.4,23.5,187.0,443,19.0,15.4,33.0,75.0,0.0,71,27.4,90,2.2,99,100
2025-08-15 05:00:00,69.4,26.8,246.0,445,28.9,19.0,24.0,73.0,0.0,72,27.4,90,1.1,72,100
2025-08-15 06:00:00,61.5,27.4,460.0,450,29.0,23.4,25.0,80.0,0.0,72,27.2,93,3.5,351,100
2025-08-15 07:00:00,70.8,29.2,750.0,456,29.1,29.4,28.0,89.0,0.25,72,27.4,92,3.8,11,97
2025-08-15 08:00:00,85.2,31.7,946.0,460,27.6,33.3,34.0,95.0,1.25,72,28.3,84,3.6,30,89
2025-08-15 09:00:00,97.8,34.0,966.0,460,23.5,33.4,47.0,97.0,2.9,73,29.5,73,3.5,75,83
2025-08-15 10:00:00,93.6,33.9,892.0,457,18.0,31.5,64.0,96.0,4.55,74,30.5,66,3.7,119,80
2025-08-15 11:00:00,83.4,30.9,798.0,454,13.2,29.3,80.0,93.0,2.65,75,31.4,62,6.4,172,45
2025-08-15 12:00:00,78.2,29.7,696.0,452,9.7,27.0,94.0,88.0,4.7,76,32.0,60,8.7,186,35
2025-08-15 13:00:00,76.8,30.4,574.0,450,6.9,24.5,107.0,82.0,7.5,77,32.3,59,8.9,204,58
2025-08-15 14:00:00,76.1,30.9,476.0,448,5.5,22.6,114.0,78.0,7.0,78,32.7,58,11.5,209,53
2025-08-15 15:00:00,77.8,31.4,420.0,446,5.7,22.1,113.0,80.0,4.45,79,31.9,63,13.4,215,35
2025-08-15 16:00:00,79.9,31.7,388.0,445,7.2,22.2,107.0,84.0,2.45,79,31.5,63,13.2,217,35
2025-08-15 17:00:00,63.1,25.7,371.0,444,9.3,20.5,93.0,65.0,1.25,80,30.3,72,12.7,218,51
2025-08-15 18:00:00,64.0,25.5,374.0,444,14.6,19.1,75.0,65.0,0.3,81,30.2,71,9.7,242,73
2025-08-15 19:00:00,62.4,24.9,391.0,445,22.1,17.2,51.0,65.0,0.0,81,29.5,75,8.5,246,93
2025-08-15 20:00:00,61.9,25.1,396.0,445,28.5,15.8,31.0,65.0,0.0,81,29.0,79,8.3,259,94
2025-08-15 21:00:00,62.4,25.3,377.0,445,32.9,15.5,21.0,64.0,0.0,82,28.8,80,6.1,265,97
2025-08-15 22:00:00,62.6,25.7,346.0,445,36.2,15.8,16.0,62.0,0.0,82,28.5,82,5.4,249,95
2025-08-15 23:00:00,61.0,27.1,316.0,445,37.9,15.9,13.0,60.0,0.0,82,28.2,84,3.9,248,100
2025-08-16 00:00:00,61.7,27.7,288.0,445,37.4,15.5,13.0,59.0,0.0,83,28.0,85,2.9,263,97
2025-08-16 01:00:00,61.0,27.2,262.0,445,35.3,14.9,14.0,59.0,0.0,83,27.8,87,3.4,252,84
2025-08-16 02:00:00,59.6,26.0,241.0,446,33.1,14.6,16.0,59.0,0.0,84,27.5,88,3.8,278,44
2025-08-16 03:00:00,56.9,25.0,223.0,448,31.6,14.3,16.0,56.0,0.0,84,27.4,89,3.7,281,54
2025-08-16 04:00:00,55.8,24.3,212.0,451,30.0,14.2,15.0,53.0,0.0,84,27.2,91,4.1,257,13
2025-08-16 05:00:00,55.1,24.6,224.0,453,29.0,16.9,16.0,54.0,0.0,85,27.1,92,5.1,293,26
2025-08-16 06:00:00,61.5,25.4,282.0,452,27.0,19.9,19.0,70.0,0.0,84,27.4,92,5.8,296,97
2025-08-16 07:00:00,70.3,26.8,363.0,450,24.1,24.3,25.0,92.0,0.3,84,27.5,91,6.7,297,53
2025-08-16 08:00:00,86.8,28.4,417.0,448,20.9,28.2,36.0,106.0,1.35,84,28.6,83,5.2,301,100
2025-08-16 09:00:00,89.4,29.6,419.0,447,17.2,31.8,58.0,104.0,3.05,84,29.3,77,4.6,296,100
2025-08-16 10:00:00,83.1,30.5,394.0,446,13.0,35.1,85.0,93.0,5.7,83,30.1,72,3.4,273,100
2025-08-16 11:00:00,80.6,32.7,366.0,445,9.6,36.3,109.0,83.0,8.7,83,31.6,65,4.2,239,55
2025-08-16 12:00:00,76.4,33.1,336.0,444,6.9,33.9,127.0,76.0,10.1,83,32.9,61,9.1,212,42
2025-08-16 13:00:00,69.4,31.4,303.0,444,4.8,29.3,141.0,70.0,9.7,83,32.8,63,12.7,216,69
2025-08-16 14:00:00,65.2,30.4,288.0,444,4.2,25.4,146.0,65.0,7.85,84,32.3,62,14.6,213,72
2025-08-16 15:00:00,63.6,30.0,307.0,444,5.4,23.2,136.0,62.0,4.65,83,32.0,61,13.5,217,67
2025-08-16 16:00:00,61.9,28.8,345.0,444,8.0,21.7,117.0,61.0,2.15,83,31.5,64,12.9,220,95
2025-08-16 17:00:00,66.6,34.1,374.0,444,10.1,25.0,127.0,60.0,1.05,83,30.5,71,13.0,226,100
2025-08-16 18:00:00,60.3,30.0,387.0,445,15.0,22.2,100.0,56.0,0.25,84,30.5,71,10.1,235,100
2025-08-16 19:00:00,52.2,26.2,392.0,445,21.9,18.3,64.0,49.0,0.0,84,29.5,78,9.8,238,88
2025-08-16 20:00:00,49.9,24.2,384.0,446,27.5,15.3,35.0,45.0,0.0,84,29.2,80,8.6,248,85
2025-08-16 21:00:00,50.9,23.7,357.0,446,30.9,14.3,23.0,44.0,0.0,84,29.0,81,7.5,250,79
2025-08-16 22:00:00,52.7,24.1,316.0,445,32.9,14.2,19.0,45.0,0.0,84,28.7,83,7.4,252,100
2025-08-16 23:00:00,51.3,24.9,276.0,445,33.2,14.2,18.0,46.0,0.0,84,28.5,84,7.3,259,38
2025-08-17 00:00:00,50.6,24.4,235.0,445,30.8,13.8,19.0,46.0,0.0,84,28.2,85,7.9,283,95
2025-08-17 01:00:00,48.8,23.0,195.0,445,26.6,13.4,22.0,45.0,0.0,83,28.0,86,7.8,292,99
2025-08-17 02:00:00,46.9,21.5,168.0,445,22.8,13.1,25.0,44.0,0.0,83,27.8,88,9.3,299,100
2025-08-17 03:00:00,45.2,20.4,153.0,445,20.1,12.9,26.0,42.0,0.0,83,27.6,88,9.9,305,98
2025-08-17 04:00:00,43.4,19.5,152.0,446,17.9,13.0,27.0,41.0,0.0,82,27.5,88,8.9,310,88
2025-08-17 05:00:00,39.1,18.5,184.0,446,18.1,13.5,25.0,34.0,0.0,82,27.5,89,8.3,309,93
2025-08-17 06:00:00,40.9,18.2,285.0,447,17.5,15.1,27.0,40.0,0.0,81,27.5,91,7.5,297,5
2025-08-17 07:00:00,47.5,19.4,420.0,448,16.5,17.5,31.0,49.0,0.3,81,27.7,89,6.2,280,2
2025-08-17 08:00:00,51.9,20.7,503.0,448,15.1,19.7,40.0,54.0,1.3,80,28.8,82,4.6,279,8
2025-08-17 09:00:00,51.6,21.8,484.0,447,12.8,21.8,60.0,54.0,3.35,79,30.3,73,4.5,254,27
2025-08-17 10:00:00,51.6,23.5,413.0,446,9.9,23.8,86.0,51.0,6.05,79,31.5,66,5.8,234,79
2025-08-17 11:00:00,54.4,25.8,355.0,445,7.6,25.0,108.0,48.0,8.5,78,31.9,67,8.7,233,32
2025-08-17 12:00:00,56.5,28.0,332.0,444,6.0,25.2,127.0,47.0,9.2,77,32.7,64,9.7,225,43
2025-08-17 13:00:00,55.4,28.5,321.0,444,4.9,24.6,142.0,46.0,8.65,77,33.0,63,11.6,217,90
2025-08-17 14:00:00,54.7,28.8,320.0,444,4.8,23.6,147.0,45.0,7.5,77,32.3,65,13.1,232,98
2025-08-17 15:00:00,53.1,28.2,333.0,444,5.9,22.0,136.0,42.0,5.25,77,32.1,65,10.2,236,99
2025-08-17 16:00:00,48.9,26.1,356.0,445,8.1,20.1,114.0,39.0,2.6,76,32.5,64,10.9,239,99
2025-08-17 17:00:00,45.5,26.5,375.0,445,12.0,21.8,111.0,31.0,1.15,76,32.0,67,11.9,247,91
2025-08-17 18:00:00,41.0,23.2,385.0,446,16.9,20.2,87.0,31.0,0.2,76,31.7,68,11.2,260,92
2025-08-17 19:00:00,38.8,21.5,391.0,446,23.7,18.0,53.0,30.0,0.0,75,30.8,71,9.4,263,98
2025-08-17 20:00:00,39.2,21.1,392.0,447,29.0,16.4,28.0,30.0,0.0,75,30.3,72,7.7,279,86
2025-08-17 21:00:00,39.8,21.2,393.0,448,31.2,16.1,19.0,30.0,0.0,74,30.0,73,7.1,277,87
2025-08-17 22:00:00,40.4,21.4,390.0,449,31.8,16.4,17.0,31.0,0.0,74,29.5,77,6.3,275,100
2025-08-17 23:00:00,40.4,21.8,371.0,450,32.2,16.6,17.0,31.0,0.0,74,29.1,80,7.9,297,100
2025-08-18 00:00:00,40.4,22.1,320.0,450,33.2,16.3,15.0,29.0,0.0,73,28.9,83,7.6,313,100
2025-08-18 01:00:00,38.5,23.2,253.0,449,34.0,15.8,13.0,27.0,0.0,73,28.6,86,8.4,310,100
2025-08-18 02:00:00,38.0,22.6,202.0,448,33.5,15.4,13.0,25.0,0.0,73,28.3,88,7.7,298,88
2025-08-18 03:00:00,37.4,21.3,168.0,447,30.6,15.0,15.0,24.0,0.0,73,28.1,89,8.0,301,23
2025-08-18 04:00:00,36.9,20.3,149.0,447,26.5,14.7,18.0,25.0,0.0,73,27.9,91,8.5,312,21
2025-08-18 05:00:00,36.0,18.8,178.0,447,21.5,13.1,25.0,29.0,0.0,74,27.8,91,8.4,307,100
2025-08-18 06:00:00,39.3,21.1,295.0,448,22.9,15.0,23.0,32.0,0.0,74,28.2,93,6.5,314,84
2025-08-18 07:00:00,43.4,23.7,460.0,450,24.6,17.8,21.0,36.0,0.3,74,28.5,90,6.7,329,77
2025-08-18 08:00:00,47.0,25.0,578.0,452,24.5,20.9,31.0,37.0,1.35,74,29.8,82,6.0,331,95
2025-08-18 09:00:00,49.8,27.2,603.0,452,21.0,25.2,65.0,34.0,3.3,75,32.0,69,5.7,342,72
2025-08-18 10:00:00,45.4,27.1,582.0,452,15.6,29.9,110.0,28.0,5.9,75,34.3,59,2.3,331,41
2025-08-18 11:00:00,39.5,27.8,563.0,452,11.1,31.8,146.0,22.0,7.95,75,35.3,54,3.6,180,97
2025-08-18 12:00:00,38.9,29.6,564.0,452,8.0,28.4,164.0,17.0,8.95,76,35.3,55,7.9,180,98
2025-08-18 13:00:00,36.2,28.9,566.0,452,5.7,22.2,173.0,13.0,7.8,76,34.0,67,12.7,230,99
2025-08-18 14:00:00,33.4,27.6,562.0,452,5.0,17.7,172.0,11.0,5.5,76,31.9,75,4.9,274,82
2025-08-18 15:00:00,34.3,28.3,533.0,451,6.3,16.9,160.0,13.0,3.65,76,33.7,66,6.1,227,51
2025-08-18 16:00:00,37.4,28.5,498.0,450,9.2,17.7,139.0,17.0,1.95,84,32.2,72,10.6,231,27
2025-08-18 17:00:00,38.0,28.2,503.0,449,13.0,16.7,109.0,17.0,0.9,107,31.9,71,11.7,239,51
2025-08-18 18:00:00,40.7,27.9,605.0,450,18.9,18.2,91.0,20.0,0.2,116,31.6,71,9.6,233,16
2025-08-18 19:00:00,43.8,28.6,747.0,453,27.1,20.3,67.0,24.0,0.0,112,30.4,78,9.3,246,29
2025-08-18 20:00:00,44.4,28.0,805.0,454,32.6,21.4,48.0,27.0,0.0,95,29.8,82,8.3,297,36
2025-08-18 21:00:00,43.9,27.1,698.0,453,33.4,20.9,39.0,27.0,0.0,78,28.4,86,11.5,321,45
2025-08-18 22:00:00,41.6,25.0,508.0,451,31.6,19.6,36.0,26.0,0.0,78,28.2,88,6.6,323,29
2025-08-18 23:00:00,39.8,24.2,351.0,450,29.1,18.0,35.0,25.0,0.0,79,28.0,89,8.3,304,56
2025-08-19 00:00:00,37.4,22.9,275.0,450,26.2,16.1,35.0,24.0,0.0,79,27.9,89,6.8,348,98
2025-08-19 01:00:00,34.6,21.6,234.0,450,22.6,14.0,37.0,22.0,0.0,79,27.9,89,4.8,315,100
2025-08-19 02:00:00,32.9,20.8,204.0,449,19.6,12.4,39.0,20.0,0.0,79,27.6,89,7.1,304,100
2025-08-19 03:00:00,31.3,20.0,161.0,447,17.2,11.5,40.0,18.0,0.0,79,27.6,88,4.1,319,100
2025-08-19 04:00:00,29.3,19.0,129.0,445,15.3,11.1,42.0,16.0,0.0,78,27.6,88,3.8,253,100
2025-08-19 05:00:00,25.4,19.7,163.0,444,11.3,11.2,58.0,10.0,0.0,78,27.0,92,4.7,254,100
2025-08-19 06:00:00,27.6,21.2,337.0,447,15.9,12.7,53.0,10.0,0.0,78,27.7,93,7.8,7,100
2025-08-19 07:00:00,31.2,24.6,577.0,451,22.1,15.0,47.0,11.0,0.2,78,26.8,94,10.4,228,100
2025-08-19 08:00:00,35.2,26.0,712.0,453,25.2,17.6,51.0,17.0,1.25,78,27.0,97,7.1,297,100
2025-08-19 09:00:00,43.2,26.9,633.0,452,22.0,21.0,77.0,32.0,2.75,79,27.9,92,5.0,235,99
2025-08-19 10:00:00,60.3,29.6,450.0,449,15.6,24.8,114.0,52.0,4.85,79,28.6,87,10.2,279,98
2025-08-19 11:00:00,63.6,30.5,317.0,447,11.2,27.0,139.0,64.0,5.3,79,29.5,83,7.6,295,94
2025-08-19 12:00:00,66.1,32.2,298.0,447,10.4,26.6,143.0,63.0,2.5,79,30.9,76,8.6,327,100
2025-08-19 13:00:00,73.3,35.9,330.0,448,11.4,24.7,136.0,54.0,2.0,79,31.3,73,7.9,330,100
2025-08-19 14:00:00,55.8,31.1,381.0,449,14.1,22.7,123.0,46.0,2.3,80,32.2,70,4.9,332,96
2025-08-19 15:00:00,47.5,27.3,457.0,450,18.9,21.1,102.0,39.0,0.7,80,32.1,69,10.6,296,100
2025-08-19 16:00:00,41.3,26.1,552.0,451,25.5,19.4,76.0,32.0,0.5,80,31.3,74,8.5,322,100
2025-08-19 17:00:00,58.8,36.8,617.0,452,45.0,19.7,48.0,41.0,0.1,80,30.9,77,6.7,284,100
2025-08-19 18:00:00,59.4,37.6,632.0,453,48.9,19.9,41.0,39.0,0.05,81,28.0,88,7.1,223,100
2025-08-19 19:00:00,56.9,37.4,617.0,453,53.9,20.1,32.0,36.0,0.0,81,27.9,89,6.8,245,100
2025-08-19 20:00:00,53.1,35.5,582.0,453,55.9,19.9,26.0,33.0,0.0,82,27.6,91,6.9,285,100
2025-08-19 21:00:00,46.6,32.0,524.0,453,52.0,18.8,26.0,29.0,0.0,83,27.5,92,7.1,297,100
2025-08-19 22:00:00,42.3,29.2,446.0,452,44.9,17.3,28.0,25.0,0.0,83,27.5,92,7.0,320,100
2025-08-19 23:00:00,40.5,28.3,371.0,451,38.7,15.9,30.0,22.0,0.0,84,27.5,91,8.8,316,100
2025-08-20 00:00:00,40.0,27.6,300.0,450,35.1,14.9,29.0,22.0,0.0,84,27.5,90,9.6,310,100
2025-08-20 01:00:00,40.4,27.5,232.0,449,32.4,14.1,28.0,23.0,0.0,84,27.4,92,10.6,310,100
2025-08-20 02:00:00,39.1,27.0,188.0,448,29.4,13.4,30.0,22.0,0.0,85,27.2,94,10.3,295,100
2025-08-20 03:00:00,37.1,26.0,171.0,448,25.0,12.9,38.0,18.0,0.0,86,26.6,97,9.7,305,100
2025-08-20 04:00:00,32.2,24.6,177.0,448,20.3,12.6,49.0,12.0,0.0,86,26.6,98,5.7,347,100
2025-08-20 05:00:00,29.5,21.5,222.0,448,18.8,10.9,36.0,14.0,0.0,87,26.2,97,4.8,326,100
2025-08-20 06:00:00,29.6,22.8,336.0,449,19.1,12.0,47.0,12.0,0.0,87,27.0,95,9.7,304,100
2025-08-20 07:00:00,30.7,26.3,488.0,450,19.3,13.6,64.0,8.0,0.25,87,27.0,94,6.6,327,100
2025-08-20 08:00:00,28.9,25.3,596.0,452,18.3,14.7,84.0,7.0,1.2,87,27.6,93,6.2,339,94
2025-08-20 09:00:00,28.5,24.0,619.0,454,14.8,15.3,110.0,10.0,2.85,87,29.0,89,2.8,320,91
2025-08-20 10:00:00,33.6,26.7,599.0,457,10.1,15.5,139.0,14.0,4.75,87,30.8,81,2.2,284,81
2025-08-20 11:00:00,39.3,30.4,578.0,458,6.4,14.9,159.0,17.0,6.8,86,33.0,71,0.6,198,96
2025-08-20 12:00:00,40.2,31.1,547.0,457,4.6,12.9,162.0,16.0,7.85,86,30.8,81,10.6,201,100
2025-08-20 13:00:00,36.2,28.3,515.0,454,3.8,10.1,155.0,14.0,7.3,86,29.5,85,12.2,279,99
2025-08-20 14:00:00,31.8,25.6,549.0,453,4.1,8.5,147.0,12.0,5.7,86,29.9,83,2.2,325,100
2025-08-20 15:00:00,30.0,25.0,629.0,453,3.7,9.0,144.0,10.0,4.1,85,30.4,81,3.9,317,100
2025-08-20 16:00:00,29.2,25.0,774.0,455,4.3,10.7,141.0,8.0,2.15,101,30.8,79,4.1,2,100
2025-08-20 17:00:00,30.2,25.2,1113.0,460,9.6,10.8,122.0,10.0,0.8,113,30.5,80,3.1,50,100
2025-08-20 18:00:00,36.7,33.3,1838.0,470,21.3,12.1,105.0,9.0,0.15,115,29.4,82,10.7,275,96
2025-08-20 19:00:00,39.9,36.8,2756.0,484,37.4,13.9,82.0,7.0,0.0,108,28.9,85,7.4,283,100
2025-08-20 20:00:00,40.7,37.3,3416.0,496,49.9,15.8,63.0,6.0,0.0,92,28.4,87,6.5,302,100
2025-08-20 21:00:00,42.6,38.4,3645.0,507,55.5,17.9,54.0,6.0,0.0,84,28.1,88,5.1,315,100
2025-08-20 22:00:00,44.7,40.7,3616.0,516,57.4,20.1,50.0,6.0,0.0,84,27.9,88,5.7,328,100
2025-08-20 23:00:00,46.3,42.3,3398.0,519,57.4,21.8,48.0,7.0,0.0,85,27.9,89,1.7,32,100
2025-08-21 00:00:00,47.3,42.6,2924.0,510,56.0,23.0,46.0,7.0,0.0,86,27.4,92,0.8,225,100
2025-08-21 01:00:00,47.1,42.1,2260.0,494,52.6,23.7,46.0,7.0,0.0,88,27.4,91,1.9,236,100
2025-08-21 02:00:00,45.8,40.7,1674.0,481,46.9,23.2,49.0,8.0,0.0,89,26.2,97,8.4,215,100
2025-08-21 03:00:00,42.5,37.0,1223.0,473,35.7,20.2,60.0,13.0,0.0,90,26.4,95,7.6,14,100
2025-08-21 04:00:00,43.5,31.5,850.0,466,22.3,16.0,75.0,20.0,0.0,91,26.5,96,4.5,299,100
2025-08-21 05:00:00,22.6,18.3,647.0,463,18.1,16.3,59.0,8.0,0.0,92,26.5,95,8.4,345,100
2025-08-21 06:00:00,22.8,19.3,735.0,464,21.8,17.7,55.0,7.0,0.0,92,26.6,97,5.6,291,95
2025-08-21 07:00:00,26.3,23.2,995.0,468,26.6,19.6,51.0,7.0,0.2,91,26.9,96,5.7,307,72
2025-08-21 08:00:00,33.1,27.8,1159.0,470,28.3,20.3,52.0,10.0,0.8,91,27.9,92,4.4,330,23
2025-08-21 09:00:00,45.3,28.3,1104.0,468,23.7,18.7,66.0,22.0,1.7,91,29.6,82,2.0,297,27
2025-08-21 10:00:00,54.5,25.6,953.0,464,15.9,15.8,86.0,37.0,3.05,92,30.9,77,0.9,259,81
2025-08-21 11:00:00,43.7,20.9,813.0,460,10.0,13.5,99.0,44.0,2.65,91,31.6,75,4.0,170,96
2025-08-21 12:00:00,25.8,16.0,678.0,456,7.6,12.1,100.0,34.0,1.65,91,31.4,77,5.8,200,98
2025-08-21 13:00:00,13.5,11.1,553.0,452,7.1,11.2,94.0,15.0,2.1,89,31.1,74,11.3,211,99
2025-08-21 14:00:00,9.0,8.6,565.0,451,8.9,11.3,86.0,1.0,1.95,88,27.9,88,7.1,251,100
2025-08-21 15:00:00,8.1,7.9,798.0,454,14.2,13.1,76.0,0.0,2.0,86,27.5,89,1.8,276,100
2025-08-21 16:00:00,9.4,9.1,1167.0,460,21.9,15.8,65.0,0.0,0.65,85,27.9,88,2.7,356,100
2025-08-21 17:00:00,19.3,18.7,1543.0,466,37.5,17.0,44.0,1.0,0.2,83,28.1,88,2.4,9,100
2025-08-21 18:00:00,25.8,25.3,1960.0,472,44.0,19.3,34.0,1.0,0.05,83,28.3,90,6.8,243,100
2025-08-21 19:00:00,27.6,27.2,2383.0,478,52.9,22.5,20.0,0.0,0.0,82,28.0,93,4.5,241,100
2025-08-21 20:00:00,30.0,29.7,2585.0,482,59.6,25.0,10.0,0.0,0.0,81,27.8,94,3.4,276,100
2025-08-21 21:00:00,33.1,32.5,2430.0,483,61.6,26.4,7.0,0.0,0.0,81,27.6,97,2.5,240,100
2025-08-21 22:00:00,38.2,37.0,2053.0,481,61.4,27.1,9.0,1.0,0.0,80,27.5,97,4.5,227,100
2025-08-21 23:00:00,39.2,37.7,1628.0,477,61.5,27.2,10.0,2.0,0.0,80,27.5,96,6.0,221,100
2025-08-22 00:00:00,41.7,39.6,1146.0,468,63.8,26.3,9.0,2.0,0.0,79,27.4,97,6.8,245,100
2025-08-22 01:00:00,38.4,35.9,615.0,456,66.4,24.8,8.0,3.0,0.0,79,27.2,97,8.1,246,100
2025-08-22 02:00:00,33.3,30.7,235.0,448,65.8,23.2,10.0,3.0,0.0,78,26.6,98,11.2,248,100
2025-08-22 03:00:00,30.0,27.5,110.0,446,59.3,21.5,17.0,3.0,0.0,78,26.8,95,12.1,247,93
2025-08-22 04:00:00,27.9,25.2,134.0,447,49.6,19.9,26.0,3.0,0.0,77,26.8,94,11.1,254,100
2025-08-22 05:00:00,37.3,32.4,192.0,448,42.1,23.5,46.0,9.0,0.0,76,26.8,94,10.8,259,100
2025-08-22 06:00:00,39.8,33.3,269.0,449,38.5,23.5,55.0,11.0,0.0,77,26.8,95,8.9,263,100
2025-08-22 07:00:00,42.7,34.8,380.0,450,33.2,23.4,69.0,15.0,0.3,79,27.1,94,9.4,269,97
2025-08-22 08:00:00,41.7,32.0,447.0,450,27.3,23.0,83.0,17.0,1.2,80,27.6,91,9.5,272,94
2025-08-22 09:00:00,35.9,26.8,426.0,449,20.3,22.2,98.0,18.0,2.6,80,28.7,84,9.6,265,96
2025-08-22 10:00:00,33.4,24.2,362.0,448,12.6,21.0,113.0,17.0,4.45,80,29.5,79,10.5,257,96
2025-08-22 11:00:00,33.6,24.0,313.0,447,6.9,19.6,123.0,17.0,6.1,80,29.8,76,12.0,246,100
2025-08-22 12:00:00,32.7,23.3,304.0,447,4.5,17.7,126.0,17.0,6.5,80,29.5,80,13.3,235,100
2025-08-22 13:00:00,31.8,22.1,309.0,446,4.0,15.6,124.0,17.0,7.4,81,29.2,82,14.8,231,100
2025-08-22 14:00:00,30.2,20.5,316.0,446,4.4,13.9,118.0,16.0,5.25,82,28.9,84,15.4,232,100
2025-08-22 15:00:00,29.3,20.0,316.0,445,5.4,13.0,108.0,15.0,3.45,83,28.8,83,16.1,233,100
2025-08-22 16:00:00,26.5,18.1,317.0,444,7.3,12.5,94.0,13.0,1.95,84,28.7,83,16.0,239,100
2025-08-22 17:00:00,26.3,16.8,325.0,444,8.5,12.4,81.0,13.0,1.05,85,28.8,82,16.8,242,100
2025-08-22 18:00:00,25.0,16.2,354.0,444,12.7,12.2,70.0,12.0,0.2,84,28.9,81,16.6,243,96
2025-08-22 19:00:00,23.7,16.1,391.0,445,18.4,11.9,55.0,10.0,0.0,84,28.1,86,14.5,242,84
2025-08-22 20:00:00,25.1,17.5,404.0,446,22.0,11.4,45.0,9.0,0.0,83,28.0,87,14.5,240,93
2025-08-22 21:00:00,26.5,18.0,373.0,446,21.5,10.8,44.0,11.0,0.0,82,28.0,87,14.1,240,70
2025-08-22 22:00:00,28.6,18.9,318.0,446,18.9,10.1,47.0,14.0,0.0,80,27.9,88,13.4,238,15
2025-08-22 23:00:00,32.5,20.5,266.0,446,16.0,9.3,50.0,17.0,0.0,79,27.7,88,14.3,245,95
2025-08-23 00:00:00,35.7,21.7,225.0,445,13.1,8.2,52.0,21.0,0.0,77,27.5,89,15.7,254,66
2025-08-23 01:00:00,38.2,22.2,188.0,445,9.8,7.1,55.0,25.0,0.0,76,27.2,91,15.8,259,55
2025-08-23 02:00:00,40.4,22.2,162.0,444,7.4,6.3,57.0,29.0,0.0,74,27.2,91,15.6,259,17
2025-08-23 03:00:00,42.5,22.4,147.0,444,6.1,6.1,57.0,33.0,0.0,74,27.0,92,16.8,260,25
2025-08-23 04:00:00,45.3,22.9,143.0,445,5.5,6.3,57.0,36.0,0.0,73,26.9,92,15.2,259,18
2025-08-23 05:00:00,48.0,23.8,159.0,445,5.3,6.7,58.0,41.0,0.0,73,27.0,91,15.2,263,46
2025-08-23 06:00:00,46.3,24.0,214.0,445,7.7,7.6,56.0,41.0,0.0,72,27.2,92,17.0,266,25
2025-08-23 07:00:00,47.6,25.6,288.0,445,11.0,8.9,54.0,42.0,0.2,71,27.5,90,16.9,272,37
2025-08-23 08:00:00,52.3,27.2,332.0,445,12.6,10.0,55.0,43.0,1.0,71,28.1,87,19.4,269,34
2025-08-23 09:00:00,53.7,27.6,314.0,444,11.0,10.9,62.0,45.0,2.4,70,29.0,81,19.3,270,95
2025-08-23 10:00:00,55.3,28.1,265.0,444,7.8,11.7,72.0,48.0,3.55,70,29.4,77,18.8,265,100
2025-08-23 11:00:00,58.3,29.3,229.0,443,5.3,12.1,79.0,49.0,5.05,71,29.5,78,18.7,254,99
2025-08-23 12:00:00,59.5,29.5,223.0,443,4.3,11.7,81.0,48.0,6.1,71,29.5,78,19.0,247,100
2025-08-23 13:00:00,57.7,28.5,231.0,443,4.0,10.9,80.0,46.0,5.55,72,29.9,77,18.2,244,100
2025-08-23 14:00:00,53.7,26.6,242.0,443,4.3,10.2,77.0,45.0,4.7,72,29.5,77,20.5,241,100
2025-08-23 15:00:00,48.5,24.2,255.0,443,4.9,10.0,72.0,46.0,3.2,73,29.4,78,20.0,241,90
2025-08-23 16:00:00,48.3,23.5,271.0,443,6.1,10.0,65.0,47.0,1.75,73,29.1,79,21.1,238,98
2025-08-23 17:00:00,59.8,28.6,291.0,443,8.0,11.2,63.0,51.0,0.75,74,28.6,81,19.7,240,70
2025-08-23 18:00:00,50.2,23.7,322.0,444,13.2,11.3,54.0,53.0,0.15,75,28.5,84,16.3,241,92
2025-08-23 19:00:00,52.0,24.6,356.0,444,20.3,11.5,41.0,55.0,0.0,75,28.2,84,14.4,244,75
2025-08-23 20:00:00,59.6,26.9,368.0,445,24.5,11.3,33.0,56.0,0.0,76,28.0,86,15.1,237,100
2025-08-23 21:00:00,61.5,27.0,341.0,445,23.2,10.5,33.0,53.0,0.0,77,27.9,88,15.9,243,100
2025-08-23 22:00:00,55.8,24.6,291.0,445,19.1,9.4,37.0,48.0,0.0,78,27.6,90,14.8,246,96
2025-08-23 23:00:00,48.2,21.6,245.0,444,15.1,8.4,41.0,44.0,0.0,78,27.5,90,15.4,251,98
2025-08-24 00:00:00,42.7,19.4,208.0,443,12.0,7.5,43.0,40.0,0.0,78,27.4,91,15.3,255,100
2025-08-24 01:00:00,39.5,18.0,174.0,442,9.1,6.7,46.0,37.0,0.0,78,27.1,92,15.2,249,100
2025-08-24 02:00:00,39.3,17.5,151.0,442,7.0,6.1,47.0,35.0,0.0,78,27.0,92,15.6,253,100
2025-08-24 03:00:00,40.4,17.4,137.0,442,5.9,5.8,48.0,36.0,0.0,77,26.9,92,15.2,256,100
2025-08-24 04:00:00,41.4,17.5,134.0,443,5.6,5.8,47.0,38.0,0.0,77,26.9,93,14.9,259,100
2025-08-24 05:00:00,41.4,18.1,151.0,443,6.5,6.5,47.0,39.0,0.0,76,27.0,93,14.2,261,28
2025-08-24 06:00:00,43.9,18.9,210.0,443,9.1,7.6,45.0,44.0,0.0,76,27.3,94,11.4,274,92
2025-08-24 07:00:00,46.6,20.9,290.0,444,12.5,9.1,44.0,50.0,0.2,75,27.5,93,10.1,270,56
2025-08-24 08:00:00,55.6,23.1,337.0,444,14.1,10.5,45.0,57.0,0.95,75,28.0,89,13.3,254,47
2025-08-24 09:00:00,61.0,24.4,317.0,443,12.2,11.7,53.0,64.0,2.1,75,28.8,84,16.1,254,52
2025-08-24 10:00:00,67.3,26.6,264.0,443,8.4,12.8,64.0,70.0,3.2,74,29.5,79,17.1,249,84
2025-08-24 11:00:00,68.2,25.9,223.0,442,5.5,13.4,73.0,75.0,5.65,74,29.9,78,18.3,245,85
2025-08-24 12:00:00,69.4,26.0,213.0,442,4.4,13.1,77.0,77.0,5.05,74,30.0,76,19.2,241,97
2025-08-24 13:00:00,70.8,25.6,215.0,442,4.1,12.2,79.0,78.0,6.05,74,30.0,77,21.1,240,98
2025-08-24 14:00:00,68.7,24.0,221.0,442,4.4,11.4,78.0,79.0,5.25,73,29.5,80,22.6,241,99
2025-08-24 15:00:00,68.5,22.8,225.0,442,4.9,10.9,74.0,82.0,3.1,73,29.3,81,21.9,243,79
2025-08-24 16:00:00,71.2,22.9,233.0,441,5.9,10.6,67.0,84.0,2.1,73,29.1,80,20.5,242,62
2025-08-24 17:00:00,97.1,30.3,253.0,441,8.8,10.2,57.0,118.0,0.6,73,28.6,82,19.6,243,76
2025-08-24 18:00:00,73.3,25.2,300.0,442,13.8,10.4,49.0,95.0,0.1,73,28.4,86,16.1,237,48
2025-08-24 19:00:00,58.4,24.0,359.0,444,20.6,10.8,38.0,64.0,0.0,73,27.8,90,13.5,232,56
2025-08-24 20:00:00,48.4,23.1,391.0,445,24.7,10.8,31.0,40.0,0.0,73,27.6,90,14.6,232,15
2025-08-24 21:00:00,43.2,21.5,377.0,445,23.7,10.4,31.0,32.0,0.0,73,27.5,90,15.4,225,31
2025-08-24 22:00:00,40.4,19.9,336.0,444,20.1,9.7,35.0,31.0,0.0,72,27.5,90,14.2,235,100
2025-08-24 23:00:00,39.2,18.2,292.0,444,16.5,9.0,39.0,32.0,0.0,72,27.4,90,13.5,245,100
2025-08-25 00:00:00,38.5,16.9,246.0,444,13.6,8.1,41.0,33.0,0.0,72,27.2,90,12.4,251,100
2025-08-25 01:00:00,38.8,16.1,197.0,444,10.8,7.1,43.0,36.0,0.0,71,27.1,91,12.6,246,100
2025-08-25 02:00:00,40.2,15.8,162.0,444,8.8,6.5,44.0,39.0,0.0,71,27.0,92,12.2,250,88
2025-08-25 03:00:00,42.3,15.8,145.0,444,7.8,6.4,44.0,42.0,0.0,71,26.8,93,12.4,260,25
2025-08-25 04:00:00,44.1,15.8,143.0,445,7.6,6.7,43.0,46.0,0.0,71,26.6,93,10.7,263,79
2025-08-25 05:00:00,47.4,16.4,164.0,445,8.5,7.3,43.0,53.0,0.0,71,26.5,93,10.0,263,34
2025-08-25 06:00:00,52.3,17.5,230.0,445,11.3,8.8,41.0,65.0,0.0,71,27.5,93,9.4,232,65
2025-08-25 07:00:00,58.8,20.4,319.0,444,15.0,10.9,40.0,81.0,0.15,70,27.5,93,11.0,235,26
2025-08-25 08:00:00,76.8,23.1,371.0,444,16.9,13.0,41.0,96.0,0.7,70,27.9,90,13.2,242,39
2025-08-25 09:00:00,94.1,25.7,349.0,443,15.2,15.1,49.0,109.0,1.65,70,28.8,85,12.3,245,68
2025-08-25 10:00:00,98.5,28.0,290.0,443,11.6,17.2,60.0,121.0,2.55,71,29.5,81,13.2,244,75
2025-08-25 11:00:00,98.0,29.0,245.0,442,8.7,18.5,68.0,126.0,3.35,71,29.9,79,15.1,242,99
2025-08-25 12:00:00,90.6,28.1,236.0,442,7.3,18.5,72.0,119.0,3.35,71,29.8,80,15.4,237,100
2025-08-25 13:00:00,85.7,27.9,241.0,442,6.6,17.6,74.0,104.0,2.9,71,29.6,81,15.4,234,74
2025-08-25 14:00:00,77.5,26.4,250.0,442,6.6,16.8,73.0,91.0,2.65,71,29.8,81,15.1,231,71
2025-08-25 15:00:00,72.4,25.4,254.0,442,6.9,16.2,69.0,83.0,1.45,72,29.7,81,14.7,233,55
2025-08-25 16:00:00,70.1,24.4,262.0,442,7.8,15.6,61.0,76.0,1.0,72,29.4,81,15.0,233,45
2025-08-25 17:00:00,69.2,24.0,288.0,442,9.0,15.1,61.0,78.0,0.65,72,28.9,83,14.0,240,26
2025-08-25 18:00:00,66.1,22.7,353.0,444,14.8,14.9,50.0,74.0,0.15,71,28.8,84,11.4,231,36
2025-08-25 19:00:00,62.2,22.2,437.0,446,22.9,14.7,36.0,68.0,0.0,71,28.1,87,10.5,233,14
2025-08-25 20:00:00,60.1,23.5,494.0,448,28.7,14.3,25.0,63.0,0.0,71,27.8,88,11.2,242,1
2025-08-25 21:00:00,58.9,23.9,509.0,449,30.5,13.9,22.0,61.0,0.0,71,27.6,88,9.7,223,33
2025-08-25 22:00:00,59.3,24.0,496.0,449,30.0,13.3,22.0,60.0,0.0,71,27.5,89,8.8,226,21
2025-08-25 23:00:00,59.4,23.9,458.0,449,28.7,12.6,23.0,60.0,0.0,72,27.1,90,12.0,253,34
2025-08-26 00:00:00,61.5,24.0,375.0,448,26.7,11.6,24.0,59.0,0.0,72,27.0,90,11.7,255,23
2025-08-26 01:00:00,59.5,23.4,267.0,447,23.7,10.4,26.0,58.0,0.0,73,26.8,92,6.0,277,56
2025-08-26 02:00:00,57.3,22.4,186.0,446,20.8,9.5,28.0,59.0,0.0,73,26.5,93,4.9,260,73
2025-08-26 03:00:00,57.0,21.3,152.0,446,17.6,8.7,30.0,62.0,0.0,74,26.4,94,7.8,248,30
2025-08-26 04:00:00,58.3,20.5,146.0,447,14.3,8.1,33.0,66.0,0.0,74,26.4,94,8.6,254,90
2025-08-26 05:00:00,57.0,19.5,166.0,448,12.4,8.5,36.0,65.0,0.0,75,26.3,94,8.3,257,95
2025-08-26 06:00:00,62.4,19.7,233.0,448,13.6,10.2,36.0,73.0,0.0,75,27.1,92,7.5,259,59
2025-08-26 07:00:00,69.2,21.4,327.0,447,15.0,12.7,36.0,84.0,0.2,75,27.4,91,7.7,252,31
2025-08-26 08:00:00,78.0,23.1,385.0,446,15.3,15.0,39.0,97.0,0.8,75,28.1,84,7.6,242,7
2025-08-26 09:00:00,90.6,25.1,371.0,445,13.2,17.2,49.0,112.0,2.1,75,29.0,80,7.7,234,35
2025-08-26 10:00:00,121.1,32.5,322.0,444,10.0,19.3,63.0,127.0,3.75,75,29.6,76,8.3,221,73
2025-08-26 11:00:00,105.0,29.2,281.0,443,7.3,20.2,74.0,138.0,3.95,76,29.9,75,10.3,205,100
2025-08-26 12:00:00,107.6,30.2,264.0,442,5.9,19.1,79.0,140.0,4.8,76,29.5,78,11.9,200,98
2025-08-26 13:00:00,106.9,30.0,256.0,442,5.0,16.8,80.0,137.0,4.65,76,29.6,77,12.1,201,25
2025-08-26 14:00:00,100.4,28.0,255.0,442,4.9,14.9,78.0,132.0,4.25,76,30.0,75,12.8,206,35
2025-08-26 15:00:00,101.0,27.6,252.0,442,5.1,14.2,73.0,128.0,3.3,76,29.8,75,13.2,211,26
2025-08-26 16:00:00,96.6,26.3,257.0,442,5.9,13.9,66.0,123.0,1.6,76,29.4,77,11.8,216,16
2025-08-26 17:00:00,109.0,30.4,300.0,443,8.3,14.8,63.0,143.0,0.7,77,29.3,77,11.1,222,48
2025-08-26 18:00:00,103.6,28.5,429.0,446,14.3,14.5,51.0,132.0,0.15,77,28.5,82,9.5,226,40
2025-08-26 19:00:00,90.1,28.1,595.0,449,22.7,14.0,35.0,118.0,0.0,78,28.0,87,8.3,224,12
2025-08-26 20:00:00,89.6,29.9,685.0,451,29.1,13.7,23.0,106.0,0.0,78,27.6,88,9.5,237,1
2025-08-26 21:00:00,91.3,31.5,632.0,451,32.3,13.8,18.0,101.0,0.0,79,27.4,90,8.7,232,17
2025-08-26 22:00:00,90.8,32.9,503.0,449,33.5,14.0,18.0,100.0,0.0,79,27.2,91,8.9,238,17
2025-08-26 23:00:00,88.2,32.9,384.0,448,32.5,13.7,19.0,97.0,0.0,80,26.9,93,8.9,238,20
2025-08-27 00:00:00,83.4,31.2,302.0,448,28.0,12.5,23.0,91.0,0.0,81,26.6,94,10.3,243,35
2025-08-27 01:00:00,76.4,28.8,231.0,447,21.3,10.8,30.0,83.0,0.0,82,26.6,94,10.4,249,26
2025-08-27 02:00:00,69.8,26.7,179.0,447,15.8,9.4,35.0,75.0,0.0,82,26.5,95,9.9,265,42
2025-08-27 03:00:00,63.6,24.7,145.0,447,12.7,8.5,37.0,67.0,0.0,83,26.3,95,9.4,278,94
2025-08-27 04:00:00,58.2,23.1,131.0,446,10.8,7.9,38.0,58.0,0.0,83,26.2,95,10.0,279,93
2025-08-27 05:00:00,57.3,23.0,149.0,446,10.0,7.9,39.0,59.0,0.0,83,26.1,95,11.0,285,99
2025-08-27 06:00:00,54.6,22.5,230.0,446,11.7,9.2,38.0,65.0,0.0,83,26.9,93,9.7,289,98
2025-08-27 07:00:00,63.3,24.2,344.0,446,13.8,11.1,38.0,73.0,0.2,84,27.0,90,8.5,270,79
2025-08-27 08:00:00,72.6,25.7,410.0,446,14.5,12.9,41.0,82.0,0.8,84,27.9,84,10.1,267,95
2025-08-27 09:00:00,79.9,26.3,379.0,445,12.3,14.7,51.0,91.0,2.2,84,29.0,77,11.8,263,50
2025-08-27 10:00:00,84.1,27.6,301.0,444,8.7,16.5,65.0,100.0,3.85,84,29.7,73,12.1,252,90
2025-08-27 11:00:00,88.5,29.5,242.0,443,5.8,17.5,77.0,106.0,5.65,84,30.1,73,11.6,240,90
2025-08-27 12:00:00,89.6,30.6,228.0,443,4.4,16.9,84.0,109.0,7.1,84,30.0,75,12.0,234,96
2025-08-27 13:00:00,91.7,31.1,233.0,443,3.8,15.5,89.0,110.0,7.3,84,30.2,75,12.6,228,47
2025-08-27 14:00:00,90.6,30.6,249.0,443,3.9,14.5,90.0,109.0,6.15,84,30.1,76,13.0,226,52
2025-08-27 15:00:00,87.1,29.7,273.0,443,4.2,14.6,86.0,108.0,4.0,84,29.9,76,12.9,226,25
2025-08-27 16:00:00,85.2,29.0,306.0,443,5.3,15.2,77.0,105.0,2.15,84,29.5,78,13.0,227,22
2025-08-27 17:00:00,80.8,28.5,348.0,444,8.9,15.6,68.0,93.0,0.9,85,29.0,79,12.7,234,79
2025-08-27 18:00:00,77.1,27.8,412.0,445,16.8,15.9,54.0,83.0,0.15,84,28.4,81,10.6,228,15
2025-08-27 19:00:00,67.8,27.6,484.0,447,27.6,16.4,34.0,69.0,0.0,84,27.7,86,9.0,235,26
2025-08-27 20:00:00,63.3,29.3,518.0,448,34.9,16.3,20.0,59.0,0.0,84,27.5,88,8.7,233,25
2025-08-27 21:00:00,61.5,29.5,488.0,448,36.0,15.5,17.0,55.0,0.0,84,27.4,88,9.0,237,52
2025-08-27 22:00:00,60.1,28.9,421.0,448,33.8,14.2,19.0,55.0,0.0,84,27.1,90,10.3,237,90
2025-08-27 23:00:00,59.4,27.7,351.0,448,30.1,12.8,23.0,54.0,0.0,84,27.0,90,9.8,246,79
2025-08-28 00:00:00,57.4,26.1,281.0,447,24.8,11.0,28.0,52.0,0.0,83,26.7,92,9.1,260,100
2025-08-28 01:00:00,53.8,23.8,207.0,446,18.1,9.0,34.0,49.0,0.0,83,26.5,93,9.5,272,73
2025-08-28 02:00:00,49.8,21.8,155.0,445,13.0,7.6,39.0,47.0,0.0,82,26.4,94,9.0,285,53
2025-08-28 03:00:00,47.5,20.7,132.0,445,10.7,7.1,40.0,45.0,0.0,82,26.1,95,9.5,281,59
2025-08-28 04:00:00,47.3,20.3,131.0,446,10.1,7.1,39.0,44.0,0.0,82,26.0,96,9.2,290,99
2025-08-28 05:00:00,46.8,20.3,156.0,446,8.6,7.8,41.0,45.0,0.0,81,26.0,95,8.6,286,100
2025-08-28 06:00:00,50.3,21.2,232.0,446,10.2,9.6,41.0,55.0,0.0,81,27.0,87,9.2,281,88
2025-08-28 07:00:00,61.5,24.0,335.0,446,12.3,12.1,40.0,68.0,0.2,81,27.1,85,9.6,283,53
2025-08-28 08:00:00,72.9,26.4,394.0,446,13.1,14.2,44.0,81.0,0.95,81,27.8,82,10.1,280,46
2025-08-28 09:00:00,81.3,28.2,365.0,445,11.2,15.7,54.0,93.0,2.3,81,28.7,76,10.3,275,3
2025-08-28 10:00:00,88.2,30.7,293.0,444,7.9,16.8,68.0,105.0,4.25,81,29.6,71,9.9,271,1
2025-08-28 11:00:00,95.5,33.6,239.0,443,5.4,17.6,81.0,112.0,6.55,81,30.4,70,9.7,260,29
2025-08-28 12:00:00,98.3,35.6,228.0,443,4.4,18.0,93.0,112.0,8.1,82,30.8,70,11.4,252,7
2025-08-28 13:00:00,96.4,36.4,234.0,443,4.0,18.1,103.0,108.0,8.05,82,30.9,70,12.6,246,13
2025-08-28 14:00:00,93.6,36.1,249.0,443,4.4,17.9,106.0,103.0,6.75,83,30.5,70,13.7,240,6
2025-08-28 15:00:00,89.6,34.6,267.0,443,5.0,17.2,98.0,98.0,4.55,83,30.0,72,14.7,233,5
2025-08-28 16:00:00,83.6,32.2,292.0,443,6.2,16.1,84.0,92.0,2.35,84,29.1,77,14.4,234,75
2025-08-28 17:00:00,88.9,34.0,328.0,443,9.4,16.7,71.0,97.0,0.85,84,28.7,79,14.1,236,87
2025-08-28 18:00:00,82.2,32.5,392.0,444,15.9,16.1,56.0,88.0,0.15,84,28.5,83,14.4,240,69
2025-08-28 19:00:00,73.8,31.8,465.0,446,24.8,15.2,36.0,77.0,0.0,85,27.7,88,10.5,237,96
2025-08-28 20:00:00,72.9,33.2,498.0,447,30.6,14.2,22.0,69.0,0.0,85,27.5,90,11.2,230,100
2025-08-28 21:00:00,75.9,33.4,456.0,447,30.6,13.2,21.0,70.0,0.0,86,27.3,91,10.7,237,99
2025-08-28 22:00:00,77.1,33.2,372.0,447,27.4,12.2,26.0,75.0,0.0,86,27.0,91,12.2,262,96
2025-08-28 23:00:00,77.3,32.5,297.0,446,23.7,11.2,31.0,78.0,0.0,86,27.0,91,11.2,267,98
2025-08-29 00:00:00,75.0,31.1,245.0,446,19.8,10.2,36.0,77.0,0.0,87,26.8,91,10.3,271,98
2025-08-29 01:00:00,70.8,29.1,202.0,445,15.3,9.2,40.0,74.0,0.0,87,26.5,92,9.6,274,97
2025-08-29 02:00:00,69.2,27.8,173.0,445,11.9,8.5,44.0,72.0,0.0,88,26.1,93,9.2,274,35
2025-08-29 03:00:00,68.5,27.1,157.0,445,10.2,8.2,45.0,71.0,0.0,88,26.0,93,8.5,272,34
2025-08-29 04:00:00,67.8,26.7,156.0,445,9.7,8.2,44.0,70.0,0.0,89,26.0,94,8.3,281,32
2025-08-29 05:00:00,68.5,25.1,177.0,445,8.1,8.6,47.0,76.0,0.0,89,25.9,94,8.3,276,47
2025-08-29 06:00:00,66.4,25.1,246.0,445,10.0,10.0,46.0,80.0,0.0,90,26.6,91,8.2,256,41
2025-08-29 07:00:00,70.5,27.1,337.0,445,12.6,11.9,45.0,87.0,0.2,90,26.8,90,9.3,252,30
2025-08-29 08:00:00,82.9,28.8,388.0,445,13.6,13.8,48.0,95.0,0.9,90,27.6,84,10.4,252,41
2025-08-29 09:00:00,95.5,31.0,355.0,444,11.6,15.5,59.0,106.0,2.25,91,28.5,79,11.9,247,37
2025-08-29 10:00:00,101.7,33.3,280.0,443,8.0,17.0,74.0,118.0,4.4,91,29.4,74,13.3,249,61
2025-08-29 11:00:00,105.2,35.6,229.0,442,5.3,18.0,87.0,126.0,6.9,91,29.8,71,13.4,243,100
2025-08-29 12:00:00,105.7,37.0,229.0,442,4.2,18.0,96.0,126.0,7.9,91,29.7,74,12.3,231,100
2025-08-29 13:00:00,103.8,37.1,252.0,442,3.8,17.5,102.0,121.0,7.65,91,29.5,76,13.3,213,100
2025-08-29 14:00:00,101.0,36.1,278.0,442,4.2,16.9,103.0,116.0,6.2,91,29.8,75,15.0,209,94
2025-08-29 15:00:00,97.8,34.7,297.0,442,4.8,16.4,95.0,114.0,4.05,91,29.4,76,14.5,211,100
2025-08-29 16:00:00,96.6,34.0,319.0,442,6.0,16.0,82.0,113.0,2.05,91,29.3,76,12.9,217,100
2025-08-29 17:00:00,121.5,39.8,354.0,442,9.0,16.9,72.0,147.0,0.75,92,28.6,79,12.2,218,100
2025-08-29 18:00:00,116.4,38.6,420.0,443,16.4,16.7,57.0,134.0,0.15,92,28.2,83,10.0,214,100
2025-08-29 19:00:00,106.4,38.2,499.0,445,26.7,16.5,37.0,116.0,0.0,93,27.8,85,10.8,216,100
2025-08-29 20:00:00,96.9,39.2,552.0,447,34.4,16.0,22.0,102.0,0.0,93,27.6,89,11.0,208,100
2025-08-29 21:00:00,93.6,39.3,567.0,449,37.6,15.2,17.0,95.0,0.0,94,27.2,91,9.8,223,100
2025-08-29 22:00:00,92.7,40.0,555.0,450,38.3,14.2,17.0,93.0,0.0,94,27.1,91,9.8,234,100
2025-08-29 23:00:00,91.5,39.9,518.0,451,37.0,13.2,19.0,90.0,0.0,95,27.0,91,8.3,252,100
2025-08-30 00:00:00,88.0,38.3,435.0,450,32.5,12.0,23.0,86.0,0.0,96,26.8,91,7.4,266,99
2025-08-30 01:00:00,84.5,36.0,326.0,449,26.0,10.8,30.0,82.0,0.0,96,26.5,93,7.9,259,100
2025-08-30 02:00:00,80.1,34.2,248.0,449,21.3,10.2,34.0,80.0,0.0,97,26.3,94,6.5,276,100
2025-08-30 03:00:00,76.6,33.3,224.0,451,20.4,10.2,33.0,80.0,0.0,97,26.3,94,4.1,283,100
2025-08-30 04:00:00,77.3,33.8,231.0,454,21.3,10.7,29.0,81.0,0.0,98,26.1,95,5.4,262,100
2025-08-30 05:00:00,69.8,31.5,261.0,455,14.1,10.6,37.0,66.0,0.0,99,26.1,95,5.3,262,88
2025-08-30 06:00:00,74.7,32.8,331.0,453,15.0,12.8,39.0,77.0,0.0,99,26.8,92,6.6,244,21
2025-08-30 07:00:00,91.0,35.6,423.0,450,16.2,15.9,42.0,94.0,0.2,100,27.0,89,6.8,243,61
2025-08-30 08:00:00,100.6,36.7,473.0,447,16.1,18.5,48.0,112.0,0.85,101,27.8,84,5.9,235,57
2025-08-30 09:00:00,126.7,41.0,439.0,445,13.6,20.4,59.0,134.0,2.15,101,28.9,78,6.2,221,61
2025-08-30 10:00:00,125.7,41.4,363.0,444,9.9,21.9,73.0,158.0,3.45,102,29.8,73,8.4,214,100
2025-08-30 11:00:00,141.1,46.1,301.0,443,6.9,22.6,86.0,174.0,5.65,103,30.0,73,10.5,211,97
2025-08-30 12:00:00,145.8,48.8,272.0,442,5.3,21.9,97.0,177.0,6.55,104,30.2,72,11.0,221,98
2025-08-30 13:00:00,146.2,49.9,257.0,442,4.5,20.4,107.0,172.0,6.45,106,30.9,68,11.6,221,99
2025-08-30 14:00:00,137.8,48.8,255.0,442,4.5,19.0,110.0,163.0,5.85,107,30.5,70,13.6,216,100
2025-08-30 15:00:00,125.7,46.0,273.0,442,5.1,18.1,103.0,151.0,3.85,108,30.4,69,12.9,230,100
2025-08-30 16:00:00,115.7,42.8,303.0,442,6.5,17.3,89.0,135.0,1.95,110,30.0,71,12.9,234,100
2025-08-30 17:00:00,109.4,41.9,324.0,442,10.2,16.9,77.0,123.0,0.75,110,29.5,73,12.5,231,100
2025-08-30 18:00:00,96.9,38.6,321.0,442,17.9,16.6,61.0,109.0,0.15,111,29.0,80,11.7,218,97
2025-08-30 19:00:00,86.8,36.6,309.0,442,28.5,16.1,40.0,90.0,0.0,111,28.4,83,11.9,221,100
2025-08-30 20:00:00,81.3,38.1,308.0,443,36.0,15.7,24.0,76.0,0.0,110,28.0,85,10.6,227,100
2025-08-30 21:00:00,81.7,38.8,340.0,444,37.6,15.5,20.0,71.0,0.0,110,28.0,86,10.9,219,100
2025-08-30 22:00:00,79.9,38.0,384.0,446,36.1,15.4,21.0,70.0,0.0,110,27.7,88,9.4,223,100
2025-08-30 23:00:00,76.6,36.1,396.0,447,33.4,14.9,24.0,70.0,0.0,110,27.4,91,8.6,250,100
2025-08-31 00:00:00,72.9,34.0,344.0,447,29.7,13.5,27.0,68.0,0.0,110,27.1,92,9.2,270,100
2025-08-31 01:00:00,69.4,31.7,260.0,446,24.8,11.7,31.0,66.0,0.0,109,27.0,92,9.2,282,100
2025-08-31 02:00:00,67.3,29.8,198.0,446,20.6,10.4,35.0,65.0,0.0,109,26.8,93,7.3,277,100
2025-08-31 03:00:00,66.8,28.5,177.0,447,17.7,9.9,37.0,65.0,0.0,108,26.5,94,7.3,260,100
2025-08-31 04:00:00,66.8,27.5,179.0,448,15.4,9.9,38.0,66.0,0.0,108,26.4,93,8.3,269,100
2025-08-31 05:00:00,66.4,26.7,200.0,448,15.8,11.3,36.0,69.0,0.0,107,26.4,93,7.4,273,100
2025-08-31 06:00:00,69.6,26.1,260.0,447,15.4,12.5,38.0,78.0,0.0,107,27.0,89,7.2,252,100
2025-08-31 07:00:00,78.7,27.7,341.0,446,14.7,14.1,42.0,91.0,0.2,106,27.4,85,7.9,249,100
2025-08-31 08:00:00,86.1,28.0,382.0,445,13.4,15.5,48.0,103.0,0.9,105,28.0,80,9.9,249,95
2025-08-31 09:00:00,96.9,30.2,346.0,444,10.9,16.4,58.0,113.0,2.2,104,29.0,74,11.5,238,76
2025-08-31 10:00:00,102.0,32.7,271.0,443,7.8,17.0,70.0,123.0,3.95,103,30.0,69,13.8,234,97
2025-08-31 11:00:00,105.5,34.7,215.0,442,5.4,17.1,80.0,129.0,6.0,102,30.2,67,15.5,234,99
2025-08-31 12:00:00,106.6,35.6,200.0,442,4.2,16.4,86.0,130.0,6.95,101,30.6,65,15.5,238,98
2025-08-31 13:00:00,104.5,35.3,203.0,442,3.7,15.2,90.0,128.0,7.25,100,30.8,65,16.1,238,73
2025-08-31 14:00:00,102.2,34.3,213.0,442,3.8,14.2,90.0,123.0,6.0,98,30.8,65,17.5,236,54
2025-08-31 15:00:00,95.9,32.2,230.0,442,4.4,13.7,84.0,116.0,3.9,97,30.5,66,18.1,240,41
2025-08-31 16:00:00,89.2,29.8,254.0,442,5.7,13.3,74.0,105.0,2.0,96,30.0,68,18.3,244,61
2025-08-31 17:00:00,91.3,29.5,269.0,442,8.1,13.8,65.0,111.0,0.7,95,29.2,73,18.3,247,48
2025-08-31 18:00:00,79.6,26.4,266.0,442,12.4,13.3,56.0,96.0,0.1,94,28.5,78,16.4,249,89
2025-08-31 19:00:00,65.7,24.2,254.0,443,18.3,12.6,44.0,76.0,0.0,93,27.8,83,15.5,244,73
2025-08-31 20:00:00,58.1,23.3,245.0,443,22.1,11.8,36.0,60.0,0.0,91,27.5,84,17.3,239,26
2025-08-31 21:00:00,53.2,21.8,247.0,443,22.1,10.9,34.0,53.0,0.0,90,27.4,84,16.4,244,45
2025-08-31 22:00:00,50.8,20.8,251.0,444,20.1,10.0,36.0,50.0,0.0,89,27.1,86,15.4,254,70
2025-08-31 23:00:00,48.9,20.4,244.0,444,17.6,9.1,38.0,48.0,0.0,87,26.9,87,15.5,262,40
2025-09-01 00:00:00,48.1,19.9,212.0,443,14.9,8.2,40.0,47.0,0.0,86,26.6,89,13.6,264,61
2025-09-01 01:00:00,47.7,19.4,168.0,443,11.7,7.3,43.0,47.0,0.0,84,26.5,90,13.2,258,99
2025-09-01 02:00:00,47.4,19.0,136.0,442,9.1,6.6,45.0,47.0,0.0,83,26.4,90,14.0,258,100
2025-09-01 03:00:00,46.8,18.7,122.0,442,7.4,6.2,46.0,47.0,0.0,82,26.5,87,14.6,256,70
2025-09-01 04:00:00,46.1,18.5,120.0,443,6.4,6.0,48.0,46.0,0.0,82,26.6,85,16.2,258,61
2025-09-01 05:00:00,48.4,18.6,136.0,443,6.2,6.2,48.0,51.0,0.0,81,26.5,86,15.5,257,57
2025-09-01 06:00:00,49.4,19.4,187.0,443,8.2,7.1,47.0,54.0,0.0,80,27.0,84,14.8,252,31
2025-09-01 07:00:00,51.7,21.1,256.0,442,10.8,8.4,45.0,58.0,0.2,79,26.8,87,16.9,255,33
2025-09-01 08:00:00,58.4,22.6,296.0,442,12.0,9.6,47.0,62.0,0.9,79,27.7,79,19.0,257,46
2025-09-01 09:00:00,64.5,23.3,277.0,442,10.3,10.5,54.0,66.0,2.3,78,28.5,74,19.1,259,63
2025-09-01 10:00:00,67.5,24.3,228.0,441,7.1,11.3,65.0,71.0,3.7,78,29.1,71,19.2,258,55
2025-09-01 11:00:00,66.8,24.9,193.0,441,4.6,11.8,73.0,73.0,5.7,77,30.0,66,19.5,256,100
2025-09-01 12:00:00,65.0,25.1,189.0,441,3.6,11.9,78.0,71.0,6.85,76,30.4,64,19.5,256,84
2025-09-01 13:00:00,65.0,25.7,197.0,441,3.4,11.8,82.0,67.0,7.4,75,30.5,63,18.7,257,67
2025-09-01 14:00:00,61.0,24.9,210.0,441,3.7,11.7,82.0,62.0,6.05,74,30.6,63,18.4,254,91
2025-09-01 15:00:00,58.9,24.4,225.0,441,4.4,11.8,78.0,58.0,4.05,74,30.2,65,18.8,248,68
2025-09-01 16:00:00,56.7,23.9,244.0,441,5.7,12.0,72.0,54.0,2.1,73,29.6,68,19.2,247,100
2025-09-01 17:00:00,62.6,25.8,260.0,441,7.8,12.8,66.0,62.0,0.7,72,28.9,73,18.8,246,76
2025-09-01 18:00:00,56.8,24.5,271.0,442,12.6,12.6,57.0,55.0,0.1,72,28.6,74,16.7,242,36
2025-09-01 19:00:00,49.2,24.3,278.0,442,19.2,12.2,45.0,46.0,0.0,72,28.0,77,15.9,239,31
2025-09-01 20:00:00,49.2,25.0,282.0,443,23.6,11.7,37.0,39.0,0.0,72,27.6,81,14.3,237,23
2025-09-01 21:00:00,49.6,25.2,285.0,444,23.8,11.0,36.0,37.0,0.0,72,27.5,81,14.4,244,18
2025-09-01 22:00:00,49.2,25.3,285.0,444,21.8,10.2,38.0,37.0,0.0,72,27.3,82,14.2,249,28
2025-09-01 23:00:00,48.5,25.0,272.0,444,19.2,9.4,41.0,37.0,0.0,73,27.0,84,13.7,261,23
2025-09-02 00:00:00,47.8,24.4,236.0,443,16.2,8.5,44.0,37.0,0.0,73,26.7,86,12.1,260,27
2025-09-02 01:00:00,46.1,23.3,187.0,442,12.7,7.5,47.0,36.0,0.0,74,26.5,87,13.7,254,26
2025-09-02 02:00:00,45.4,22.7,151.0,442,9.9,6.9,49.0,36.0,0.0,74,26.4,88,12.7,257,24
2025-09-02 03:00:00,44.6,22.1,135.0,442,8.3,6.7,50.0,35.0,0.0,74,26.2,89,12.4,257,36
2025-09-02 04:00:00,45.1,22.1,131.0,443,7.5,6.9,50.0,35.0,0.0,74,26.1,89,11.7,261,30
2025-09-02 05:00:00,42.8,21.3,148.0,444,6.5,7.0,53.0,34.0,0.0,75,26.0,90,11.0,265,36
2025-09-02 06:00:00,42.1,21.0,204.0,444,8.7,8.3,51.0,36.0,0.0,75,26.8,85,11.1,262,47
2025-09-02 07:00:00,44.0,22.6,280.0,444,11.6,10.2,49.0,40.0,0.15,75,26.9,85,12.8,259,43
2025-09-02 08:00:00,51.0,24.0,324.0,443,12.9,11.9,51.0,44.0,0.85,75,27.7,80,13.5,254,39
2025-09-02 09:00:00,55.1,24.3,304.0,442,11.0,13.3,60.0,50.0,2.2,75,28.8,73,14.3,256,52
2025-09-02 10:00:00,59.3,25.3,253.0,442,7.5,14.5,72.0,56.0,4.05,76,29.7,68,15.0,257,100
2025-09-02 11:00:00,61.9,26.5,216.0,441,4.9,15.3,81.0,60.0,5.95,76,30.0,66,15.5,252,100
2025-09-02 12:00:00,61.0,27.0,213.0,441,4.0,15.4,86.0,59.0,6.95,76,29.8,68,15.3,248,100
2025-09-02 13:00:00,59.6,26.3,224.0,441,4.0,15.0,87.0,56.0,6.1,76,30.1,66,14.6,240,96
2025-09-02 14:00:00,56.9,25.4,238.0,441,4.5,14.6,86.0,52.0,5.0,76,30.0,66,13.7,230,68
2025-09-02 15:00:00,55.1,24.7,254.0,441,4.9,14.4,81.0,49.0,3.95,76,30.4,64,13.4,228,23
2025-09-02 16:00:00,53.7,24.0,273.0,441,5.9,14.2,72.0,46.0,2.1,76,30.1,64,13.8,231,62
2025-09-02 17:00:00,67.1,28.7,289.0,441,8.1,13.1,61.0,63.0,0.65,76,29.1,71,15.4,224,93
2025-09-02 18:00:00,65.0,28.6,299.0,441,13.4,12.9,52.0,58.0,0.1,76,28.6,75,13.3,221,7
2025-09-02 19:00:00,60.8,29.7,306.0,442,20.6,12.7,39.0,52.0,0.0,77,27.9,79,11.3,228,6
2025-09-02 20:00:00,60.8,30.7,317.0,443,26.3,12.4,29.0,48.0,0.0,77,27.7,80,12.7,231,34
2025-09-02 21:00:00,61.5,31.5,346.0,444,28.9,12.2,25.0,48.0,0.0,78,27.6,79,12.8,232,31
2025-09-02 22:00:00,62.9,32.7,379.0,446,29.8,12.0,24.0,49.0,0.0,78,27.5,80,11.3,236,23
2025-09-02 23:00:00,64.5,33.6,384.0,447,29.8,11.6,23.0,50.0,0.0,79,27.2,81,9.1,256,36
2025-09-03 00:00:00,65.0,33.5,336.0,447,29.0,10.9,22.0,49.0,0.0,80,27.1,83,7.9,258,34
2025-09-03 01:00:00,64.5,33.5,261.0,447,27.2,10.0,23.0,48.0,0.0,80,26.9,84,8.3,259,11
2025-09-03 02:00:00,62.2,32.9,204.0,447,24.9,9.4,24.0,46.0,0.0,81,26.5,85,9.3,252,5
2025-09-03 03:00:00,61.0,32.0,178.0,448,21.7,9.1,27.0,44.0,0.0,82,26.4,86,9.6,258,11
2025-09-03 04:00:00,58.7,30.3,169.0,449,18.0,9.1,31.0,43.0,0.0,83,26.0,88,9.4,268,17
2025-09-03 05:00:00,48.0,25.1,182.0,449,12.0,8.9,39.0,36.0,0.0,84,25.9,89,9.3,279,16
2025-09-03 06:00:00,46.0,24.0,235.0,448,12.8,9.7,39.0,39.0,0.0,84,26.7,86,8.3,274,12
2025-09-03 07:00:00,48.4,25.3,309.0,446,13.8,11.0,40.0,43.0,0.2,84,26.9,82,8.3,276,6
2025-09-03 08:00:00,56.6,26.7,351.0,444,13.7,12.4,45.0,49.0,0.95,85,28.0,74,9.6,273,17
2025-09-03 09:00:00,63.3,27.8,330.0,443,11.4,14.3,56.0,59.0,2.35,85,29.2,66,9.5,256,37
2025-09-03 10:00:00,70.5,29.7,278.0,442,8.0,16.3,71.0,71.0,4.35,85,30.2,61,9.8,242,98
2025-09-03 11:00:00,77.8,32.7,237.0,441,5.4,17.9,84.0,78.0,6.85,86,30.8,60,11.3,234,97
2025-09-03 12:00:00,81.0,34.8,224.0,441,4.3,18.7,96.0,78.0,8.55,86,31.0,59,13.1,233,40
2025-09-03 13:00:00,78.7,34.9,222.0,441,3.9,18.9,107.0,73.0,8.4,87,31.5,57,14.1,231,39
2025-09-03 14:00:00,73.3,33.5,229.0,441,4.2,18.8,110.0,67.0,6.95,88,31.5,57,15.1,231,20
2025-09-03 15:00:00,67.1,31.0,245.0,441,4.6,18.1,102.0,61.0,4.65,88,31.1,59,15.2,233,13
2025-09-03 16:00:00,60.3,27.9,270.0,441,5.6,16.9,86.0,54.0,2.4,89,30.8,60,13.9,231,11
2025-09-03 17:00:00,80.1,36.0,293.0,441,8.8,16.6,72.0,74.0,0.8,89,30.0,63,12.6,233,10
2025-09-03 18:00:00,76.4,34.2,316.0,442,16.1,16.5,57.0,68.0,0.15,90,29.1,66,12.2,236,0
2025-09-03 19:00:00,67.8,33.1,337.0,443,26.2,16.3,36.0,59.0,0.0,90,28.3,70,9.4,239,0
2025-09-03 20:00:00,66.8,34.3,347.0,444,33.5,15.9,21.0,53.0,0.0,91,28.0,74,12.0,231,3
2025-09-03 21:00:00,66.4,34.2,340.0,444,35.7,15.4,16.0,51.0,0.0,91,27.6,79,11.9,228,6
2025-09-03 22:00:00,65.7,33.9,321.0,445,35.1,14.8,17.0,51.0,0.0,91,27.3,81,10.6,236,58
2025-09-03 23:00:00,64.3,33.1,296.0,445,33.0,13.9,20.0,51.0,0.0,91,27.1,81,10.1,260,20
2025-09-04 00:00:00,61.7,31.2,260.0,445,28.9,12.5,24.0,50.0,0.0,91,26.9,83,10.2,280,24
2025-09-04 01:00:00,58.0,28.6,218.0,446,23.3,11.0,30.0,48.0,0.0,91,26.6,85,10.2,283,30
2025-09-04 02:00:00,54.6,26.1,187.0,446,18.6,9.8,34.0,46.0,0.0,91,26.4,86,9.0,290,11
2025-09-04 03:00:00,51.8,24.0,169.0,447,15.8,9.3,35.0,44.0,0.0,90,26.0,88,6.2,296,15
2025-09-04 04:00:00,49.4,22.4,162.0,448,14.0,9.2,35.0,42.0,0.0,89,25.8,90,6.5,293,24
2025-09-04 05:00:00,55.9,23.7,177.0,449,14.4,10.2,36.0,54.0,0.0,89,25.5,91,6.2,296,28
2025-09-04 06:00:00,54.0,23.6,235.0,448,14.5,11.7,37.0,58.0,0.0,89,26.1,90,8.1,294,100
2025-09-04 07:00:00,57.2,25.3,313.0,447,14.5,13.8,39.0,65.0,0.2,89,26.4,87,8.5,291,100
2025-09-04 08:00:00,66.6,25.1,359.0,445,13.8,15.7,45.0,71.0,1.0,89,27.4,81,10.3,285,100
2025-09-04 09:00:00,72.2,26.0,338.0,444,11.5,17.0,57.0,77.0,2.55,88,28.8,70,10.7,286,100
2025-09-04 10:00:00,75.2,27.5,284.0,443,8.5,18.1,72.0,82.0,4.8,88,30.0,64,10.3,277,97
2025-09-04 11:00:00,78.7,29.7,242.0,442,6.1,18.8,86.0,86.0,7.1,88,31.0,61,10.5,258,81
2025-09-04 12:00:00,81.3,31.9,229.0,442,4.9,19.3,98.0,87.0,8.4,88,31.2,61,12.7,241,57
2025-09-04 13:00:00,80.8,32.2,228.0,442,4.4,19.5,108.0,86.0,8.3,88,31.2,62,13.6,242,29
2025-09-04 14:00:00,79.2,31.2,236.0,442,4.6,19.2,111.0,84.0,6.8,87,31.4,60,14.3,245,11
2025-09-04 15:00:00,75.7,29.7,256.0,442,5.4,18.3,102.0,80.0,4.45,87,30.8,64,14.8,238,8
2025-09-04 16:00:00,71.0,27.5,285.0,443,6.9,16.9,85.0,75.0,2.25,87,30.1,66,14.0,242,0
2025-09-04 17:00:00,73.3,28.6,304.0,443,11.4,17.6,75.0,78.0,0.7,87,29.5,69,13.6,253,9
2025-09-04 18:00:00,67.1,26.5,308.0,443,16.9,16.6,60.0,70.0,0.1,86,28.7,74,12.8,260,14
2025-09-04 19:00:00,61.0,25.9,302.0,444,24.3,15.2,39.0,59.0,0.0,86,27.8,80,12.8,265,3
2025-09-04 20:00:00,55.1,26.0,290.0,444,28.9,13.9,25.0,50.0,0.0,85,27.5,82,11.1,257,6
2025-09-04 21:00:00,54.4,25.3,270.0,444,28.1,12.7,23.0,46.0,0.0,84,27.2,83,11.1,250,2
2025-09-04 22:00:00,51.9,24.4,243.0,444,24.5,11.6,27.0,45.0,0.0,83,27.0,84,10.8,280,7
2025-09-04 23:00:00,49.2,23.3,218.0,444,20.5,10.5,32.0,43.0,0.0,83,26.9,85,11.8,297,33
2025-09-05 00:00:00,47.0,22.3,198.0,444,16.7,9.3,36.0,40.0,0.0,82,26.8,86,12.7,305,22
2025-09-05 01:00:00,43.9,20.8,180.0,445,12.6,8.1,40.0,37.0,0.0,81,26.4,88,11.4,294,2
2025-09-05 02:00:00,40.9,19.4,167.0,445,9.5,7.3,43.0,35.0,0.0,80,26.2,89,9.5,297,0
2025-09-05 03:00:00,40.2,18.7,150.0,445,7.8,7.1,44.0,35.0,0.0,80,26.0,89,7.5,294,0
2025-09-05 04:00:00,40.0,18.5,138.0,444,7.2,7.3,44.0,35.0,0.0,79,25.9,91,10.3,295,9
2025-09-05 05:00:00,40.3,18.5,155.0,444,7.6,7.9,44.0,36.0,0.0,79,25.8,93,12.6,294,16
2025-09-05 06:00:00,41.1,19.2,235.0,444,9.4,8.8,42.0,39.0,0.0,78,26.4,92,14.0,285,11
2025-09-05 07:00:00,45.4,21.6,345.0,445,11.9,10.2,40.0,44.0,0.2,78,26.6,90,10.2,287,2
2025-09-05 08:00:00,52.5,23.6,410.0,445,13.3,12.1,43.0,49.0,1.05,78,27.8,82,8.2,289,1
2025-09-05 09:00:00,57.4,25.5,387.0,444,12.7,15.1,56.0,55.0,2.8,78,29.5,72,8.9,279,0
2025-09-05 10:00:00,63.6,28.0,318.0,444,11.0,18.6,74.0,61.0,5.1,77,31.2,64,10.1,270,0
2025-09-05 11:00:00,68.7,31.0,264.0,443,9.4,21.1,92.0,65.0,7.25,78,32.2,60,12.3,263,0
2025-09-05 12:00:00,71.9,33.4,244.0,443,7.9,21.8,110.0,65.0,8.35,78,32.7,58,13.7,260,0
2025-09-05 13:00:00,69.4,33.4,238.0,443,6.4,21.4,127.0,62.0,8.1,78,32.8,58,14.8,257,1
2025-09-05 14:00:00,65.7,32.0,240.0,443,5.9,20.4,132.0,59.0,6.6,78,32.5,58,15.7,255,7
2025-09-05 15:00:00,61.5,30.0,251.0,443,6.9,18.5,117.0,57.0,4.25,78,31.8,60,16.0,258,1
2025-09-05 16:00:00,58.4,27.6,269.0,443,9.0,16.1,90.0,55.0,2.0,78,31.1,63,16.0,267,4
2025-09-05 17:00:00,63.8,29.7,285.0,443,12.5,14.7,72.0,60.0,0.6,78,30.1,71,16.9,270,3
2025-09-05 18:00:00,61.0,28.9,299.0,444,16.9,13.8,59.0,55.0,0.1,78,28.9,79,14.0,270,5
2025-09-05 19:00:00,56.6,28.5,310.0,444,22.8,12.5,40.0,48.0,0.0,78,28.1,83,11.0,273,11
2025-09-05 20:00:00,54.4,28.5,307.0,445,26.3,11.4,28.0,43.0,0.0,79,27.8,85,10.1,265,22
2025-09-05 21:00:00,54.7,28.8,278.0,445,25.2,10.8,27.0,41.0,0.0,79,27.4,87,14.1,259,79
2025-09-05 22:00:00,54.5,28.3,235.0,444,21.7,10.5,32.0,40.0,0.0,79,27.3,87,14.5,264,98
2025-09-05 23:00:00,51.8,27.5,197.0,444,18.0,10.0,37.0,39.0,0.0,79,27.2,85,15.6,291,100
2025-09-06 00:00:00,49.7,26.4,172.0,444,14.7,9.2,40.0,39.0,0.0,80,27.2,85,13.4,297,100
2025-09-06 01:00:00,48.8,25.3,152.0,443,11.4,8.3,44.0,39.0,0.0,80,27.0,86,12.6,294,90
2025-09-06 02:00:00,48.2,24.2,139.0,443,8.8,7.6,46.0,39.0,0.0,81,26.7,88,12.7,286,61
2025-09-06 03:00:00,47.3,23.3,130.0,443,7.3,7.3,47.0,38.0,0.0,81,26.5,90,11.3,279,7
2025-09-06 04:00:00,45.8,22.6,128.0,444,6.6,7.4,48.0,36.0,0.0,81,26.2,91,12.3,273,13
2025-09-06 05:00:00,44.1,21.8,143.0,444,6.6,6.9,48.0,37.0,0.0,82,26.2,92,13.5,274,21
2025-09-06 06:00:00,43.4,22.0,192.0,444,8.8,7.9,46.0,39.0,0.0,82,26.5,90,13.2,274,13
2025-09-06 07:00:00,46.6,23.9,258.0,444,11.8,9.3,43.0,42.0,0.2,82,26.7,89,14.6,279,28
2025-09-06 08:00:00,53.0,25.9,299.0,444,13.4,11.0,46.0,46.0,1.0,82,27.8,81,15.0,283,91
2025-09-06 09:00:00,59.3,28.1,290.0,444,12.3,13.2,58.0,51.0,2.6,83,29.1,73,13.2,281,92
2025-09-06 10:00:00,63.3,29.6,256.0,443,9.9,15.6,75.0,57.0,4.75,83,30.3,68,12.9,279,22
2025-09-06 11:00:00,67.8,31.1,230.0,443,7.7,17.2,89.0,63.0,6.6,83,31.5,63,13.1,277,79
2025-09-06 12:00:00,71.2,32.0,223.0,443,6.2,17.3,97.0,68.0,7.6,83,32.0,62,13.5,272,98
2025-09-06 13:00:00,72.6,32.1,223.0,443,5.0,16.5,102.0,73.0,7.45,83,32.2,61,14.2,266,93
2025-09-06 14:00:00,73.1,32.0,230.0,443,4.8,15.6,101.0,74.0,6.05,83,32.0,62,15.4,263,95
2025-09-06 15:00:00,71.9,31.5,247.0,443,5.8,14.9,92.0,71.0,3.95,83,31.5,64,16.7,263,3
2025-09-06 16:00:00,69.2,30.6,271.0,443,7.7,14.2,76.0,65.0,2.05,83,30.8,67,17.9,267,0
2025-09-06 17:00:00,64.3,29.0,288.0,443,11.1,13.3,63.0,63.0,0.75,83,30.1,69,16.7,270,23
2025-09-06 18:00:00,56.0,27.3,295.0,444,16.3,12.8,52.0,53.0,0.1,83,29.2,75,14.1,260,100
2025-09-06 19:00:00,46.1,26.1,296.0,444,23.3,12.0,37.0,39.0,0.0,83,28.0,83,11.9,266,100
2025-09-06 20:00:00,44.8,26.2,290.0,445,28.3,11.6,26.0,29.0,0.0,83,27.5,87,10.9,254,100
2025-09-06 21:00:00,43.8,25.9,274.0,445,29.8,12.0,23.0,26.0,0.0,83,27.5,86,11.7,260,100
2025-09-06 22:00:00,44.0,26.4,251.0,444,29.2,12.6,25.0,26.0,0.0,82,27.3,87,13.3,270,100
2025-09-06 23:00:00,43.9,26.4,227.0,444,26.8,12.7,28.0,26.0,0.0,82,27.0,87,12.1,277,63
2025-09-07 00:00:00,41.7,24.8,200.0,444,21.7,11.6,34.0,24.0,0.0,82,26.9,88,11.4,283,53
2025-09-07 01:00:00,38.0,22.1,173.0,443,14.8,9.9,42.0,22.0,0.0,82,26.6,90,12.8,285,100
2025-09-07 02:00:00,33.8,19.2,153.0,443,9.5,8.6,48.0,21.0,0.0,82,26.5,91,12.7,286,100
2025-09-07 03:00:00,31.8,17.5,142.0,443,6.9,7.9,51.0,21.0,0.0,81,26.4,91,13.6,285,100
2025-09-07 04:00:00,31.8,17.1,139.0,444,5.9,7.4,52.0,21.0,0.0,81,26.4,91,13.2,285,100
2025-09-07 05:00:00,31.7,16.6,152.0,444,6.2,7.6,52.0,23.0,0.0,80,26.4,91,12.7,283,100
2025-09-07 06:00:00,32.1,17.1,197.0,444,8.6,8.3,50.0,26.0,0.0,80,26.6,91,14.0,279,100
2025-09-07 07:00:00,35.2,18.9,257.0,443,11.8,9.4,47.0,31.0,0.15,79,26.8,90,13.8,281,67
2025-09-07 08:00:00,42.3,20.9,294.0,443,13.4,10.7,48.0,35.0,0.85,79,27.9,82,16.3,280,27
2025-09-07 09:00:00,46.9,22.2,283.0,443,11.7,12.4,58.0,39.0,2.35,78,29.4,73,14.3,285,36
2025-09-07 10:00:00,50.9,23.6,248.0,442,8.4,14.3,72.0,44.0,4.75,78,30.6,66,13.9,280,64
2025-09-07 11:00:00,52.9,25.0,220.0,442,5.7,15.4,83.0,46.0,7.15,77,31.5,62,14.1,272,86
2025-09-07 12:00:00,52.0,25.3,209.0,442,4.3,15.0,88.0,45.0,8.45,77,31.9,61,15.3,261,43
2025-09-07 13:00:00,51.9,24.9,205.0,442,3.7,13.8,90.0,43.0,8.35,76,31.6,62,17.8,256,77
2025-09-07 14:00:00,49.1,24.0,211.0,442,3.9,12.9,88.0,41.0,6.5,76,31.2,64,19.6,257,100
2025-09-07 15:00:00,46.2,22.9,232.0,442,5.2,12.8,80.0,40.0,3.1,75,30.5,67,18.4,258,100
2025-09-07 16:00:00,48.3,23.5,263.0,443,7.4,13.0,68.0,39.0,1.25,74,29.9,69,16.0,270,100
2025-09-07 17:00:00,46.6,23.4,285.0,443,10.5,11.1,58.0,37.0,0.5,73,29.4,70,14.9,270,100
2025-09-07 18:00:00,48.7,25.3,289.0,443,15.1,11.6,50.0,36.0,0.1,73,28.0,76,14.6,266,100
2025-09-07 19:00:00,49.7,26.8,285.0,444,21.4,12.4,39.0,35.0,0.0,73,27.6,79,14.2,263,100
2025-09-07 20:00:00,49.9,28.3,281.0,444,25.5,12.8,31.0,34.0,0.0,73,27.5,80,12.6,271,100
2025-09-07 21:00:00,50.9,28.8,284.0,445,25.6,12.8,30.0,34.0,0.0,73,27.5,81,10.7,263,100
2025-09-07 22:00:00,51.2,28.9,286.0,446,23.5,12.4,32.0,35.0,0.0,73,27.4,82,13.2,282,100
2025-09-07 23:00:00,51.1,28.9,276.0,446,20.8,11.9,35.0,35.0,0.0,74,27.1,84,13.0,284,100
2025-09-08 00:00:00,50.5,28.2,239.0,445,17.5,11.0,38.0,35.0,0.0,74,27.0,85,13.3,279,100
2025-09-08 01:00:00,48.8,26.8,189.0,445,13.6,10.0,41.0,34.0,0.0,74,26.9,85,12.8,285,100
2025-09-08 02:00:00,47.1,25.1,155.0,444,10.6,9.2,43.0,34.0,0.0,74,26.8,85,10.4,298,100
2025-09-08 03:00:00,46.3,24.1,137.0,444,8.7,8.7,44.0,34.0,0.0,75,26.6,85,12.3,285,100
2025-09-08 04:00:00,45.5,23.3,135.0,445,7.7,8.5,45.0,35.0,0.0,76,26.6,86,9.4,299,100
2025-09-08 05:00:00,41.2,20.8,171.0,446,6.7,7.7,47.0,32.0,0.0,76,26.5,87,10.2,277,100
2025-09-08 06:00:00,42.6,21.1,290.0,447,10.0,8.7,44.0,34.0,0.0,77,26.1,93,10.7,264,100
2025-09-08 07:00:00,43.8,22.2,447.0,448,14.6,10.2,39.0,36.0,0.1,77,26.0,95,12.1,274,100
2025-09-08 08:00:00,47.7,24.3,533.0,448,17.4,11.9,39.0,39.0,0.7,77,26.2,93,10.9,277,100
2025-09-08 09:00:00,51.8,26.0,474.0,446,17.0,14.3,46.0,43.0,1.15,77,26.5,90,11.4,281,100
2025-09-08 10:00:00,55.2,26.8,344.0,444,14.9,16.9,57.0,48.0,1.95,78,28.3,77,14.8,280,100
2025-09-08 11:00:00,56.8,26.7,251.0,442,12.9,18.6,66.0,51.0,4.05,78,29.1,74,12.6,283,100
2025-09-08 12:00:00,56.9,26.6,245.0,442,11.3,18.7,74.0,53.0,4.75,78,28.9,76,12.7,285,100
2025-09-08 13:00:00,55.8,26.2,275.0,442,9.9,17.9,80.0,53.0,3.05,78,28.5,78,12.6,267,100
2025-09-08 14:00:00,58.1,27.8,301.0,443,9.9,17.0,81.0,52.0,2.7,78,27.1,87,14.8,264,100
2025-09-08 15:00:00,56.6,27.4,301.0,443,11.8,16.1,73.0,50.0,2.2,79,28.1,79,17.0,265,100
2025-09-08 16:00:00,50.5,23.7,297.0,443,15.1,15.0,59.0,46.0,0.7,79,28.0,81,18.9,269,100
2025-09-08 17:00:00,48.7,24.9,311.0,443,19.4,12.4,49.0,39.0,0.15,79,27.6,83,13.9,271,100
2025-09-08 18:00:00,45.3,25.3,367.0,444,24.6,12.6,41.0,38.0,0.0,79,27.6,82,14.8,265,100
2025-09-08 19:00:00,48.3,26.4,440.0,446,31.8,13.0,31.0,38.0,0.0,79,27.4,83,14.4,266,100
2025-09-08 20:00:00,50.4,27.9,479.0,448,37.2,13.4,23.0,37.0,0.0,79,27.2,84,13.6,282,100
2025-09-08 21:00:00,48.8,27.6,457.0,449,39.3,14.1,19.0,37.0,0.0,79,27.0,88,9.2,298,100
2025-09-08 22:00:00,51.5,29.2,401.0,449,39.6,14.9,18.0,37.0,0.0,79,26.8,90,8.3,294,99
2025-09-08 23:00:00,53.3,30.3,340.0,449,38.6,15.3,18.0,38.0,0.0,79,26.5,93,11.2,294,100
2025-09-09 00:00:00,55.6,31.5,274.0,448,36.3,15.2,18.0,39.0,0.0,79,26.3,94,10.2,298,99
2025-09-09 01:00:00,55.8,30.9,203.0,446,32.7,14.7,20.0,41.0,0.0,80,26.2,94,10.8,294,100
2025-09-09 02:00:00,54.9,30.0,153.0,445,28.8,14.1,22.0,42.0,0.0,80,26.2,93,11.4,294,100
2025-09-09 03:00:00,52.9,28.5,124.0,444,23.7,13.3,27.0,41.0,0.0,80,26.2,93,10.9,283,100
2025-09-09 04:00:00,50.6,26.0,115.0,443,18.2,12.5,33.0,40.0,0.0,81,26.1,93,12.1,287,100
2025-09-09 05:00:00,43.4,21.9,150.0,443,12.7,9.8,42.0,35.0,0.0,81,26.0,93,12.5,293,84
2025-09-09 06:00:00,43.8,21.8,274.0,444,15.5,10.5,41.0,37.0,0.0,81,25.8,95,11.1,317,100
2025-09-09 07:00:00,44.1,22.7,442.0,447,19.3,11.5,40.0,39.0,0.05,81,25.5,96,14.2,297,100
2025-09-09 08:00:00,48.0,24.4,542.0,448,21.6,12.5,41.0,39.0,0.25,81,25.5,95,13.0,284,100
2025-09-09 09:00:00,43.8,23.1,506.0,447,20.9,13.7,46.0,34.0,0.5,81,25.7,92,15.7,279,100
2025-09-09 10:00:00,38.9,21.7,403.0,446,18.6,14.9,52.0,27.0,0.55,81,25.6,93,15.3,282,100
2025-09-09 11:00:00,31.8,18.7,326.0,445,17.1,15.5,56.0,21.0,0.65,81,26.5,88,16.6,289,100
2025-09-09 12:00:00,30.9,18.0,313.0,445,16.8,15.0,56.0,19.0,0.6,80,27.9,79,17.8,296,100
2025-09-09 13:00:00,29.9,17.8,326.0,445,17.1,13.9,54.0,19.0,0.8,79,27.5,81,18.1,277,100
2025-09-09 14:00:00,30.3,18.4,345.0,445,18.9,13.0,51.0,19.0,0.8,78,26.3,91,19.7,266,100
2025-09-09 15:00:00,27.2,17.6,372.0,445,23.4,12.7,46.0,17.0,0.35,77,25.8,94,18.6,256,100
2025-09-09 16:00:00,27.8,18.7,405.0,445,29.4,12.5,39.0,15.0,0.25,77,25.8,94,18.4,258,100
2025-09-09 17:00:00,25.5,18.4,417.0,445,31.8,12.0,40.0,12.0,0.2,76,25.6,95,21.0,265,100
2025-09-09 18:00:00,23.7,18.5,388.0,445,33.0,12.1,38.0,10.0,0.05,76,26.1,95,18.2,277,100
2025-09-09 19:00:00,22.0,17.9,338.0,445,34.7,12.2,35.0,8.0,0.0,75,25.8,94,17.9,289,100
2025-09-09 20:00:00,20.7,16.9,297.0,445,35.8,12.4,33.0,6.0,0.0,74,26.1,93,15.3,285,100
2025-09-09 21:00:00,17.6,15.2,281.0,445,35.7,12.5,32.0,4.0,0.0,73,26.2,93,13.8,291,100
2025-09-09 22:00:00,16.2,14.6,275.0,446,35.1,12.7,31.0,3.0,0.0,72,26.1,93,12.8,286,100
2025-09-09 23:00:00,16.9,15.8,263.0,446,34.5,12.9,30.0,2.0,0.0,71,26.0,93,11.2,294,100
2025-09-10 00:00:00,19.7,18.9,235.0,445,34.9,13.5,29.0,1.0,0.0,70,25.5,94,4.4,289,100
2025-09-10 01:00:00,20.1,19.3,201.0,444,35.4,14.3,27.0,1.0,0.0,68,25.5,94,8.1,208,98
2025-09-10 02:00:00,15.7,15.0,178.0,443,33.8,14.2,28.0,1.0,0.0,67,25.8,92,9.5,190,100
2025-09-10 03:00:00,13.3,12.3,159.0,443,28.0,12.6,33.0,2.0,0.0,66,25.4,94,14.3,184,100
2025-09-10 04:00:00,13.6,10.6,151.0,443,20.1,10.2,39.0,3.0,0.0,65,25.5,94,12.4,172,100
2025-09-10 05:00:00,16.6,8.6,187.0,444,6.7,5.2,46.0,13.0,0.0,63,25.7,94,13.0,179,93
2025-09-10 06:00:00,19.4,9.7,318.0,445,9.4,5.7,41.0,15.0,0.0,62,25.9,91,15.3,155,100
2025-09-10 07:00:00,22.4,11.6,493.0,446,13.1,6.4,34.0,17.0,0.1,61,25.4,93,16.2,161,100
2025-09-10 08:00:00,27.4,14.4,598.0,447,15.1,7.3,31.0,21.0,0.65,60,25.5,93,18.6,160,100
2025-09-10 09:00:00,41.9,18.3,566.0,446,14.0,8.4,33.0,27.0,1.5,59,25.8,92,18.7,163,100
2025-09-10 10:00:00,40.3,16.8,464.0,445,11.2,9.7,39.0,35.0,2.15,59,26.1,90,19.0,170,100
2025-09-10 11:00:00,39.9,16.2,376.0,444,9.0,10.7,44.0,40.0,1.6,58,26.4,88,18.4,168,100
2025-09-10 12:00:00,38.4,15.1,327.0,443,8.0,11.1,47.0,40.0,2.0,58,27.4,81,17.5,168,100
2025-09-10 13:00:00,38.2,14.9,292.0,443,7.6,11.2,49.0,36.0,2.3,58,28.0,79,18.7,169,100
2025-09-10 14:00:00,36.4,15.4,280.0,443,7.9,11.5,51.0,35.0,3.2,58,28.2,78,17.9,175,100
2025-09-10 15:00:00,38.3,16.3,300.0,443,8.0,12.1,53.0,38.0,2.9,57,27.9,80,16.8,183,51
2025-09-10 16:00:00,40.2,16.5,342.0,443,8.7,12.8,55.0,43.0,1.55,57,27.6,82,14.0,179,19
2025-09-10 17:00:00,53.0,20.4,395.0,444,9.6,12.6,60.0,56.0,0.75,57,27.5,82,13.4,173,13
2025-09-10 18:00:00,54.4,21.9,466.0,445,20.4,13.7,45.0,51.0,0.1,57,26.7,84,13.3,170,95
2025-09-10 19:00:00,52.0,26.5,546.0,447,35.2,15.1,25.0,45.0,0.0,58,26.4,88,12.1,180,100
2025-09-10 20:00:00,52.4,29.0,596.0,448,45.7,16.2,10.0,39.0,0.0,58,26.2,89,12.2,196,100
2025-09-10 21:00:00,51.9,29.6,599.0,449,47.9,16.8,5.0,36.0,0.0,59,26.1,90,10.2,188,42
2025-09-10 22:00:00,52.2,30.7,572.0,450,45.8,16.9,6.0,34.0,0.0,61,26.2,89,10.7,193,48
2025-09-10 23:00:00,51.3,31.7,522.0,450,43.0,16.4,7.0,32.0,0.0,62,26.2,90,10.8,201,38
2025-09-11 00:00:00,47.8,29.5,438.0,449,40.5,14.5,8.0,30.0,0.0,63,26.1,90,10.6,203,39
2025-09-11 01:00:00,42.8,25.7,331.0,447,37.3,12.0,10.0,28.0,0.0,64,26.0,90,10.2,208,37
2025-09-11 02:00:00,38.4,22.4,247.0,446,33.6,10.0,13.0,26.0,0.0,65,25.8,90,9.8,218,51
2025-09-11 03:00:00,35.2,19.8,184.0,446,28.6,9.1,17.0,25.0,0.0,66,25.5,92,9.4,222,67
2025-09-11 04:00:00,33.3,18.2,144.0,447,23.1,8.9,21.0,24.0,0.0,66,25.4,93,8.9,228,92
2025-09-11 05:00:00,34.1,18.6,176.0,448,24.2,9.6,20.0,25.0,0.0,67,25.4,93,8.8,231,77
2025-09-11 06:00:00,32.6,17.2,358.0,450,22.3,11.9,24.0,27.0,0.0,68,25.5,93,7.1,255,100
2025-09-11 07:00:00,36.0,18.2,613.0,453,19.5,15.0,29.0,30.0,0.2,69,25.5,93,6.8,252,100
2025-09-11 08:00:00,38.3,17.8,760.0,454,16.4,17.1,36.0,33.0,1.0,69,25.8,93,6.5,242,97
2025-09-11 09:00:00,39.0,17.1,690.0,452,12.8,17.2,45.0,37.0,2.75,69,26.4,89,6.6,235,100
2025-09-11 10:00:00,41.1,17.5,511.0,449,9.0,16.2,55.0,40.0,4.05,69,26.4,89,7.9,227,100
2025-09-11 11:00:00,43.1,18.1,369.0,446,6.1,15.1,63.0,41.0,3.75,69,26.5,89,7.3,220,100
2025-09-11 12:00:00,35.9,15.2,320.0,445,4.9,14.1,67.0,36.0,3.75,70,26.8,87,10.2,221,100
2025-09-11 13:00:00,30.6,13.4,307.0,444,4.6,12.9,68.0,29.0,4.45,70,27.1,84,10.9,218,100
2025-09-11 14:00:00,28.6,13.4,306.0,444,4.9,12.3,67.0,24.0,5.05,69,27.3,82,12.0,217,100
2025-09-11 15:00:00,28.3,13.7,306.0,444,4.8,12.6,65.0,23.0,4.1,69,27.4,82,12.5,213,93
2025-09-11 16:00:00,29.7,13.9,317.0,444,5.3,13.4,61.0,25.0,2.25,69,27.6,81,13.0,222,51
2025-09-11 17:00:00,21.3,11.2,345.0,444,8.7,13.8,55.0,15.0,0.8,69,27.6,80,13.4,230,49
2025-09-11 18:00:00,21.5,11.5,411.0,445,15.3,13.9,44.0,15.0,0.1,68,27.4,84,12.5,233,25
2025-09-11 19:00:00,22.6,13.6,494.0,447,24.4,14.0,28.0,14.0,0.0,67,26.9,86,11.9,231,9
2025-09-11 20:00:00,25.4,15.8,541.0,449,30.9,13.9,17.0,14.0,0.0,66,26.7,87,11.9,228,10
2025-09-11 21:00:00,27.3,16.7,523.0,450,32.6,13.4,13.0,15.0,0.0,65,26.8,87,11.2,229,27
2025-09-11 22:00:00,28.8,17.2,468.0,450,31.6,12.6,13.0,17.0,0.0,64,26.8,87,10.8,232,33
2025-09-11 23:00:00,29.6,17.2,405.0,450,29.5,11.6,15.0,19.0,0.0,62,26.6,87,10.8,238,23
2025-09-12 00:00:00,29.2,16.4,334.0,449,26.0,10.4,18.0,19.0,0.0,61,26.5,88,10.3,243,30
2025-09-12 01:00:00,27.8,15.1,256.0,448,21.2,9.0,22.0,19.0,0.0,60,26.4,89,10.3,241,27
2025-09-12 02:00:00,26.2,13.8,197.0,448,17.2,8.0,25.0,19.0,0.0,59,26.1,89,11.0,240,47
2025-09-12 03:00:00,25.3,12.7,165.0,449,14.5,7.6,27.0,18.0,0.0,58,25.9,91,10.4,247,25
2025-09-12 04:00:00,23.1,11.9,152.0,450,12.5,7.5,29.0,17.0,0.0,58,25.7,92,9.9,251,26
2025-09-12 05:00:00,22.4,11.5,169.0,450,11.8,8.1,30.0,17.0,0.0,57,25.5,93,10.0,257,18
2025-09-12 06:00:00,22.2,11.6,242.0,449,12.7,9.5,30.0,18.0,0.0,56,26.0,91,9.4,253,27
2025-09-12 07:00:00,24.6,13.6,343.0,448,13.9,11.4,31.0,20.0,0.2,56,26.1,91,8.6,254,26
2025-09-12 08:00:00,27.4,13.7,400.0,446,13.9,13.0,34.0,21.0,1.1,55,26.8,86,10.4,253,30
2025-09-12 09:00:00,28.2,13.5,367.0,445,11.6,14.1,42.0,22.0,2.75,55,27.5,81,11.9,248,22
2025-09-12 10:00:00,27.9,13.2,290.0,443,8.1,15.0,53.0,22.0,4.85,55,28.1,78,12.9,240,28
2025-09-12 11:00:00,27.4,13.2,232.0,442,5.4,15.3,62.0,22.0,6.25,54,28.5,76,13.6,235,26
2025-09-12 12:00:00,27.0,13.2,218.0,442,4.2,14.6,66.0,21.0,8.1,54,28.8,75,14.3,233,33
2025-09-12 13:00:00,26.4,13.0,224.0,442,3.8,13.3,68.0,21.0,7.65,54,28.6,76,14.4,230,30
2025-09-12 14:00:00,26.4,12.9,238.0,442,4.0,12.5,67.0,20.0,6.5,54,28.6,76,14.2,231,11
2025-09-12 15:00:00,26.8,12.9,253.0,442,4.0,12.7,64.0,20.0,4.5,54,28.7,75,13.7,231,13
2025-09-12 16:00:00,27.3,13.1,276.0,442,4.7,13.3,59.0,21.0,2.25,54,28.4,77,12.9,235,13
2025-09-12 17:00:00,25.0,12.5,325.0,443,8.0,13.7,52.0,19.0,0.8,54,28.0,78,12.1,242,17
2025-09-12 18:00:00,25.5,13.4,432.0,445,16.7,14.2,39.0,17.0,0.1,54,27.9,80,10.2,242,1
2025-09-12 19:00:00,26.5,17.0,564.0,449,28.7,14.9,22.0,15.0,0.0,54,27.2,84,9.7,241,0
2025-09-12 20:00:00,27.8,19.0,640.0,451,37.2,15.2,9.0,13.0,0.0,54,27.0,85,8.7,240,0
2025-09-12 21:00:00,28.1,19.5,618.0,452,39.5,14.7,5.0,13.0,0.0,54,26.9,86,9.0,239,0
2025-09-12 22:00:00,27.9,19.4,540.0,451,38.5,13.8,6.0,13.0,0.0,55,26.8,87,8.8,242,8
2025-09-12 23:00:00,27.5,18.8,455.0,451,35.8,12.7,8.0,13.0,0.0,55,26.5,88,8.2,255,28
2025-09-13 00:00:00,26.5,17.5,368.0,450,31.3,11.2,12.0,13.0,0.0,55,26.5,88,8.2,262,32
2025-09-13 01:00:00,25.1,15.9,275.0,450,25.2,9.4,18.0,14.0,0.0,55,26.3,89,8.8,266,15
2025-09-13 02:00:00,23.8,14.5,205.0,449,20.1,8.1,22.0,14.0,0.0,55,26.2,88,8.7,265,11
2025-09-13 03:00:00,22.7,13.4,167.0,449,17.1,7.4,24.0,13.0,0.0,55,26.0,89,8.5,272,29
2025-09-13 04:00:00,21.7,12.7,154.0,450,15.1,7.1,25.0,12.0,0.0,55,25.9,89,8.6,272,22
2025-09-13 05:00:00,20.1,11.9,172.0,450,13.5,7.7,27.0,12.0,0.0,55,25.8,89,8.5,269,30
2025-09-13 06:00:00,20.1,11.9,251.0,449,14.0,9.6,28.0,13.0,0.0,55,26.1,87,7.9,269,26
2025-09-13 07:00:00,22.6,14.4,361.0,448,14.5,12.3,29.0,15.0,0.2,55,26.2,88,7.3,286,28
2025-09-13 08:00:00,24.3,13.4,421.0,447,14.1,14.5,33.0,16.0,1.0,56,27.0,84,8.3,276,26
2025-09-13 09:00:00,23.4,12.5,380.0,445,11.7,15.7,42.0,17.0,2.55,56,28.2,76,9.7,259,18
2025-09-13 10:00:00,25.8,13.2,290.0,443,8.4,16.3,53.0,17.0,4.65,55,29.0,72,10.8,246,28
2025-09-13 11:00:00,25.8,13.2,223.0,442,5.8,16.5,62.0,18.0,6.35,55,29.2,71,11.9,236,55
2025-09-13 12:00:00,26.5,13.4,208.0,442,4.6,15.9,68.0,19.0,7.45,55,29.1,73,13.3,229,57
2025-09-13 13:00:00,25.4,13.1,216.0,442,4.1,14.8,72.0,19.0,6.9,55,29.2,72,13.9,227,18
2025-09-13 14:00:00,26.0,13.2,235.0,442,4.2,14.0,73.0,19.0,6.05,55,29.3,72,13.5,228,28
2025-09-13 15:00:00,26.7,13.1,261.0,442,4.4,14.1,69.0,18.0,4.0,55,29.2,71,13.4,230,42
2025-09-13 16:00:00,23.2,11.9,298.0,442,5.2,14.5,62.0,16.0,2.05,55,28.8,74,13.6,236,54
2025-09-13 17:00:00,24.6,12.7,342.0,443,8.5,15.8,55.0,17.0,0.75,55,28.3,76,13.3,240,63
2025-09-13 18:00:00,22.1,12.3,407.0,445,16.5,15.7,43.0,15.0,0.1,55,28.3,78,10.7,237,48
2025-09-13 19:00:00,22.0,15.0,480.0,447,27.5,15.5,26.0,11.0,0.0,55,27.5,83,10.5,243,2
2025-09-13 20:00:00,22.1,15.7,513.0,449,34.6,15.0,14.0,9.0,0.0,55,27.1,85,10.7,237,1
2025-09-13 21:00:00,21.5,15.3,479.0,449,34.5,13.9,13.0,8.0,0.0,55,27.0,86,11.5,238,88
2025-09-13 22:00:00,21.0,14.8,406.0,448,30.6,12.4,16.0,9.0,0.0,54,26.8,86,11.7,241,6
2025-09-13 23:00:00,20.3,13.9,333.0,447,26.1,11.0,21.0,9.0,0.0,54,26.7,87,11.5,243,14
2025-09-14 00:00:00,19.3,12.8,266.0,446,21.4,9.5,25.0,9.0,0.0,54,26.6,87,11.3,253,18
2025-09-14 01:00:00,18.3,11.6,199.0,445,16.2,8.1,30.0,9.0,0.0,53,26.5,87,10.8,259,22
2025-09-14 02:00:00,17.8,10.8,152.0,445,12.0,7.1,34.0,9.0,0.0,53,26.2,88,10.6,266,75
2025-09-14 03:00:00,17.8,10.4,130.0,446,9.5,6.8,36.0,10.0,0.0,52,26.1,88,11.0,273,74
2025-09-14 04:00:00,18.3,10.4,127.0,446,8.1,6.9,37.0,10.0,0.0,52,26.0,88,10.3,272,15
2025-09-14 05:00:00,18.1,10.4,151.0,447,7.9,7.5,38.0,10.0,0.0,52,26.0,89,11.4,275,16
2025-09-14 06:00:00,19.2,10.9,226.0,447,9.7,8.7,37.0,11.0,0.0,52,26.6,88,10.6,279,92
2025-09-14 07:00:00,21.4,13.0,328.0,446,12.1,10.5,35.0,13.0,0.2,52,26.6,88,9.4,283,26
2025-09-14 08:00:00,24.5,14.0,384.0,445,13.1,12.0,36.0,15.0,1.0,52,27.2,86,11.3,278,39
2025-09-14 09:00:00,26.3,14.0,350.0,444,11.3,13.2,43.0,17.0,2.55,52,28.1,80,12.5,264,56
2025-09-14 10:00:00,26.6,13.7,272.0,443,8.1,14.1,52.0,18.0,3.85,52,28.9,74,14.2,255,67
2025-09-14 11:00:00,26.8,13.7,213.0,442,5.6,14.6,60.0,19.0,5.95,52,29.1,73,16.0,256,61
2025-09-14 12:00:00,26.1,13.5,201.0,442,4.5,14.3,65.0,18.0,6.15,52,29.5,71,16.0,249,65
2025-09-14 13:00:00,24.3,12.8,210.0,442,4.1,13.6,67.0,17.0,6.1,52,29.5,71,17.1,245,63
2025-09-14 14:00:00,23.5,12.7,222.0,442,4.3,12.9,67.0,15.0,5.75,52,29.4,73,17.0,247,81
2025-09-14 15:00:00,23.2,12.5,232.0,442,5.1,12.5,63.0,13.0,4.1,52,29.1,73,16.4,251,100
2025-09-14 16:00:00,21.4,11.9,246.0,442,6.6,12.2,56.0,11.0,2.0,52,28.7,74,16.8,260,60
2025-09-14 17:00:00,19.0,10.6,264.0,442,8.9,12.7,50.0,12.0,0.6,52,28.4,76,15.9,264,30
2025-09-14 18:00:00,20.5,11.8,293.0,443,14.0,12.4,42.0,11.0,0.1,52,28.2,79,13.3,249,30
2025-09-14 19:00:00,18.9,12.9,326.0,444,21.0,12.1,30.0,9.0,0.0,52,27.6,83,13.6,244,13
2025-09-14 20:00:00,19.6,13.5,339.0,445,25.2,11.5,23.0,8.0,0.0,51,27.2,84,15.2,243,2
2025-09-14 21:00:00,20.9,13.9,317.0,445,24.2,10.7,23.0,9.0,0.0,51,27.1,83,15.1,242,5
2025-09-14 22:00:00,22.2,14.2,276.0,445,20.5,9.7,26.0,11.0,0.0,51,26.9,84,15.2,248,10
2025-09-14 23:00:00,22.9,14.1,234.0,444,16.6,8.8,30.0,12.0,0.0,51,26.8,84,16.2,258,18
2025-09-15 00:00:00,22.6,13.4,194.0,443,13.1,7.9,33.0,13.0,0.0,51,26.5,85,16.4,265,34
2025-09-15 01:00:00,21.5,12.3,154.0,442,9.6,7.1,37.0,14.0,0.0,51,26.5,85,16.0,269,94
2025-09-15 02:00:00,22.7,12.3,126.0,442,6.9,6.5,39.0,14.0,0.0,51,26.4,85,15.7,273,97
2025-09-15 03:00:00,21.0,11.4,109.0,442,5.6,6.2,40.0,13.0,0.0,51,26.3,84,15.5,274,94
2025-09-15 04:00:00,19.5,10.7,105.0,443,5.1,6.1,39.0,12.0,0.0,51,26.2,85,15.3,271,75
2025-09-15 05:00:00,18.5,10.2,130.0,444,5.5,6.7,39.0,11.0,0.0,51,26.1,86,14.8,271,48
2025-09-15 06:00:00,19.6,10.6,217.0,444,7.2,7.6,38.0,13.0,0.0,51,26.8,85,13.9,264,28
2025-09-15 07:00:00,21.5,12.1,333.0,444,9.5,8.7,37.0,16.0,0.2,51,27.0,84,14.3,265,61
2025-09-15 08:00:00,27.6,14.2,398.0,444,10.6,9.7,38.0,19.0,1.05,51,27.7,80,17.9,264,96
2025-09-15 09:00:00,25.8,12.8,362.0,443,9.3,10.2,43.0,21.0,2.3,51,28.0,78,20.3,263,100
2025-09-15 10:00:00,27.0,13.0,276.0,442,6.7,10.5,50.0,22.0,3.25,51,28.0,79,21.8,262,100
2025-09-15 11:00:00,27.6,13.0,210.0,441,4.8,10.7,55.0,23.0,4.55,51,28.3,78,21.3,261,100
2025-09-15 12:00:00,29.0,13.5,190.0,441,4.1,10.7,58.0,23.0,5.35,51,28.6,76,20.8,258,100
2025-09-15 13:00:00,27.6,13.6,190.0,441,4.0,10.5,60.0,23.0,4.9,51,28.6,76,21.4,255,100
2025-09-15 14:00:00,28.2,13.6,202.0,441,4.4,10.3,59.0,22.0,4.35,51,28.8,76,21.1,256,99
2025-09-15 15:00:00,28.9,13.9,231.0,441,5.3,10.2,55.0,21.0,2.85,51,28.6,76,20.2,256,98
2025-09-15 16:00:00,26.4,13.2,272.0,442,6.7,10.1,50.0,20.0,1.3,51,28.2,78,20.0,252,100
2025-09-15 17:00:00,34.0,16.4,303.0,442,8.8,10.4,45.0,26.0,0.45,51,27.9,79,18.7,254,74
2025-09-15 18:00:00,28.5,16.2,316.0,443,13.2,10.3,38.0,22.0,0.05,52,28.0,83,16.7,258,22
2025-09-15 19:00:00,29.3,17.8,318.0,444,19.1,10.1,30.0,16.0,0.0,52,27.6,84,15.7,250,14
2025-09-15 20:00:00,26.8,17.2,308.0,444,22.5,9.8,24.0,12.0,0.0,53,27.4,85,15.7,248,20
2025-09-15 21:00:00,24.6,16.1,282.0,444,21.2,9.3,25.0,10.0,0.0,53,27.1,85,15.9,252,40
2025-09-15 22:00:00,23.3,15.0,245.0,443,17.5,8.7,28.0,10.0,0.0,53,26.9,87,16.1,256,31
2025-09-15 23:00:00,22.3,14.1,209.0,443,13.9,8.0,32.0,10.0,0.0,53,26.8,86,15.2,254,17
2025-09-16 00:00:00,21.4,13.0,175.0,443,11.0,7.2,35.0,10.0,0.0,53,26.8,86,15.6,259,36
2025-09-16 01:00:00,21.1,12.1,142.0,442,8.3,6.4,37.0,11.0,0.0,53,26.6,86,15.7,261,100
2025-09-16 02:00:00,20.7,11.5,120.0,442,6.3,5.9,39.0,12.0,0.0,53,26.8,87,15.6,263,100
2025-09-16 03:00:00,20.2,11.1,103.0,442,5.3,5.7,40.0,12.0,0.0,53,26.6,88,15.9,267,97
2025-09-16 04:00:00,20.3,11.1,96.0,443,5.0,5.8,40.0,11.0,0.0,53,26.5,89,15.5,269,100
2025-09-16 05:00:00,22.7,11.5,123.0,444,5.6,6.2,41.0,16.0,0.0,53,26.5,89,15.1,272,81
2025-09-16 06:00:00,22.8,12.0,222.0,445,8.2,7.0,39.0,19.0,0.0,53,27.2,85,14.1,265,100
2025-09-16 07:00:00,25.8,14.0,354.0,446,11.7,8.1,36.0,23.0,0.15,54,27.3,86,13.3,261,100
2025-09-16 08:00:00,33.9,16.1,427.0,446,13.5,9.2,35.0,27.0,0.6,54,27.7,84,14.9,262,100
2025-09-16 09:00:00,46.2,18.0,382.0,445,12.1,10.4,39.0,32.0,1.3,54,28.3,78,16.7,259,100
2025-09-16 10:00:00,46.9,18.0,278.0,443,9.1,11.5,46.0,37.0,2.35,54,28.6,76,18.0,256,100
2025-09-16 11:00:00,43.3,17.2,201.0,442,6.7,12.2,52.0,43.0,3.4,55,29.0,76,19.0,251,97
2025-09-16 12:00:00,46.2,17.5,183.0,442,5.7,12.1,55.0,51.0,4.3,55,29.0,76,17.7,246,100
2025-09-16 13:00:00,48.1,17.5,191.0,442,5.3,11.5,56.0,60.0,3.8,56,29.0,76,18.6,243,100
2025-09-16 14:00:00,56.3,18.7,212.0,442,5.6,11.1,56.0,65.0,2.95,56,29.0,77,18.8,241,100
2025-09-16 15:00:00,59.5,19.9,247.0,442,6.3,11.0,54.0,64.0,2.2,56,28.8,78,18.1,239,100
2025-09-16 16:00:00,51.3,18.6,295.0,442,7.6,11.1,50.0,60.0,1.1,57,28.5,77,18.0,232,93
2025-09-16 17:00:00,51.1,20.2,335.0,443,9.4,11.7,47.0,50.0,0.35,57,28.0,80,16.8,225,90
2025-09-16 18:00:00,43.3,20.1,364.0,444,15.3,11.7,39.0,42.0,0.05,58,28.0,85,12.9,235,22
2025-09-16 19:00:00,39.1,21.9,385.0,445,23.4,11.6,28.0,30.0,0.0,58,27.5,87,12.4,236,64
2025-09-16 20:00:00,37.4,22.3,395.0,446,28.7,11.5,20.0,21.0,0.0,58,27.4,87,11.8,241,97
2025-09-16 21:00:00,35.7,21.8,392.0,447,28.7,11.4,19.0,18.0,0.0,59,27.4,87,11.1,247,94
2025-09-16 22:00:00,35.0,21.4,377.0,448,25.9,11.2,22.0,17.0,0.0,59,27.4,88,11.1,254,94
2025-09-16 23:00:00,34.5,20.9,349.0,448,22.8,10.8,25.0,18.0,0.0,60,27.1,89,11.3,256,65
2025-09-17 00:00:00,34.5,20.4,300.0,448,20.0,10.1,27.0,19.0,0.0,60,26.9,89,10.9,253,15
2025-09-17 01:00:00,34.5,19.6,238.0,448,16.9,9.2,30.0,21.0,0.0,61,26.6,91,9.9,249,44
2025-09-17 02:00:00,34.7,18.7,190.0,448,14.3,8.6,32.0,23.0,0.0,62,26.5,92,9.7,251,53
2025-09-17 03:00:00,35.6,17.9,159.0,448,12.4,8.2,33.0,26.0,0.0,62,26.4,92,9.2,258,38
2025-09-17 04:00:00,37.4,17.3,141.0,449,11.0,8.0,34.0,30.0,0.0,63,26.2,93,8.7,262,39
2025-09-17 05:00:00,36.1,16.8,156.0,449,10.7,8.4,34.0,30.0,0.0,64,26.1,93,8.3,264,44
2025-09-17 06:00:00,38.0,17.1,235.0,449,12.2,9.9,34.0,34.0,0.0,64,26.6,90,8.6,262,98
2025-09-17 07:00:00,43.5,19.4,347.0,448,14.2,12.1,34.0,40.0,0.2,65,26.7,90,8.5,269,98
2025-09-17 08:00:00,50.2,19.7,411.0,447,14.9,14.1,37.0,51.0,0.9,65,27.9,81,9.6,267,87
2025-09-17 09:00:00,61.9,20.6,380.0,445,13.0,15.8,45.0,70.0,2.15,65,28.8,75,10.9,258,100
2025-09-17 10:00:00,80.1,22.5,301.0,443,9.9,17.4,55.0,93.0,3.3,66,29.1,73,11.6,249,100
2025-09-17 11:00:00,84.1,23.7,243.0,442,7.5,18.3,63.0,109.0,3.75,66,29.1,74,11.8,244,99
2025-09-17 12:00:00,89.6,25.4,230.0,442,6.6,18.2,67.0,113.0,4.05,67,29.5,73,11.4,241,100
2025-09-17 13:00:00,86.4,25.1,236.0,442,6.4,17.4,69.0,110.0,3.05,67,29.5,73,10.9,230,92
2025-09-17 14:00:00,83.8,25.5,256.0,443,6.7,16.8,69.0,106.0,3.0,68,29.7,73,11.2,217,51
2025-09-17 15:00:00,87.3,26.5,284.0,443,6.6,16.8,68.0,104.0,2.85,69,29.6,74,12.2,218,52
2025-09-17 16:00:00,85.7,26.2,326.0,443,7.0,17.0,66.0,102.0,1.6,69,29.2,77,13.6,219,40
2025-09-17 17:00:00,92.9,29.2,387.0,444,10.6,19.0,63.0,114.0,0.55,70,28.5,80,12.8,212,19
2025-09-17 18:00:00,75.4,25.7,495.0,446,17.9,17.6,49.0,95.0,0.05,71,28.1,81,8.9,216,0
2025-09-17 19:00:00,58.3,25.1,623.0,449,28.1,15.6,31.0,69.0,0.0,71,27.4,87,8.7,223,0
2025-09-17 20:00:00,53.9,25.0,698.0,451,36.0,14.2,16.0,49.0,0.0,71,27.1,88,10.2,194,0
2025-09-17 21:00:00,52.5,25.6,685.0,453,40.1,14.1,9.0,41.0,0.0,72,26.8,90,8.0,254,1
2025-09-17 22:00:00,52.0,27.3,619.0,454,41.9,14.5,7.0,39.0,0.0,72,26.6,91,7.0,267,7
2025-09-17 23:00:00,52.3,28.8,537.0,455,41.6,14.5,7.0,38.0,0.0,72,26.5,91,7.1,264,17
2025-09-18 00:00:00,51.2,27.9,436.0,454,38.3,13.5,10.0,38.0,0.0,73,26.4,92,6.8,267,21
2025-09-18 01:00:00,49.2,26.0,318.0,453,32.8,12.1,16.0,40.0,0.0,74,26.1,94,7.2,270,72
2025-09-18 02:00:00,48.8,23.7,228.0,452,27.3,10.8,22.0,41.0,0.0,74,26.0,95,7.8,266,85
2025-09-18 03:00:00,48.0,21.9,178.0,452,22.0,9.7,26.0,40.0,0.0,75,25.9,96,7.9,270,76
2025-09-18 04:00:00,46.3,20.7,155.0,452,16.7,8.7,30.0,39.0,0.0,75,25.7,97,8.9,279,82
2025-09-18 05:00:00,44.0,18.5,169.0,452,12.3,9.5,34.0,43.0,0.0,75,25.7,96,8.7,288,98
2025-09-18 06:00:00,42.5,18.2,252.0,451,14.0,10.7,33.0,47.0,0.0,76,26.2,94,7.2,283,25
2025-09-18 07:00:00,45.2,21.0,370.0,450,16.3,12.3,32.0,53.0,0.2,76,26.2,95,7.1,276,61
2025-09-18 08:00:00,58.7,21.8,436.0,448,16.8,14.0,36.0,63.0,0.9,76,26.9,91,8.5,268,66
2025-09-18 09:00:00,77.8,22.9,392.0,446,14.0,15.8,48.0,80.0,2.4,76,28.0,83,10.7,254,80
2025-09-18 10:00:00,88.2,25.4,295.0,444,9.6,17.5,65.0,100.0,4.1,76,28.9,78,12.6,245,50
2025-09-18 11:00:00,91.3,26.7,224.0,443,6.1,18.4,79.0,117.0,5.7,77,29.2,75,12.7,240,70
2025-09-18 12:00:00,95.7,28.5,210.0,443,4.5,17.7,87.0,126.0,7.2,77,29.5,74,13.2,235,74
2025-09-18 13:00:00,98.5,29.0,221.0,443,3.8,16.2,92.0,131.0,7.25,77,29.5,74,13.6,230,87
2025-09-18 14:00:00,102.2,29.2,241.0,443,4.0,15.2,92.0,134.0,5.7,77,29.8,73,13.4,223,100
2025-09-18 15:00:00,102.9,28.8,259.0,443,4.5,15.4,87.0,138.0,3.65,78,29.2,74,13.4,223,95
2025-09-18 16:00:00,103.6,28.3,286.0,442,5.8,16.0,77.0,142.0,1.7,78,29.0,74,12.1,227,85
2025-09-18 17:00:00,121.5,32.7,335.0,443,9.1,17.3,71.0,162.0,0.55,78,28.6,76,11.2,228,92
2025-09-18 18:00:00,115.3,31.8,435.0,445,18.2,17.1,55.0,144.0,0.05,78,28.2,80,10.7,213,99
2025-09-18 19:00:00,95.0,32.8,557.0,448,30.6,16.8,32.0,120.0,0.0,79,27.2,88,8.0,214,89
2025-09-18 20:00:00,89.2,33.4,629.0,450,39.8,16.3,15.0,100.0,0.0,80,26.9,92,7.4,194,73
2025-09-18 21:00:00,85.4,33.4,615.0,451,43.0,15.6,9.0,90.0,0.0,80,26.8,92,7.0,235,34
2025-09-18 22:00:00,82.7,33.3,552.0,453,43.0,14.8,8.0,85.0,0.0,81,26.5,93,7.5,255,73
2025-09-18 23:00:00,79.2,32.7,477.0,453,40.9,13.9,10.0,82.0,0.0,82,26.4,94,8.1,275,100
2025-09-19 00:00:00,77.5,31.2,391.0,452,36.1,12.7,14.0,81.0,0.0,82,26.5,93,7.9,283,66
2025-09-19 01:00:00,77.1,29.0,294.0,451,29.2,11.5,21.0,81.0,0.0,82,26.0,95,8.2,280,22
2025-09-19 02:00:00,73.3,27.1,223.0,451,23.4,10.5,26.0,82.0,0.0,83,25.8,96,7.6,277,70
2025-09-19 03:00:00,72.4,25.9,191.0,453,19.7,9.8,29.0,81.0,0.0,83,25.6,95,7.0,270,78
2025-09-19 04:00:00,70.5,24.9,185.0,455,17.0,9.4,31.0,79.0,0.0,83,25.6,94,6.8,268,27
2025-09-19 05:00:00,61.7,22.8,200.0,456,11.7,9.2,35.0,67.0,0.0,84,25.6,93,7.7,269,36
2025-09-19 06:00:00,65.0,23.4,254.0,454,13.7,10.3,34.0,72.0,0.0,84,26.1,93,8.2,262,94
2025-09-19 07:00:00,70.5,25.6,330.0,449,16.4,11.9,34.0,80.0,0.2,84,26.4,92,8.3,252,92
2025-09-19 08:00:00,79.4,26.1,369.0,446,17.1,13.3,37.0,94.0,0.9,85,27.5,81,10.8,242,94
2025-09-19 09:00:00,115.7,29.6,334.0,444,14.0,14.3,48.0,119.0,2.45,85,28.2,75,12.6,237,99
2025-09-19 10:00:00,115.3,28.3,263.0,443,9.1,15.0,63.0,149.0,4.15,86,28.8,72,13.2,236,99
2025-09-19 11:00:00,121.5,29.5,212.0,442,5.3,15.3,74.0,170.0,5.5,86,29.2,70,14.4,236,100
2025-09-19 12:00:00,123.4,30.0,207.0,442,3.9,14.8,78.0,174.0,6.15,86,29.0,70,14.8,236,100
2025-09-19 13:00:00,120.6,29.6,222.0,443,3.8,14.0,78.0,169.0,5.0,86,28.9,72,14.7,234,100
2025-09-19 14:00:00,117.3,29.5,242.0,443,4.3,13.4,76.0,161.0,4.45,86,29.0,71,14.7,233,83
2025-09-19 15:00:00,106.6,27.7,255.0,443,4.7,13.6,72.0,153.0,2.7,86,29.2,68,13.6,238,95
2025-09-19 16:00:00,103.6,27.0,272.0,443,5.9,14.0,65.0,142.0,1.4,86,29.0,68,13.9,240,100
2025-09-19 17:00:00,122.0,30.6,307.0,443,9.5,16.6,61.0,167.0,0.5,86,28.2,76,13.6,241,98
2025-09-19 18:00:00,112.7,30.0,383.0,445,18.6,16.7,47.0,143.0,0.05,86,28.0,76,10.9,250,24
2025-09-19 19:00:00,85.2,30.2,477.0,447,31.1,16.9,27.0,109.0,0.0,86,27.1,82,8.3,257,72
2025-09-19 20:00:00,77.1,30.3,534.0,449,40.4,17.0,12.0,83.0,0.0,86,26.6,86,7.7,240,31
2025-09-19 21:00:00,73.3,30.7,529.0,450,43.7,17.1,6.0,72.0,0.0,85,26.5,87,6.6,261,7
2025-09-19 22:00:00,71.7,31.8,488.0,451,43.9,17.0,5.0,68.0,0.0,85,26.3,89,7.5,280,20
2025-09-19 23:00:00,70.5,32.6,434.0,452,42.9,16.5,5.0,66.0,0.0,85,26.0,90,7.6,278,11
2025-09-20 00:00:00,68.9,31.5,365.0,452,41.2,15.1,6.0,65.0,0.0,85,25.9,91,7.9,281,5
2025-09-20 01:00:00,67.3,29.7,282.0,451,38.3,13.2,9.0,65.0,0.0,85,25.8,91,7.0,267,6
2025-09-20 02:00:00,66.1,27.6,219.0,450,34.3,11.6,13.0,67.0,0.0,85,25.6,92,7.8,263,27
2025-09-20 03:00:00,68.7,25.3,182.0,450,28.1,10.5,19.0,70.0,0.0,85,25.5,92,8.1,269,34
2025-09-20 04:00:00,69.2,24.0,163.0,450,20.8,9.7,26.0,74.0,0.0,85,25.5,92,9.0,265,37
2025-09-20 05:00:00,61.9,21.6,172.0,450,12.8,8.4,33.0,70.0,0.0,85,25.5,92,8.9,257,35
2025-09-20 06:00:00,59.6,21.0,233.0,449,13.8,9.4,33.0,74.0,0.0,85,26.4,94,9.6,262,100
2025-09-20 07:00:00,67.1,23.1,320.0,447,14.9,10.9,33.0,79.0,0.2,85,26.4,93,9.0,258,77
2025-09-20 08:00:00,72.9,24.0,368.0,445,14.9,12.3,36.0,86.0,0.85,85,27.2,84,10.4,250,38
2025-09-20 09:00:00,81.3,24.3,334.0,444,12.5,13.6,44.0,95.0,2.2,84,28.4,74,12.6,237,59
2025-09-20 10:00:00,85.4,24.5,260.0,443,8.8,14.8,55.0,106.0,3.6,84,28.9,71,13.5,239,100
2025-09-20 11:00:00,90.8,26.1,205.0,442,6.0,15.4,63.0,117.0,4.85,84,28.9,71,14.2,237,99
2025-09-20 12:00:00,88.2,25.7,194.0,442,4.7,15.1,68.0,132.0,4.2,83,29.2,70,15.2,236,99
2025-09-20 13:00:00,92.2,27.1,202.0,442,4.3,14.2,70.0,147.0,5.35,83,29.4,69,15.4,240,100
2025-09-20 14:00:00,117.6,33.3,217.0,442,4.5,13.5,70.0,153.0,4.2,83,29.5,68,15.2,243,91
2025-09-20 15:00:00,88.2,26.2,233.0,442,4.9,13.3,67.0,143.0,2.85,83,29.4,68,15.2,246,100
2025-09-20 16:00:00,88.2,25.8,256.0,442,5.9,13.3,61.0,124.0,1.45,83,29.0,70,15.0,251,100
2025-09-20 17:00:00,88.7,25.7,296.0,443,9.3,14.8,54.0,115.0,0.45,83,28.4,73,14.2,261,64
2025-09-20 18:00:00,85.9,25.7,374.0,445,17.2,14.9,43.0,104.0,0.05,82,28.0,76,13.0,260,10
2025-09-20 19:00:00,72.6,27.0,469.0,447,28.1,15.1,27.0,89.0,0.0,82,27.2,81,10.3,248,100
2025-09-20 20:00:00,71.5,28.5,525.0,449,36.3,15.0,15.0,77.0,0.0,82,26.9,84,9.4,238,100
2025-09-20 21:00:00,71.2,29.1,513.0,450,39.6,14.6,10.0,73.0,0.0,81,26.7,84,9.7,236,100
2025-09-20 22:00:00,70.8,29.5,461.0,450,40.1,14.1,10.0,72.0,0.0,81,26.5,84,9.7,258,100
2025-09-20 23:00:00,70.3,29.8,400.0,450,38.7,13.3,11.0,72.0,0.0,81,26.4,84,9.4,263,76
2025-09-21 00:00:00,69.6,29.2,329.0,450,34.8,12.1,15.0,72.0,0.0,81,26.1,85,9.4,274,32
2025-09-21 01:00:00,68.0,27.4,249.0,449,29.0,10.8,20.0,73.0,0.0,81,26.0,85,7.8,262,18
2025-09-21 02:00:00,67.1,25.6,188.0,448,23.7,9.7,25.0,73.0,0.0,80,25.8,85,8.9,263,26
2025-09-21 03:00:00,65.2,24.1,154.0,448,19.4,9.1,29.0,72.0,0.0,80,25.6,86,8.8,266,36
2025-09-21 04:00:00,64.5,22.9,140.0,447,15.7,8.8,32.0,70.0,0.0,80,25.5,87,9.2,274,66
2025-09-21 05:00:00,52.2,19.8,156.0,447,10.2,7.9,36.0,56.0,0.0,80,25.3,88,9.4,282,35
2025-09-21 06:00:00,54.9,20.3,230.0,447,12.1,9.2,35.0,62.0,0.0,80,26.0,87,9.9,285,31
2025-09-21 07:00:00,61.2,22.4,333.0,447,14.5,11.1,34.0,72.0,0.15,80,26.0,87,8.6,278,70
2025-09-21 08:00:00,69.8,23.5,389.0,446,15.4,12.8,36.0,82.0,0.85,80,27.0,81,9.2,274,93
2025-09-21 09:00:00,87.1,24.9,349.0,445,13.1,14.4,44.0,95.0,2.35,80,28.2,73,11.4,267,94
2025-09-21 10:00:00,90.1,25.7,262.0,443,9.3,15.8,56.0,110.0,3.5,80,29.2,68,13.2,260,96
2025-09-21 11:00:00,91.7,26.5,196.0,442,6.4,16.5,64.0,119.0,3.75,80,30.0,63,14.3,252,99
2025-09-21 12:00:00,89.6,26.2,180.0,441,5.4,16.0,66.0,117.0,3.5,80,30.0,63,15.7,250,100
2025-09-21 13:00:00,88.7,26.3,185.0,441,5.4,14.7,65.0,110.0,3.75,80,29.5,64,15.2,251,96
2025-09-21 14:00:00,81.3,24.6,197.0,441,5.7,13.7,63.0,103.0,3.05,80,30.1,61,15.6,249,100
2025-09-21 15:00:00,78.0,23.5,211.0,441,5.7,13.2,61.0,101.0,2.1,79,30.0,60,15.9,250,97
2025-09-21 16:00:00,78.2,23.5,231.0,441,6.1,12.8,59.0,100.0,1.45,79,29.6,61,16.5,250,99
2025-09-21 17:00:00,73.6,21.8,259.0,442,8.5,13.3,56.0,94.0,0.55,79,28.5,68,16.6,252,97
2025-09-21 18:00:00,68.7,21.4,306.0,444,15.6,13.6,46.0,84.0,0.05,78,27.8,72,15.5,258,46
2025-09-21 19:00:00,58.9,23.1,360.0,446,25.3,13.9,32.0,70.0,0.0,78,27.3,76,13.7,261,31
2025-09-21 20:00:00,57.7,24.5,389.0,447,32.2,13.9,22.0,59.0,0.0,78,27.0,79,11.0,252,10
2025-09-21 21:00:00,56.8,24.8,375.0,447,34.1,13.5,19.0,55.0,0.0,77,26.7,80,10.1,260,20
2025-09-21 22:00:00,55.8,24.9,335.0,447,33.1,12.8,20.0,53.0,0.0,77,26.5,80,10.8,269,27
2025-09-21 23:00:00,54.2,24.5,291.0,447,30.6,11.9,23.0,52.0,0.0,76,26.4,81,11.2,270,27
2025-09-22 00:00:00,52.2,23.2,244.0,447,26.0,10.7,27.0,50.0,0.0,76,26.2,82,10.6,261,20
2025-09-22 01:00:00,49.0,21.2,192.0,446,19.8,9.2,33.0,48.0,0.0,75,26.1,82,10.0,252,17
2025-09-22 02:00:00,46.4,19.6,155.0,446,14.8,8.2,38.0,46.0,0.0,75,25.9,83,10.6,256,30
2025-09-22 03:00:00,44.5,18.6,135.0,446,11.8,7.7,40.0,44.0,0.0,74,25.9,83,10.9,264,34
2025-09-22 04:00:00,43.0,17.9,129.0,446,10.0,7.7,42.0,42.0,0.0,74,25.8,84,10.3,276,32
2025-09-22 05:00:00,43.5,17.6,146.0,446,7.8,7.8,44.0,44.0,0.0,73,25.6,85,10.5,275,96
2025-09-22 06:00:00,45.2,18.0,209.0,445,10.1,8.8,42.0,45.0,0.0,73,26.6,81,11.6,274,83
2025-09-22 07:00:00,47.5,19.6,294.0,445,13.1,10.1,40.0,46.0,0.2,73,26.8,80,11.2,271,90
2025-09-22 08:00:00,49.2,20.5,341.0,444,14.4,11.4,41.0,49.0,0.85,73,27.6,74,14.4,271,47
2025-09-22 09:00:00,57.4,21.0,310.0,443,12.5,12.5,48.0,57.0,2.35,73,28.5,70,14.8,267,98
2025-09-22 10:00:00,62.6,22.1,240.0,443,8.9,13.6,57.0,68.0,4.0,72,29.4,65,14.5,263,100
2025-09-22 11:00:00,65.4,23.1,189.0,442,6.0,14.2,65.0,75.0,3.75,72,29.8,62,16.0,258,100
2025-09-22 12:00:00,65.0,23.2,179.0,442,4.7,14.1,69.0,76.0,4.2,72,29.9,63,15.8,251,100
2025-09-22 13:00:00,64.5,23.3,187.0,442,4.2,13.6,72.0,73.0,4.85,71,30.1,62,15.7,248,80
2025-09-22 14:00:00,62.4,23.0,201.0,442,4.4,13.2,72.0,69.0,4.6,71,29.8,65,16.4,240,100
2025-09-22 15:00:00,61.0,22.8,220.0,442,5.0,13.1,69.0,64.0,2.9,71,28.9,69,16.5,238,100
2025-09-22 16:00:00,57.5,21.9,246.0,442,6.2,13.0,63.0,58.0,1.4,71,29.0,69,16.1,239,100
2025-09-22 17:00:00,52.2,19.6,272.0,443,8.4,13.1,58.0,56.0,0.5,71,28.6,69,16.1,240,100
2025-09-22 18:00:00,43.7,18.0,304.0,444,13.0,12.8,50.0,47.0,0.05,71,28.5,73,16.3,243,100
2025-09-22 19:00:00,35.0,17.6,338.0,445,19.2,12.4,39.0,34.0,0.0,70,27.9,76,13.8,244,100
2025-09-22 20:00:00,33.4,17.8,351.0,446,23.3,11.9,32.0,25.0,0.0,70,27.5,78,13.8,244,35
2025-09-22 21:00:00,32.5,17.6,332.0,446,23.5,11.1,31.0,22.0,0.0,69,27.2,80,14.5,253,42
2025-09-22 22:00:00,31.4,17.1,293.0,445,21.5,10.2,33.0,22.0,0.0,68,27.0,83,13.4,264,39
2025-09-22 23:00:00,30.6,16.4,252.0,445,19.0,9.4,35.0,22.0,0.0,68,27.0,82,13.1,268,26
2025-09-23 00:00:00,29.3,15.4,212.0,445,16.0,8.6,38.0,21.0,0.0,67,26.8,83,12.3,267,36
2025-09-23 01:00:00,28.0,14.3,171.0,444,12.4,7.9,41.0,21.0,0.0,66,26.6,84,11.7,267,34
2025-09-23 02:00:00,26.7,13.5,140.0,444,9.6,7.4,43.0,20.0,0.0,66,26.5,85,13.0,272,61
2025-09-23 03:00:00,25.6,12.9,120.0,444,7.9,7.1,44.0,19.0,0.0,65,26.2,88,13.0,276,100
2025-09-23 04:00:00,24.7,12.4,111.0,444,7.0,6.9,45.0,19.0,0.0,65,26.1,89,12.5,277,97
2025-09-23 05:00:00,25.3,12.6,125.0,444,7.2,7.2,43.0,19.0,0.0,64,26.1,89,12.4,278,99
2025-09-23 06:00:00,25.8,13.1,185.0,444,9.1,8.4,42.0,21.0,0.0,64,26.5,85,11.0,272,33
2025-09-23 07:00:00,28.3,15.3,268.0,444,11.5,10.0,42.0,25.0,0.2,63,26.5,85,11.0,269,21
2025-09-23 08:00:00,35.5,16.7,316.0,444,12.6,11.5,44.0,30.0,1.0,63,27.5,79,13.6,264,17
2025-09-23 09:00:00,43.3,17.8,292.0,443,10.8,12.6,51.0,38.0,2.4,63,28.6,72,15.1,262,54
2025-09-23 10:00:00,49.5,19.5,233.0,443,7.6,13.5,62.0,48.0,4.05,62,29.3,67,16.8,257,100
2025-09-23 11:00:00,52.2,20.8,191.0,442,5.2,13.9,69.0,54.0,4.95,62,29.0,69,17.0,248,100
2025-09-23 12:00:00,51.3,20.5,188.0,442,4.3,13.6,71.0,55.0,4.75,62,29.3,69,17.9,244,100
2025-09-23 13:00:00,51.7,20.7,201.0,442,4.1,12.8,71.0,52.0,5.0,62,29.2,70,18.4,237,100
2025-09-23 14:00:00,49.5,20.4,218.0,442,4.5,12.2,69.0,49.0,4.15,61,28.6,74,18.5,237,98
2025-09-23 15:00:00,46.8,19.5,234.0,442,4.8,11.9,66.0,47.0,3.0,61,28.8,72,18.7,239,99
2025-09-23 16:00:00,43.8,18.6,253.0,443,5.7,11.8,61.0,44.0,1.45,61,28.4,74,19.7,237,100
2025-09-23 17:00:00,48.0,21.1,272.0,443,8.2,12.7,56.0,44.0,0.5,61,28.0,76,17.8,246,32
2025-09-23 18:00:00,44.1,20.5,296.0,444,14.8,12.8,46.0,39.0,0.05,61,28.2,74,14.7,245,97
2025-09-23 19:00:00,39.5,21.8,320.0,444,23.8,12.9,33.0,31.0,0.0,61,27.9,76,13.9,241,100
2025-09-23 20:00:00,39.6,22.8,330.0,445,29.6,12.7,24.0,26.0,0.0,61,27.6,77,14.1,242,76
2025-09-23 21:00:00,39.0,22.7,320.0,445,29.4,11.9,23.0,25.0,0.0,62,27.4,78,13.5,247,13
2025-09-23 22:00:00,39.1,22.4,296.0,445,25.9,10.7,27.0,25.0,0.0,62,27.1,79,13.1,257,100
2025-09-23 23:00:00,38.3,21.5,265.0,445,21.9,9.6,31.0,26.0,0.0,63,27.0,79,13.1,254,100
2025-09-24 00:00:00,37.4,20.4,222.0,445,17.7,8.6,35.0,26.0,0.0,63,26.9,80,12.5,249,98
2025-09-24 01:00:00,36.4,19.3,172.0,444,12.9,7.6,40.0,27.0,0.0,64,26.5,82,12.9,252,36
2025-09-24 02:00:00,36.0,18.3,137.0,444,9.3,7.0,44.0,28.0,0.0,64,26.2,84,12.8,256,73
2025-09-24 03:00:00,36.1,17.7,121.0,444,7.3,6.7,46.0,29.0,0.0,65,26.1,85,12.9,258,100
2025-09-24 04:00:00,37.8,17.9,119.0,445,6.5,6.8,46.0,31.0,0.0,65,26.2,84,12.6,260,98
2025-09-24 05:00:00,43.2,19.0,139.0,445,6.9,7.5,46.0,40.0,0.0,65,26.2,85,12.8,261,100
2025-09-24 06:00:00,43.3,19.2,201.0,445,11.1,8.6,42.0,38.0,0.0,66,27.4,80,12.0,251,100
2025-09-24 07:00:00,45.8,21.1,285.0,444,16.8,10.1,36.0,35.0,0.2,67,27.4,80,12.2,253,100
2025-09-24 08:00:00,43.5,22.2,335.0,444,19.7,11.6,35.0,36.0,0.85,67,27.8,77,14.3,256,99
2025-09-24 09:00:00,54.5,21.9,316.0,444,17.2,13.0,41.0,45.0,1.75,68,28.1,75,15.6,256,100
2025-09-24 10:00:00,58.6,22.1,262.0,443,11.9,14.3,51.0,58.0,2.45,68,28.4,74,15.8,251,99
2025-09-24 11:00:00,60.8,22.9,222.0,443,7.8,15.1,59.0,66.0,2.9,68,28.6,75,16.5,242,96
2025-09-24 12:00:00,68.7,25.0,214.0,443,6.6,14.9,61.0,65.0,3.3,68,28.9,74,17.3,237,100
2025-09-24 13:00:00,82.2,28.9,221.0,442,6.5,14.0,61.0,60.0,3.2,69,28.5,76,17.7,235,100
2025-09-24 14:00:00,53.3,20.8,235.0,442,6.9,13.3,60.0,56.0,2.4,69,28.5,76,17.4,232,98
2025-09-24 15:00:00,53.4,20.2,256.0,442,6.8,13.0,58.0,58.0,1.95,69,28.9,74,17.1,230,100
2025-09-24 16:00:00,56.3,20.8,285.0,442,7.1,12.7,55.0,63.0,1.35,70,28.4,77,16.5,226,96
2025-09-24 17:00:00,67.5,23.7,320.0,443,9.0,13.9,53.0,77.0,0.5,70,27.9,80,15.1,232,85
2025-09-24 18:00:00,61.2,23.1,373.0,444,15.4,13.5,43.0,67.0,0.05,70,28.1,82,15.5,232,29
2025-09-24 19:00:00,51.2,23.9,432.0,446,24.1,13.0,30.0,53.0,0.0,70,27.5,85,13.0,228,18
2025-09-24 20:00:00,49.6,24.6,462.0,447,30.3,12.4,21.0,42.0,0.0,70,27.4,84,10.9,230,17
2025-09-24 21:00:00,48.9,24.7,442.0,448,31.7,11.8,18.0,38.0,0.0,71,27.3,83,10.1,246,26
2025-09-24 22:00:00,48.2,24.6,394.0,448,30.6,11.2,20.0,38.0,0.0,71,27.0,85,10.3,251,30
2025-09-24 23:00:00,48.1,24.2,341.0,448,28.2,10.6,22.0,39.0,0.0,71,26.8,86,9.7,255,33
2025-09-25 00:00:00,47.3,23.2,286.0,448,24.3,9.9,26.0,40.0,0.0,71,26.5,87,9.3,254,18
2025-09-25 01:00:00,46.8,22.2,226.0,447,19.3,9.1,31.0,41.0,0.0,71,26.2,89,8.8,255,5
2025-09-25 02:00:00,46.3,21.5,185.0,447,15.3,8.6,35.0,42.0,0.0,72,25.9,90,8.4,260,15
2025-09-25 03:00:00,46.2,21.1,167.0,448,13.3,8.4,36.0,41.0,0.0,72,25.7,92,7.2,267,23
2025-09-25 04:00:00,46.0,20.8,166.0,450,12.5,8.4,35.0,40.0,0.0,72,25.5,93,6.7,268,28
2025-09-25 05:00:00,42.1,19.8,191.0,451,11.3,8.6,37.0,37.0,0.0,72,25.5,93,6.3,267,24
2025-09-25 06:00:00,42.1,20.2,268.0,451,12.9,9.7,37.0,42.0,0.0,73,26.0,93,6.9,277,47
2025-09-25 07:00:00,46.4,23.0,370.0,449,14.9,11.4,37.0,49.0,0.15,73,26.1,93,7.6,298,61
2025-09-25 08:00:00,56.9,24.8,425.0,448,15.7,13.2,40.0,55.0,0.85,73,27.0,87,8.1,291,37
2025-09-25 09:00:00,60.5,24.4,386.0,446,13.9,15.5,47.0,60.0,2.05,73,28.5,76,8.8,265,59
2025-09-25 10:00:00,63.6,24.3,300.0,444,10.9,18.1,58.0,64.0,3.25,73,29.5,71,10.7,243,100
2025-09-25 11:00:00,64.0,25.2,237.0,443,8.4,19.7,66.0,67.0,4.4,73,29.8,70,11.8,234,98
2025-09-25 12:00:00,66.1,25.9,227.0,443,7.0,19.6,72.0,69.0,5.1,74,29.7,71,12.2,229,100
2025-09-25 13:00:00,64.7,25.6,240.0,444,6.2,18.5,77.0,69.0,4.35,74,29.7,72,13.5,228,100
2025-09-25 14:00:00,65.2,25.9,261.0,444,6.1,17.5,78.0,68.0,2.85,73,29.5,73,13.5,228,98
2025-09-25 15:00:00,62.6,24.6,284.0,444,6.4,17.0,74.0,66.0,1.85,74,29.6,72,12.9,226,100
2025-09-25 16:00:00,59.3,23.3,315.0,444,7.4,16.7,66.0,63.0,1.05,74,29.1,74,13.4,221,99
2025-09-25 17:00:00,73.3,28.6,357.0,444,10.9,17.7,59.0,78.0,0.4,75,28.8,75,12.0,229,18
2025-09-25 18:00:00,69.2,28.1,418.0,445,19.3,17.1,46.0,70.0,0.05,75,28.6,75,10.1,231,9
2025-09-25 19:00:00,60.3,29.2,488.0,448,31.0,16.4,29.0,58.0,0.0,75,27.9,79,8.7,238,1
2025-09-25 20:00:00,59.1,30.4,546.0,450,39.8,15.7,15.0,49.0,0.0,76,27.5,82,7.5,233,0
2025-09-25 21:00:00,58.3,31.3,586.0,453,43.3,15.4,9.0,45.0,0.0,76,27.2,84,6.8,230,0
2025-09-25 22:00:00,58.3,32.0,613.0,456,44.0,15.2,7.0,45.0,0.0,77,27.0,86,6.1,256,1
2025-09-25 23:00:00,59.0,33.1,616.0,458,43.6,14.8,7.0,44.0,0.0,78,26.5,87,6.7,286,8
2025-09-26 00:00:00,58.0,33.2,589.0,460,42.5,13.9,7.0,43.0,0.0,78,26.2,89,6.0,307,15
2025-09-26 01:00:00,56.2,31.7,538.0,461,40.4,12.7,9.0,42.0,0.0,79,26.0,90,5.2,301,1
2025-09-26 02:00:00,54.6,30.2,474.0,462,37.4,11.8,11.0,41.0,0.0,80,25.6,92,5.1,309,21
2025-09-26 03:00:00,53.6,29.0,372.0,462,33.0,11.1,14.0,41.0,0.0,81,25.4,93,4.9,306,19
2025-09-26 04:00:00,53.0,28.4,256.0,460,27.8,10.6,17.0,41.0,0.0,82,25.2,93,4.0,328,25
2025-09-26 05:00:00,52.9,27.6,213.0,459,22.1,9.8,20.0,41.0,0.0,82,25.0,94,3.8,349,86
2025-09-26 06:00:00,57.7,28.6,324.0,458,21.8,10.7,21.0,45.0,0.0,83,25.9,91,5.0,305,78
2025-09-26 07:00:00,60.5,31.0,507.0,457,21.1,12.2,24.0,51.0,0.15,84,26.0,89,5.4,307,41
2025-09-26 08:00:00,65.7,31.0,608.0,455,19.5,14.2,31.0,57.0,0.9,84,27.3,81,6.7,306,16
2025-09-26 09:00:00,79.6,32.2,534.0,451,15.9,17.4,45.0,62.0,2.55,85,28.8,72,7.7,288,33
2025-09-26 10:00:00,73.1,30.3,377.0,447,11.4,21.2,63.0,67.0,4.3,86,30.1,63,6.1,258,39
2025-09-26 11:00:00,71.0,30.4,259.0,444,7.8,23.9,81.0,69.0,5.9,86,31.1,57,7.6,225,53
2025-09-26 12:00:00,69.8,31.1,230.0,443,5.9,24.6,100.0,68.0,7.2,87,31.6,56,10.8,223,28
2025-09-26 13:00:00,69.4,32.2,240.0,444,5.0,24.2,118.0,64.0,6.9,87,31.9,57,12.0,224,33
2025-09-26 14:00:00,68.9,33.1,260.0,444,5.2,23.6,127.0,61.0,6.05,88,31.7,58,12.7,226,7
2025-09-26 15:00:00,69.4,33.6,280.0,444,6.2,23.4,122.0,58.0,3.45,88,31.0,62,13.3,229,9
2025-09-26 16:00:00,66.1,32.2,310.0,444,8.2,23.0,108.0,55.0,1.75,89,30.2,62,12.5,231,33
2025-09-26 17:00:00,53.7,27.4,346.0,445,11.4,23.1,93.0,43.0,0.5,90,29.4,65,11.2,233,64
2025-09-26 18:00:00,50.1,25.8,391.0,446,20.1,21.5,71.0,39.0,0.05,90,28.2,73,9.2,242,64
2025-09-26 19:00:00,45.8,27.0,441.0,448,32.2,19.2,40.0,34.0,0.0,90,27.5,78,8.5,249,0
2025-09-26 20:00:00,44.6,26.8,485.0,450,41.3,17.5,16.0,29.0,0.0,89,27.1,80,8.0,252,0
2025-09-26 21:00:00,43.4,27.0,534.0,453,45.2,17.1,7.0,27.0,0.0,89,26.9,83,7.4,252,0
2025-09-26 22:00:00,43.2,27.8,577.0,456,46.3,17.2,5.0,25.0,0.0,89,26.5,85,6.5,264,0
2025-09-26 23:00:00,43.4,28.9,566.0,457,45.1,16.9,6.0,24.0,0.0,88,26.1,87,7.1,291,0
2025-09-27 00:00:00,42.0,28.4,451.0,455,41.2,15.4,9.0,23.0,0.0,88,25.7,90,8.7,310,0
2025-09-27 01:00:00,38.5,25.1,282.0,451,35.2,13.5,14.0,21.0,0.0,88,25.5,90,9.6,308,0
2025-09-27 02:00:00,34.9,21.6,161.0,449,29.1,11.8,19.0,21.0,0.0,87,25.4,91,9.8,316,3
2025-09-27 03:00:00,32.8,19.2,126.0,450,22.7,10.5,24.0,21.0,0.0,86,25.1,93,9.0,317,4
2025-09-27 04:00:00,32.0,17.9,138.0,452,16.3,9.5,30.0,22.0,0.0,85,25.0,94,8.3,311,2
2025-09-27 05:00:00,33.1,17.8,183.0,453,12.7,9.1,32.0,25.0,0.0,84,24.8,95,8.3,311,7
2025-09-27 06:00:00,33.9,18.3,290.0,454,16.1,10.2,29.0,28.0,0.0,84,25.4,96,6.5,316,4
2025-09-27 07:00:00,38.1,22.6,430.0,454,20.5,11.8,26.0,31.0,0.2,83,25.4,96,6.4,313,14
2025-09-27 08:00:00,44.4,24.9,506.0,453,22.4,14.0,31.0,33.0,1.15,82,26.5,89,8.0,304,30
2025-09-27 09:00:00,46.8,24.7,456.0,450,19.3,17.5,50.0,32.0,3.1,81,28.4,77,6.4,302,11
2025-09-27 10:00:00,42.6,22.9,342.0,447,13.7,21.6,76.0,29.0,5.65,81,30.5,64,6.9,290,0
2025-09-27 11:00:00,37.8,21.4,256.0,444,9.2,24.6,98.0,26.0,7.85,80,32.2,54,8.4,279,4
2025-09-27 12:00:00,32.6,19.8,231.0,443,6.8,25.8,115.0,24.0,9.0,79,33.2,49,9.6,266,22
2025-09-27 13:00:00,33.3,21.4,234.0,444,5.4,25.9,127.0,22.0,8.55,78,33.8,45,10.9,261,7
2025-09-27 14:00:00,33.6,22.2,250.0,444,5.5,25.4,131.0,20.0,6.7,77,33.8,46,12.3,255,0
2025-09-27 15:00:00,34.0,22.5,280.0,444,6.9,24.2,122.0,19.0,4.2,76,33.1,50,13.2,250,0
2025-09-27 16:00:00,33.1,21.7,324.0,445,9.8,22.4,103.0,18.0,1.95,75,32.0,56,12.9,251,0
2025-09-27 17:00:00,31.8,21.4,366.0,446,14.4,23.3,97.0,17.0,0.55,74,30.5,65,11.9,252,0
2025-09-27 18:00:00,32.4,21.8,411.0,447,22.4,21.1,73.0,16.0,0.05,74,29.0,76,9.6,258,0
2025-09-27 19:00:00,33.4,23.9,455.0,449,33.5,17.9,41.0,16.0,0.0,74,27.8,84,8.5,258,0
2025-09-27 20:00:00,33.5,23.7,470.0,450,41.4,15.5,17.0,15.0,0.0,73,27.2,88,8.5,265,1
2025-09-27 21:00:00,33.5,23.6,438.0,451,44.0,14.6,9.0,14.0,0.0,73,26.9,92,8.2,256,5
2025-09-27 22:00:00,33.6,24.1,377.0,451,43.4,14.4,9.0,14.0,0.0,73,26.8,92,8.7,276,14
2025-09-27 23:00:00,33.3,24.0,315.0,451,40.1,13.7,12.0,13.0,0.0,72,26.5,93,10.3,286,21
2025-09-28 00:00:00,31.1,21.9,253.0,449,32.5,11.9,19.0,13.0,0.0,72,26.1,95,11.8,298,72
2025-09-28 01:00:00,28.3,19.2,189.0,447,22.1,9.6,28.0,13.0,0.0,71,26.0,94,10.7,305,44
2025-09-28 02:00:00,26.7,17.3,146.0,446,14.1,7.9,36.0,13.0,0.0,71,25.8,95,10.4,304,56
2025-09-28 03:00:00,25.4,16.3,132.0,447,10.5,7.3,39.0,13.0,0.0,70,25.6,96,10.0,304,37
2025-09-28 04:00:00,24.9,15.8,140.0,448,9.2,7.4,39.0,13.0,0.0,70,25.5,96,10.3,299,43
2025-09-28 05:00:00,25.1,16.3,163.0,449,10.6,8.1,36.0,13.0,0.0,70,25.5,95,10.9,297,38
2025-09-28 06:00:00,26.0,17.1,216.0,448,13.7,8.8,33.0,14.0,0.0,70,26.4,93,9.2,287,94
2025-09-28 07:00:00,29.6,20.5,285.0,447,17.9,10.0,31.0,15.0,0.2,70,26.7,91,10.4,288,96
2025-09-28 08:00:00,32.6,21.8,327.0,446,20.1,12.1,35.0,16.0,1.15,70,27.9,83,12.7,295,77
2025-09-28 09:00:00,34.5,22.4,316.0,445,18.5,16.2,51.0,18.0,3.05,69,29.5,75,10.7,300,89
2025-09-28 10:00:00,35.3,22.6,279.0,445,14.9,21.3,74.0,20.0,5.55,69,31.1,68,10.5,297,69
2025-09-28 11:00:00,36.1,23.1,250.0,445,11.7,24.7,95.0,22.0,7.7,69,32.5,62,11.3,295,89
2025-09-28 12:00:00,37.8,25.0,241.0,445,9.2,25.2,114.0,23.0,8.7,69,33.5,59,11.7,290,98
2025-09-28 13:00:00,39.8,26.5,241.0,445,7.0,24.1,131.0,23.0,8.3,70,33.9,58,12.5,282,100
2025-09-28 14:00:00,40.6,26.8,252.0,445,6.5,22.6,137.0,25.0,6.5,70,33.8,58,13.6,275,100
2025-09-28 15:00:00,41.8,26.9,281.0,445,8.3,21.0,126.0,29.0,4.05,71,33.0,61,15.0,273,99
2025-09-28 16:00:00,44.1,26.3,321.0,445,11.9,19.1,105.0,34.0,1.9,71,32.0,65,14.4,274,4
2025-09-28 17:00:00,54.1,29.9,356.0,446,17.4,18.6,92.0,44.0,0.5,71,30.7,71,13.1,269,52
2025-09-28 18:00:00,59.1,31.9,389.0,447,22.2,16.9,72.0,53.0,0.05,72,29.5,79,10.6,268,100
2025-09-28 19:00:00,66.6,33.2,418.0,449,28.8,14.4,44.0,66.0,0.0,73,28.4,85,8.5,272,100
2025-09-28 20:00:00,75.9,33.9,419.0,450,32.7,12.4,25.0,74.0,0.0,74,28.0,87,8.9,294,100
2025-09-28 21:00:00,76.4,34.6,371.0,449,32.0,11.3,21.0,73.0,0.0,75,27.6,89,10.1,292,100
2025-09-28 22:00:00,72.4,34.5,296.0,448,28.6,10.7,25.0,67.0,0.0,76,27.4,92,13.3,295,100
2025-09-28 23:00:00,68.0,32.7,231.0,447,24.2,9.8,31.0,62.0,0.0,77,27.2,93,15.7,295,88
2025-09-29 00:00:00,62.4,29.6,190.0,446,18.4,8.2,37.0,61.0,0.0,77,26.8,95,16.5,299,99
2025-09-29 01:00:00,60.1,27.2,160.0,446,11.7,6.5,44.0,60.0,0.0,78,26.9,93,13.6,304,99
2025-09-29 02:00:00,61.0,26.7,143.0,446,6.9,5.3,49.0,60.0,0.0,79,26.6,93,13.0,309,50
2025-09-29 03:00:00,62.2,26.8,122.0,447,5.1,4.9,49.0,60.0,0.0,80,26.4,94,11.3,317,100
2025-09-29 04:00:00,61.5,26.8,114.0,448,5.4,5.2,46.0,60.0,0.0,81,26.2,95,11.7,329,100
2025-09-29 05:00:00,58.3,25.7,178.0,451,8.5,6.9,41.0,59.0,0.0,81,25.9,97,10.4,324,100
2025-09-29 06:00:00,55.1,25.8,399.0,457,14.7,8.4,35.0,52.0,0.0,82,26.0,99,10.1,321,100
2025-09-29 07:00:00,52.7,28.2,691.0,464,23.2,10.5,28.0,42.0,0.2,83,26.0,97,9.3,326,100
2025-09-29 08:00:00,49.8,31.7,862.0,469,27.9,12.9,35.0,33.0,1.05,84,27.4,87,8.5,325,100
2025-09-29 09:00:00,44.4,30.7,793.0,472,25.7,15.9,70.0,25.0,2.85,85,30.2,71,8.6,331,100
2025-09-29 10:00:00,37.8,29.4,603.0,473,19.8,19.2,119.0,18.0,5.2,85,33.9,51,9.3,344,100
2025-09-29 11:00:00,34.0,27.5,449.0,472,14.4,20.7,156.0,13.0,7.3,86,37.0,37,9.8,354,100
2025-09-29 12:00:00,32.2,24.8,382.0,466,9.7,18.9,169.0,11.0,8.1,86,39.3,24,11.7,21,100
2025-09-29 13:00:00,28.8,22.1,351.0,458,5.5,15.5,170.0,11.0,7.05,86,40.2,22,12.2,46,100
2025-09-29 14:00:00,25.8,20.4,363.0,453,4.6,13.3,165.0,11.0,5.75,86,40.2,22,9.5,68,100
2025-09-29 15:00:00,24.4,20.1,425.0,452,8.3,13.7,155.0,12.0,3.7,85,39.5,24,5.9,110,100
2025-09-29 16:00:00,28.8,23.2,530.0,454,15.4,15.3,138.0,14.0,1.7,88,38.6,24,0.8,243,100
2025-09-29 17:00:00,29.6,25.3,663.0,458,17.2,10.8,127.0,8.0,0.5,109,37.7,29,3.7,259,100
2025-09-29 18:00:00,39.7,36.8,865.0,466,35.3,14.2,97.0,8.0,0.05,122,36.4,31,3.6,252,100
2025-09-29 19:00:00,51.6,47.3,1094.0,476,60.0,19.0,56.0,7.0,0.0,117,35.3,34,4.2,282,100
2025-09-29 20:00:00,56.5,52.0,1211.0,482,76.4,22.8,25.0,7.0,0.0,96,34.8,35,11.8,339,100
2025-09-29 21:00:00,56.6,52.2,1114.0,480,76.3,25.0,16.0,7.0,0.0,87,34.2,38,11.5,42,88
2025-09-29 22:00:00,58.8,53.3,905.0,474,68.0,26.1,18.0,8.0,0.0,89,32.7,46,10.8,85,64
2025-09-29 23:00:00,56.5,51.5,744.0,470,61.2,26.0,20.0,8.0,0.0,91,31.2,59,9.9,95,99
2025-09-30 00:00:00,44.4,39.2,712.0,470,59.8,23.6,18.0,8.0,0.0,92,30.2,67,3.3,99,91
2025-09-30 01:00:00,43.0,36.9,729.0,471,60.0,19.9,15.0,9.0,0.0,93,29.3,75,3.1,193,99
2025-09-30 02:00:00,43.1,37.1,719.0,472,60.2,17.3,13.0,9.0,0.0,94,28.9,77,3.9,313,98
2025-09-30 03:00:00,40.9,36.0,599.0,473,60.3,16.8,10.0,8.0,0.0,95,28.7,75,6.2,353,68
2025-09-30 04:00:00,38.9,34.9,451.0,474,60.5,17.3,7.0,6.0,0.0,96,28.8,73,6.9,20,94
2025-09-30 05:00:00,47.6,42.3,447.0,477,54.1,16.4,11.0,9.0,0.0,96,28.7,71,8.3,33,57
2025-09-30 06:00:00,43.2,38.0,763.0,487,54.1,18.1,12.0,9.0,0.0,98,28.3,83,7.2,3,11
2025-09-30 07:00:00,43.2,36.3,1221.0,500,53.5,20.5,16.0,11.0,0.2,99,28.5,79,6.8,11,31
2025-09-30 08:00:00,47.6,36.3,1463.0,505,48.7,21.4,30.0,21.0,1.05,100,30.0,67,4.3,22,95
2025-09-30 09:00:00,67.1,30.5,1267.0,494,35.5,19.9,66.0,52.0,2.85,100,32.5,54,4.2,36,98
2025-09-30 10:00:00,96.2,31.8,853.0,476,18.0,17.0,114.0,93.0,5.05,100,34.2,50,6.4,72,16
2025-09-30 11:00:00,87.8,29.2,526.0,461,5.4,14.2,146.0,113.0,6.9,100,32.3,63,12.2,64,67
2025-09-30 12:00:00,59.8,22.7,387.0,455,1.7,11.5,150.0,94.0,7.8,101,34.3,55,9.2,62,26
2025-09-30 13:00:00,40.5,18.9,334.0,454,2.9,9.0,139.0,55.0,5.25,100,35.5,52,11.5,67,25
2025-09-30 14:00:00,28.1,16.4,361.0,453,5.2,7.7,128.0,23.0,2.7,100,35.6,50,7.8,77,30
2025-09-30 15:00:00,21.5,15.5,485.0,452,6.3,8.4,124.0,10.0,1.6,100,32.3,62,2.5,159,75
2025-09-30 16:00:00,17.6,16.1,689.0,453,8.5,10.5,119.0,3.0,1.3,99,30.0,80,12.2,153,99
2025-09-30 17:00:00,26.3,25.9,922.0,455,11.8,9.1,108.0,1.0,0.35,99,29.0,82,3.3,84,98
2025-09-30 18:00:00,26.1,25.9,1251.0,461,20.9,10.5,91.0,1.0,0.0,99,29.5,82,4.7,99,94
2025-09-30 19:00:00,30.5,30.4,1609.0,468,33.2,12.4,67.0,0.0,0.0,98,29.5,78,8.8,79,20
2025-09-30 20:00:00,32.5,32.4,1745.0,472,40.8,13.5,50.0,0.0,0.0,96,29.2,76,11.3,70,8
2025-09-30 21:00:00,32.1,32.0,1465.0,469,39.4,13.0,47.0,0.0,0.0,94,28.9,76,12.0,73,2
2025-09-30 22:00:00,30.6,30.5,964.0,463,33.2,11.8,50.0,0.0,0.0,93,28.5,77,11.6,77,0
2025-09-30 23:00:00,28.8,28.7,576.0,458,27.3,10.5,53.0,0.0,0.0,91,28.2,78,11.0,88,2
2025-10-01 00:00:00,27.0,26.9,449.0,457,23.0,9.4,53.0,0.0,0.0,89,27.9,80,9.4,83,3
2025-10-01 01:00:00,24.9,24.8,436.0,459,18.9,8.3,53.0,0.0,0.0,88,27.6,82,7.2,39,17
2025-10-01 02:00:00,23.2,23.1,424.0,460,16.2,7.7,51.0,0.0,0.0,86,27.2,85,8.3,360,16
2025-10-01 03:00:00,22.2,22.1,349.0,461,15.2,8.0,47.0,0.0,0.0,85,27.1,86,8.4,7,5
2025-10-01 04:00:00,21.7,21.7,277.0,462,15.6,8.8,42.0,0.0,0.0,84,27.0,87,8.4,15,1
2025-10-01 05:00:00,18.9,18.8,290.0,464,14.0,9.1,44.0,0.0,0.0,83,26.8,87,8.8,23,11
2025-10-01 06:00:00,19.4,19.3,490.0,468,18.1,10.0,41.0,0.0,0.0,81,26.6,87,8.3,44,9
2025-10-01 07:00:00,22.4,22.2,775.0,473,23.5,11.3,37.0,0.0,0.2,79,26.8,87,8.7,52,5
2025-10-01 08:00:00,22.3,22.2,928.0,474,25.4,12.3,43.0,0.0,1.2,78,27.8,83,7.7,53,2
2025-10-01 09:00:00,15.0,14.8,813.0,469,20.3,12.7,68.0,1.0,3.15,77,29.3,74,9.9,53,2
2025-10-01 10:00:00,12.5,11.7,565.0,461,11.7,12.8,102.0,3.0,5.7,75,30.8,66,11.3,59,14
2025-10-01 11:00:00,12.9,11.0,377.0,454,5.2,12.4,127.0,4.0,7.9,73,31.5,61,13.7,63,13
2025-10-01 12:00:00,12.5,10.4,319.0,451,3.1,11.1,135.0,4.0,8.8,72,32.0,59,13.3,65,14
2025-10-01 13:00:00,11.5,9.7,320.0,450,3.1,9.2,134.0,4.0,8.05,71,32.9,54,13.5,65,12
2025-10-01 14:00:00,10.6,9.2,358.0,450,3.7,7.8,131.0,3.0,6.4,70,33.2,54,13.3,77,20
2025-10-01 15:00:00,9.9,8.7,434.0,450,4.2,7.2,128.0,3.0,4.0,69,33.5,53,13.0,72,11
2025-10-01 16:00:00,9.2,8.2,548.0,451,5.3,7.0,122.0,2.0,1.8,69,33.4,52,13.2,68,27
2025-10-01 17:00:00,17.3,14.5,676.0,453,7.8,6.5,106.0,5.0,0.45,68,33.5,51,12.7,65,21
2025-10-01 18:00:00,19.0,17.0,840.0,456,10.6,6.9,95.0,4.0,0.0,76,32.7,55,10.1,85,26
2025-10-01 19:00:00,19.4,17.6,1018.0,460,14.5,7.5,80.0,4.0,0.0,75,31.3,63,6.9,96,15
2025-10-01 20:00:00,18.7,17.1,1122.0,463,17.2,7.9,67.0,3.0,0.0,65,30.5,67,7.2,108,2
2025-10-01 21:00:00,17.8,16.2,1105.0,465,17.9,8.2,59.0,3.0,0.0,64,29.9,69,8.8,101,6
2025-10-01 22:00:00,16.7,15.4,1013.0,466,17.6,8.3,54.0,2.0,0.0,62,29.0,73,7.2,117,5
2025-10-01 23:00:00,15.4,14.2,899.0,467,16.5,8.2,51.0,2.0,0.0,61,28.8,75,7.2,102,2
2025-10-02 00:00:00,13.9,12.6,761.0,469,14.3,7.5,51.0,2.0,0.0,60,28.7,76,4.5,67,1
2025-10-02 01:00:00,12.9,11.3,600.0,470,11.3,6.6,52.0,3.0,0.0,58,28.1,79,6.3,345,1
2025-10-02 02:00:00,13.0,11.0,469.0,471,9.5,6.2,52.0,3.0,0.0,57,27.8,80,7.8,352,3
2025-10-02 03:00:00,13.4,11.4,352.0,470,9.5,6.6,48.0,3.0,0.0,56,27.5,81,7.4,14,2
2025-10-02 04:00:00,13.4,11.5,265.0,469,10.6,7.6,43.0,3.0,0.0,55,27.2,81,7.8,23,1
2025-10-02 05:00:00,14.3,12.6,310.0,469,13.6,8.3,36.0,3.0,0.0,54,27.3,79,7.9,41,0
2025-10-02 06:00:00,15.2,13.3,638.0,473,17.5,9.5,35.0,3.0,0.0,54,27.4,79,7.9,45,0
2025-10-02 07:00:00,18.5,16.4,1097.0,479,22.7,11.1,34.0,4.0,0.2,53,27.5,79,8.3,51,0
2025-10-02 08:00:00,21.5,18.4,1333.0,480,24.4,12.0,40.0,5.0,1.15,53,28.4,75,7.9,45,0
2025-10-02 09:00:00,21.7,15.1,1116.0,472,19.4,11.6,60.0,6.0,2.95,52,30.0,68,9.8,60,0
2025-10-02 10:00:00,19.3,13.1,676.0,459,10.9,10.5,86.0,8.0,5.05,52,31.6,59,11.6,68,0
2025-10-02 11:00:00,17.4,12.1,344.0,450,4.6,9.4,105.0,9.0,7.2,52,32.9,53,13.8,74,5
2025-10-02 12:00:00,15.9,11.2,262.0,447,2.7,8.3,111.0,9.0,8.25,53,33.4,50,14.9,73,16
2025-10-02 13:00:00,14.8,10.3,289.0,447,2.9,7.2,110.0,8.0,8.1,53,33.7,49,16.0,82,16
2025-10-02 14:00:00,14.1,9.5,332.0,448,3.6,6.4,106.0,7.0,6.3,53,33.6,48,15.6,79,12
2025-10-02 15:00:00,13.2,8.7,361.0,448,4.3,6.1,101.0,7.0,3.45,53,34.0,47,15.1,75,3
2025-10-02 16:00:00,12.6,8.4,406.0,449,5.5,6.2,95.0,7.0,1.65,53,34.0,46,16.0,82,16
2025-10-02 17:00:00,15.9,10.6,462.0,450,7.6,6.6,86.0,9.0,0.45,53,32.9,51,16.1,100,7
2025-10-02 18:00:00,15.5,11.5,548.0,452,10.8,7.1,77.0,7.0,0.0,52,31.0,61,13.0,95,5
2025-10-02 19:00:00,16.1,13.4,646.0,455,15.0,7.9,65.0,5.0,0.0,52,30.4,64,12.8,88,17
2025-10-02 20:00:00,14.8,12.7,698.0,457,17.5,8.4,57.0,3.0,0.0,52,30.0,68,11.1,83,11
2025-10-02 21:00:00,13.3,11.6,672.0,458,16.6,8.5,56.0,2.0,0.0,51,29.5,71,11.2,84,14
2025-10-02 22:00:00,12.1,10.7,601.0,457,14.0,8.3,58.0,2.0,0.0,51,29.0,74,11.7,100,21
2025-10-02 23:00:00,10.9,9.8,525.0,457,11.4,8.0,61.0,2.0,0.0,50,28.8,76,11.2,111,28
2025-10-03 00:00:00,9.4,8.6,450.0,456,9.3,7.4,63.0,2.0,0.0,50,28.5,75,10.4,101,23
2025-10-03 01:00:00,8.1,7.5,369.0,455,7.3,6.6,65.0,1.0,0.0,49,28.2,76,9.4,78,13
2025-10-03 02:00:00,7.8,7.1,308.0,455,6.0,6.1,65.0,1.0,0.0,49,27.9,78,8.9,47,4
2025-10-03 03:00:00,7.6,7.0,259.0,456,5.7,6.0,63.0,1.0,0.0,48,27.5,79,8.3,33,18
2025-10-03 04:00:00,7.8,7.1,230.0,457,6.0,6.3,60.0,1.0,0.0,47,27.4,80,8.7,32,100
2025-10-03 05:00:00,8.0,7.0,260.0,458,7.2,6.6,58.0,2.0,0.0,46,27.5,81,8.9,43,35
2025-10-03 06:00:00,8.2,7.1,419.0,460,10.4,7.2,53.0,3.0,0.0,45,27.4,80,10.3,52,76
2025-10-03 07:00:00,9.8,8.3,638.0,462,14.6,7.9,47.0,4.0,0.1,44,27.5,78,11.3,61,88
2025-10-03 08:00:00,12.5,9.1,754.0,462,16.5,8.6,45.0,5.0,0.6,43,28.2,75,12.3,63,85
2025-10-03 09:00:00,14.0,9.7,663.0,458,13.9,9.0,53.0,6.0,2.2,41,29.5,70,13.5,65,100
2025-10-03 10:00:00,14.8,9.3,469.0,453,9.0,9.4,65.0,8.0,4.45,40,29.9,68,15.2,79,100
2025-10-03 11:00:00,14.5,9.0,325.0,449,5.4,9.5,75.0,9.0,5.85,40,31.0,60,16.7,91,100
2025-10-03 12:00:00,13.9,8.7,291.0,448,4.4,9.4,79.0,9.0,6.85,39,30.9,62,15.0,87,100
2025-10-03 13:00:00,12.7,8.0,307.0,448,4.7,9.1,80.0,8.0,5.15,39,31.5,59,17.7,84,100
2025-10-03 14:00:00,11.6,7.5,349.0,448,5.7,8.9,79.0,7.0,3.5,38,31.2,60,17.6,90,100
2025-10-03 15:00:00,11.1,7.7,421.0,449,7.4,9.1,77.0,6.0,2.25,38,30.6,64,18.7,91,100
2025-10-03 16:00:00,11.2,8.1,519.0,450,9.8,9.5,74.0,5.0,1.6,38,28.9,74,15.5,85,100
2025-10-03 17:00:00,17.4,11.2,612.0,451,15.0,9.0,57.0,11.0,0.35,38,29.5,67,14.8,94,100
2025-10-03 18:00:00,17.7,12.5,706.0,453,16.5,8.5,52.0,10.0,0.0,38,28.9,74,11.8,110,100
2025-10-03 19:00:00,17.8,12.7,795.0,455,18.4,7.8,46.0,10.0,0.0,38,28.0,80,11.2,106,100
2025-10-03 20:00:00,17.6,12.5,833.0,457,19.3,7.2,41.0,9.0,0.0,38,28.0,81,11.6,94,100
2025-10-03 21:00:00,17.4,12.4,793.0,458,18.4,6.9,39.0,9.0,0.0,38,27.7,83,13.3,91,100
2025-10-03 22:00:00,17.3,12.4,703.0,458,16.5,6.8,39.0,8.0,0.0,38,27.4,85,13.2,95,100
2025-10-03 23:00:00,17.5,12.7,600.0,458,14.5,6.6,40.0,8.0,0.0,38,26.8,92,12.5,113,100
2025-10-04 00:00:00,16.9,12.3,481.0,457,12.3,6.2,41.0,8.0,0.0,39,26.2,94,12.9,96,100
2025-10-04 01:00:00,16.2,11.7,350.0,456,9.9,5.9,44.0,8.0,0.0,39,26.0,94,13.5,91,100
2025-10-04 02:00:00,15.7,11.3,256.0,455,8.2,5.7,45.0,8.0,0.0,40,25.8,93,12.8,92,100
2025-10-04 03:00:00,15.4,11.1,192.0,455,7.2,5.8,45.0,8.0,0.0,41,25.8,92,13.4,82,100
2025-10-04 04:00:00,15.4,10.9,165.0,455,6.9,6.2,45.0,8.0,0.0,42,25.6,91,11.1,70,100
2025-10-04 05:00:00,12.0,9.3,247.0,456,7.9,6.6,47.0,5.0,0.0,42,25.5,93,10.5,59,100
2025-10-04 06:00:00,12.5,9.9,564.0,461,12.5,7.7,42.0,6.0,0.0,43,25.7,91,10.3,61,98
2025-10-04 07:00:00,15.3,12.4,989.0,466,18.6,9.3,36.0,7.0,0.15,43,25.9,89,9.5,63,100
2025-10-04 08:00:00,19.1,13.6,1214.0,469,21.9,11.0,34.0,9.0,0.8,44,26.8,85,8.7,66,48
2025-10-04 09:00:00,23.2,14.6,1040.0,465,19.7,12.9,40.0,12.0,2.1,45,28.2,76,10.8,86,42
2025-10-04 10:00:00,25.6,14.6,667.0,458,14.7,14.9,50.0,15.0,3.6,45,29.5,71,11.4,102,69
2025-10-04 11:00:00,26.6,14.9,380.0,452,10.6,16.0,59.0,17.0,4.85,46,30.0,67,10.6,113,38
2025-10-04 12:00:00,26.8,15.0,298.0,450,8.5,15.3,65.0,17.0,5.1,47,31.0,62,10.4,124,20
2025-10-04 13:00:00,24.6,13.9,302.0,450,7.3,13.6,69.0,16.0,4.6,48,31.4,60,11.8,140,45
2025-10-04 14:00:00,22.4,13.0,329.0,450,7.1,12.5,70.0,14.0,3.4,50,31.1,62,10.4,135,37
2025-10-04 15:00:00,20.1,12.0,362.0,449,7.6,12.7,68.0,12.0,2.1,50,31.1,63,9.7,155,43
2025-10-04 16:00:00,18.9,11.8,417.0,448,9.2,13.5,63.0,11.0,1.05,51,30.1,71,9.0,186,21
2025-10-04 17:00:00,18.7,12.1,478.0,448,10.2,12.5,66.0,9.0,0.4,51,29.1,78,15.1,165,100
2025-10-04 18:00:00,19.6,14.6,562.0,449,19.1,12.7,51.0,8.0,0.0,51,28.5,81,14.4,160,98
2025-10-04 19:00:00,22.1,17.7,652.0,451,31.2,13.0,31.0,6.0,0.0,51,28.0,85,13.8,160,91
2025-10-04 20:00:00,22.5,18.1,686.0,452,38.9,12.9,17.0,5.0,0.0,52,27.9,85,14.0,157,100
2025-10-04 21:00:00,22.4,17.8,619.0,452,38.4,12.3,15.0,5.0,0.0,52,27.6,87,13.3,157,98
2025-10-04 22:00:00,21.8,17.1,497.0,451,33.4,11.4,19.0,5.0,0.0,53,27.4,88,11.0,154,99
2025-10-04 23:00:00,21.1,16.3,389.0,450,27.9,10.4,24.0,5.0,0.0,53,27.1,89,9.9,153,100
2025-10-05 00:00:00,19.5,14.9,313.0,449,22.3,9.1,30.0,5.0,0.0,53,27.0,90,11.1,163,100
2025-10-05 01:00:00,17.3,13.0,251.0,447,16.1,7.7,38.0,4.0,0.0,54,27.0,88,12.2,179,100
2025-10-05 02:00:00,15.8,11.6,225.0,448,11.8,6.8,43.0,4.0,0.0,54,27.1,87,9.5,202,100
2025-10-05 03:00:00,15.4,11.2,253.0,454,10.4,6.5,43.0,4.0,0.0,54,27.0,89,7.5,215,96
2025-10-05 04:00:00,15.5,11.5,315.0,463,10.8,6.6,42.0,3.0,0.0,54,26.8,90,5.2,243,39
2025-10-05 05:00:00,16.5,12.4,376.0,468,11.2,7.3,44.0,3.0,0.0,54,26.5,94,5.7,257,98
2025-10-05 06:00:00,18.3,13.8,437.0,465,13.6,9.5,46.0,4.0,0.0,54,26.7,93,6.4,241,92
2025-10-05 07:00:00,23.5,18.3,496.0,459,16.7,12.4,48.0,5.0,0.15,54,27.0,90,7.2,242,39
2025-10-05 08:00:00,25.0,18.2,512.0,453,17.7,14.7,54.0,6.0,0.95,55,28.1,82,9.7,242,69
2025-10-05 09:00:00,24.6,17.1,447.0,450,14.5,15.7,65.0,7.0,2.6,55,29.1,76,10.7,243,91
2025-10-05 10:00:00,24.1,16.6,339.0,448,9.2,16.0,79.0,8.0,4.3,56,30.0,70,11.1,241,70
2025-10-05 11:00:00,24.4,16.9,257.0,447,5.2,15.7,89.0,8.0,6.35,56,31.1,63,12.6,244,9
2025-10-05 12:00:00,22.5,15.5,229.0,446,3.7,14.6,92.0,8.0,7.3,56,31.4,62,14.2,237,8
2025-10-05 13:00:00,21.5,14.6,227.0,446,3.5,13.0,91.0,8.0,7.1,56,31.0,61,17.3,232,36
2025-10-05 14:00:00,21.1,14.0,236.0,446,3.9,11.8,88.0,8.0,5.95,56,30.4,65,17.6,229,26
2025-10-05 15:00:00,21.8,14.0,253.0,446,4.7,11.5,82.0,9.0,3.7,56,30.1,69,16.8,227,15
2025-10-05 16:00:00,21.4,13.4,281.0,446,6.3,11.6,74.0,10.0,1.55,56,29.8,70,15.6,232,4
2025-10-05 17:00:00,18.2,11.5,309.0,446,8.7,12.4,67.0,8.0,0.4,56,29.6,70,14.7,237,22
2025-10-05 18:00:00,19.6,12.3,340.0,447,13.7,12.0,58.0,8.0,0.0,56,28.8,75,14.2,231,5
2025-10-05 19:00:00,22.0,15.1,372.0,448,20.4,11.5,47.0,9.0,0.0,56,28.4,78,13.9,223,9
2025-10-05 20:00:00,23.5,15.8,380.0,449,24.5,10.8,39.0,10.0,0.0,56,28.1,79,15.8,220,10
2025-10-05 21:00:00,23.9,15.7,350.0,449,23.6,9.9,39.0,11.0,0.0,56,28.0,80,18.1,218,22
2025-10-05 22:00:00,24.6,15.4,296.0,448,20.1,8.9,43.0,13.0,0.0,56,27.8,81,16.3,234,40
2025-10-05 23:00:00,25.7,15.5,247.0,447,16.5,8.0,47.0,14.0,0.0,55,27.8,82,16.5,245,13
2025-10-06 00:00:00,27.0,15.7,208.0,446,13.2,7.3,51.0,16.0,0.0,55,27.6,82,16.5,247,9
2025-10-06 01:00:00,27.5,15.5,172.0,446,9.8,6.7,56.0,17.0,0.0,55,27.8,81,16.7,250,17
2025-10-06 02:00:00,28.0,15.6,148.0,445,7.2,6.2,59.0,18.0,0.0,56,27.6,82,17.2,256,15
2025-10-06 03:00:00,28.0,15.7,135.0,445,5.5,5.8,61.0,17.0,0.0,56,27.4,83,17.0,261,9
2025-10-06 04:00:00,27.8,15.7,134.0,444,4.7,5.6,62.0,15.0,0.0,56,27.1,84,17.1,263,9
2025-10-06 05:00:00,27.0,16.1,151.0,444,4.6,5.9,64.0,15.0,0.0,57,27.2,81,19.0,260,16
2025-10-06 06:00:00,28.2,16.3,206.0,444,7.2,6.8,62.0,22.0,0.0,57,27.5,81,19.6,259,5
2025-10-06 07:00:00,37.6,18.6,280.0,445,10.6,8.0,60.0,36.0,0.15,57,27.5,80,18.9,256,5
2025-10-06 08:00:00,64.5,23.2,323.0,445,12.3,9.1,63.0,73.0,0.8,57,28.5,73,21.6,259,16
2025-10-06 09:00:00,125.3,30.5,303.0,444,10.4,10.0,75.0,155.0,2.45,58,29.4,67,21.9,263,27
2025-10-06 10:00:00,184.9,39.0,252.0,442,6.7,10.8,91.0,260.0,4.7,59,30.2,61,20.9,267,1
2025-10-06 11:00:00,223.1,45.4,215.0,441,3.9,11.4,105.0,336.0,6.7,61,31.0,56,20.6,261,30
2025-10-06 12:00:00,243.1,49.9,206.0,440,3.1,11.6,113.0,360.0,7.6,63,31.2,54,21.3,262,32
2025-10-06 13:00:00,244.0,51.6,210.0,439,3.3,11.5,118.0,356.0,7.25,67,31.6,51,21.6,260,7
2025-10-06 14:00:00,231.0,51.5,227.0,439,4.2,11.4,119.0,342.0,5.65,70,31.8,48,21.9,260,0
2025-10-06 15:00:00,209.5,49.9,258.0,439,6.1,11.4,115.0,323.0,3.5,73,31.5,47,20.7,262,0
2025-10-06 16:00:00,193.7,49.5,302.0,440,8.9,11.3,106.0,296.0,1.55,76,31.0,51,21.1,253,0
2025-10-06 17:00:00,209.1,56.6,353.0,441,12.7,12.2,97.0,287.0,0.35,80,29.8,58,21.0,248,0
2025-10-06 18:00:00,185.8,56.5,428.0,443,14.7,11.0,89.0,255.0,0.0,84,28.8,60,19.0,250,0
2025-10-06 19:00:00,164.4,51.3,510.0,444,17.2,9.4,78.0,210.0,0.0,87,28.2,68,17.6,244,0
2025-10-06 20:00:00,132.7,42.1,539.0,445,18.3,8.1,68.0,166.0,0.0,91,27.9,71,17.0,250,0
2025-10-06 21:00:00,98.5,32.8,472.0,444,16.5,7.4,62.0,124.0,0.0,93,27.9,65,17.2,257,0
2025-10-06 22:00:00,70.8,25.7,352.0,442,13.1,7.0,58.0,84.0,0.0,94,27.5,68,16.5,254,0
2025-10-06 23:00:00,52.9,21.2,252.0,440,10.1,6.6,55.0,54.0,0.0,95,27.2,83,18.2,252,2
2025-10-07 00:00:00,42.7,18.5,199.0,440,7.9,6.1,53.0,40.0,0.0,96,27.5,81,17.3,256,2
2025-10-07 01:00:00,39.2,16.9,167.0,440,6.1,5.6,53.0,38.0,0.0,96,27.2,81,17.3,265,13
2025-10-07 02:00:00,40.7,16.5,147.0,441,4.9,5.4,53.0,40.0,0.0,96,27.0,82,17.8,270,15
2025-10-07 03:00:00,45.1,16.8,104.0,441,4.1,5.3,54.0,45.0,0.0,96,27.0,82,17.3,269,6
2025-10-07 04:00:00,52.4,18.0,74.0,441,3.9,5.4,55.0,56.0,0.0,96,26.9,82,16.6,274,1
2025-10-07 05:00:00,61.5,18.9,160.0,443,4.8,6.0,54.0,76.0,0.0,97,26.7,82,15.8,277,0
2025-10-07 06:00:00,64.0,20.5,506.0,449,10.9,7.3,49.0,84.0,0.0,97,26.6,82,13.4,285,0
2025-10-07 07:00:00,76.8,25.5,969.0,457,19.1,9.3,42.0,97.0,0.15,97,26.3,82,10.4,291,0
2025-10-07 08:00:00,104.5,31.5,1223.0,461,23.4,11.7,44.0,133.0,0.95,98,27.2,76,7.8,296,0
2025-10-07 09:00:00,166.7,36.4,1064.0,458,20.0,14.9,61.0,212.0,2.5,99,28.9,61,9.7,286,0
2025-10-07 10:00:00,225.4,43.8,695.0,451,12.6,18.5,87.0,312.0,4.55,99,30.2,52,10.5,275,0
2025-10-07 11:00:00,253.3,49.0,402.0,445,6.9,21.0,109.0,385.0,6.3,100,31.8,34,3.9,254,0
2025-10-07 12:00:00,261.7,52.2,296.0,443,4.8,21.5,124.0,408.0,7.1,100,32.4,32,5.1,238,0
2025-10-07 13:00:00,262.6,53.3,265.0,442,4.4,20.9,134.0,403.0,6.6,100,32.6,35,9.0,233,0
2025-10-07 14:00:00,260.8,53.4,263.0,441,4.8,20.2,137.0,394.0,5.0,100,32.3,40,12.5,237,0
2025-10-07 15:00:00,258.9,52.7,265.0,440,5.3,19.9,128.0,391.0,3.0,100,32.3,37,12.3,238,0
2025-10-07 16:00:00,254.3,51.3,296.0,440,6.7,19.5,111.0,384.0,1.3,101,32.0,32,12.5,234,0
2025-10-07 17:00:00,245.9,51.3,379.0,441,10.8,21.0,97.0,365.0,0.3,101,30.5,44,12.7,237,0
2025-10-07 18:00:00,188.6,46.2,565.0,445,20.7,19.3,75.0,314.0,0.0,100,29.3,52,10.3,243,0
2025-10-07 19:00:00,161.1,44.1,803.0,450,34.3,17.0,44.0,242.0,0.0,99,28.3,60,9.1,240,0
2025-10-07 20:00:00,142.5,42.3,967.0,454,45.0,15.3,21.0,185.0,0.0,99,27.7,65,8.5,235,0
2025-10-07 21:00:00,129.5,41.0,1010.0,457,49.7,14.9,12.0,157.0,0.0,99,27.2,68,7.6,242,0
2025-10-07 22:00:00,121.1,40.5,978.0,460,51.5,15.0,11.0,142.0,0.0,100,26.7,73,6.9,245,0
2025-10-07 23:00:00,114.8,41.0,885.0,461,52.2,15.1,10.0,134.0,0.0,101,26.4,65,7.5,255,0
2025-10-08 00:00:00,115.9,42.1,688.0,458,52.5,14.7,9.0,131.0,0.0,103,26.5,69,9.8,257,0
2025-10-08 01:00:00,118.0,42.5,429.0,454,51.7,14.3,9.0,134.0,0.0,106,26.1,79,10.4,270,0
2025-10-08 02:00:00,116.9,41.6,250.0,452,50.4,14.0,9.0,135.0,0.0,108,25.8,85,8.1,291,2
2025-10-08 03:00:00,114.8,40.7,182.0,454,48.0,13.8,10.0,133.0,0.0,111,25.2,88,5.6,320,5
2025-10-08 04:00:00,111.1,39.8,193.0,458,45.1,13.9,11.0,129.0,0.0,113,24.5,91,4.5,2,5
2025-10-08 05:00:00,109.0,37.0,328.0,463,37.5,13.5,16.0,128.0,0.0,116,24.0,90,2.9,349,0
2025-10-08 06:00:00,109.9,39.7,730.0,471,39.9,16.0,14.0,117.0,0.0,117,24.0,88,4.1,13,0
2025-10-08 07:00:00,119.2,50.4,1255.0,479,42.9,19.7,12.0,103.0,0.15,119,23.8,87,4.6,39,0
2025-10-08 08:00:00,104.8,46.9,1519.0,482,41.8,23.4,18.0,102.0,0.85,122,25.2,78,4.1,41,0
2025-10-08 09:00:00,109.4,32.6,1264.0,473,33.0,27.6,39.0,128.0,2.3,124,27.3,70,2.7,20,0
2025-10-08 10:00:00,126.7,33.2,746.0,457,20.1,31.9,69.0,166.0,4.35,123,29.0,59,3.2,313,0
2025-10-08 11:00:00,142.5,36.2,353.0,446,10.3,34.1,96.0,194.0,6.1,122,31.0,43,1.9,236,0
2025-10-08 12:00:00,149.9,39.9,251.0,443,6.3,32.5,119.0,201.0,6.7,121,32.0,36,4.5,203,0
2025-10-08 13:00:00,150.4,41.9,273.0,444,5.2,28.8,138.0,198.0,5.95,120,32.0,40,8.6,211,0
2025-10-08 14:00:00,146.2,43.5,304.0,445,5.5,25.9,149.0,189.0,4.35,118,32.1,40,10.9,219,41
2025-10-08 15:00:00,141.1,44.0,295.0,444,6.3,25.5,147.0,176.0,2.65,117,30.8,50,13.4,233,59
2025-10-08 16:00:00,133.2,43.2,296.0,443,8.5,25.9,136.0,158.0,1.2,116,29.9,56,12.4,240,26
2025-10-08 17:00:00,145.3,47.6,337.0,443,12.4,28.6,139.0,178.0,0.3,116,29.9,52,9.0,239,13
2025-10-08 18:00:00,118.0,45.5,440.0,445,23.5,26.1,106.0,154.0,0.0,115,28.9,59,8.2,244,7
2025-10-08 19:00:00,101.7,42.7,584.0,449,38.9,22.7,61.0,120.0,0.0,115,27.9,67,7.1,263,5
2025-10-08 20:00:00,93.4,39.6,736.0,454,50.6,20.3,26.0,96.0,0.0,115,27.2,70,5.6,274,4
2025-10-08 21:00:00,90.8,39.2,928.0,460,55.0,20.1,12.0,91.0,0.0,115,26.7,75,4.3,270,1
2025-10-08 22:00:00,93.4,41.9,1128.0,467,55.7,20.9,8.0,95.0,0.0,115,26.3,77,4.0,288,3
2025-10-08 23:00:00,103.1,46.7,1213.0,472,55.5,21.5,6.0,101.0,0.0,115,25.4,83,4.8,329,0
2025-10-09 00:00:00,109.7,49.7,1096.0,473,55.6,21.6,3.0,106.0,0.0,115,25.0,86,6.7,329,0
2025-10-09 01:00:00,112.5,49.6,864.0,472,54.9,21.6,2.0,113.0,0.0,116,24.5,89,6.9,327,0
2025-10-09 02:00:00,114.1,49.0,651.0,470,52.8,21.0,3.0,116.0,0.0,117,24.5,91,5.8,321,0
2025-10-09 03:00:00,102.9,45.2,451.0,467,48.4,19.2,6.0,113.0,0.0,118,24.4,92,5.8,340,0
2025-10-09 04:00:00,92.4,38.9,269.0,463,42.7,16.9,10.0,107.0,0.0,118,24.0,94,5.2,358,0
2025-10-09 05:00:00,78.9,31.1,256.0,461,30.7,12.6,20.0,84.0,0.0,118,23.7,93,5.2,360,0
2025-10-09 06:00:00,79.4,30.9,600.0,466,31.6,13.1,17.0,82.0,0.0,117,23.9,91,5.2,346,0
2025-10-09 07:00:00,87.3,35.3,1113.0,473,32.5,13.9,15.0,81.0,0.15,116,23.8,90,6.2,330,2
2025-10-09 08:00:00,88.2,38.5,1381.0,475,30.9,15.9,23.0,88.0,0.9,115,25.1,81,4.9,327,0
2025-10-09 09:00:00,105.2,34.6,1143.0,467,24.2,20.5,50.0,111.0,2.45,114,27.3,71,7.3,322,0
2025-10-09 10:00:00,124.3,36.7,660.0,454,14.9,26.3,87.0,142.0,4.55,114,29.6,52,6.8,323,0
2025-10-09 11:00:00,130.4,41.7,300.0,445,7.9,30.0,117.0,162.0,6.35,115,30.9,39,2.9,263,0
2025-10-09 12:00:00,127.6,44.8,225.0,443,5.1,29.4,135.0,159.0,7.1,115,32.0,34,5.0,210,0
2025-10-09 13:00:00,122.0,44.9,273.0,444,4.5,26.7,147.0,145.0,5.9,116,32.3,34,9.2,206,7
2025-10-09 14:00:00,115.3,43.0,325.0,445,5.2,24.6,151.0,132.0,4.45,116,32.1,35,12.5,205,41
2025-10-09 15:00:00,111.5,41.9,328.0,445,6.3,24.5,147.0,126.0,2.75,116,31.2,37,13.5,217,20
2025-10-09 16:00:00,110.1,41.8,334.0,445,8.6,24.9,136.0,123.0,1.3,116,30.9,35,11.3,234,18
2025-10-09 17:00:00,106.6,41.4,380.0,446,12.0,27.2,139.0,119.0,0.35,116,30.9,35,10.1,239,16
2025-10-09 18:00:00,92.9,41.0,506.0,449,21.0,24.7,109.0,108.0,0.0,115,29.0,55,10.3,255,2
2025-10-09 19:00:00,85.0,39.6,672.0,454,33.5,21.3,68.0,92.0,0.0,114,28.0,63,8.8,279,1
2025-10-09 20:00:00,82.0,37.7,793.0,458,43.5,18.6,36.0,79.0,0.0,114,27.3,68,6.9,261,0
2025-10-09 21:00:00,79.6,37.5,842.0,461,48.9,17.6,22.0,72.0,0.0,114,26.8,70,7.1,264,1
2025-10-09 22:00:00,78.2,38.5,846.0,462,51.8,17.3,17.0,69.0,0.0,114,26.4,74,7.2,267,1
2025-10-09 23:00:00,78.2,39.5,803.0,463,52.8,16.9,15.0,69.0,0.0,113,25.8,80,6.7,275,0
2025-10-10 00:00:00,79.6,39.6,689.0,462,51.7,16.1,15.0,75.0,0.0,113,25.9,79,6.9,287,0
2025-10-10 01:00:00,84.5,40.3,528.0,460,48.8,15.2,17.0,84.0,0.0,112,25.5,79,7.0,305,0
2025-10-10 02:00:00,91.3,41.4,395.0,458,44.8,14.4,20.0,89.0,0.0,111,25.0,79,7.2,325,0
2025-10-10 03:00:00,90.1,40.5,281.0,457,38.9,13.6,24.0,85.0,0.0,110,24.6,82,6.8,331,0
2025-10-10 04:00:00,77.3,36.6,195.0,457,32.0,12.9,28.0,76.0,0.0,109,24.4,83,6.3,333,0
2025-10-10 05:00:00,70.3,32.5,239.0,458,24.7,12.0,32.0,67.0,0.0,109,24.2,88,6.1,336,0
2025-10-10 06:00:00,69.2,32.0,562.0,463,28.3,12.6,28.0,65.0,0.0,109,24.2,88,6.0,333,0
2025-10-10 07:00:00,73.3,36.2,1015.0,470,32.9,13.6,23.0,64.0,0.15,109,24.1,88,5.9,342,0
2025-10-10 08:00:00,76.1,38.6,1252.0,472,33.6,15.8,29.0,66.0,0.95,109,25.4,82,3.9,344,0
2025-10-10 09:00:00,89.2,35.3,1052.0,466,26.7,20.8,56.0,77.0,2.6,109,27.5,70,5.5,316,0
2025-10-10 10:00:00,93.4,37.5,635.0,455,15.8,26.9,95.0,91.0,4.75,109,29.6,52,4.2,280,0
2025-10-10 11:00:00,95.5,39.3,316.0,447,7.6,30.5,125.0,101.0,6.5,110,31.0,42,6.9,231,9
2025-10-10 12:00:00,91.0,38.4,228.0,444,4.5,29.0,139.0,101.0,6.8,109,31.6,38,10.1,226,31
2025-10-10 13:00:00,86.8,37.5,239.0,445,4.0,25.0,145.0,95.0,5.8,109,31.4,38,11.7,232,22
2025-10-10 14:00:00,84.3,37.0,266.0,445,4.7,21.8,145.0,89.0,4.85,108,31.4,37,12.2,236,16
2025-10-10 15:00:00,82.7,36.6,275.0,445,5.7,21.0,138.0,85.0,2.8,107,31.0,39,12.5,233,5
2025-10-10 16:00:00,80.1,35.7,300.0,445,7.9,21.1,126.0,81.0,1.35,107,30.4,41,12.3,236,8
2025-10-10 17:00:00,93.8,43.2,369.0,447,10.9,26.0,139.0,95.0,0.3,106,29.6,44,10.9,241,4
2025-10-10 18:00:00,81.3,43.3,515.0,450,18.9,23.7,112.0,85.0,0.0,106,28.5,55,9.8,262,1
2025-10-10 19:00:00,76.4,42.5,704.0,455,30.0,20.6,75.0,70.0,0.0,106,27.5,63,8.5,264,0
2025-10-10 20:00:00,74.7,41.3,859.0,459,39.3,18.1,46.0,59.0,0.0,107,27.0,67,7.8,263,1
2025-10-10 21:00:00,73.1,41.2,972.0,463,45.2,17.2,33.0,55.0,0.0,107,26.5,70,6.9,275,0
2025-10-10 22:00:00,72.4,42.1,1051.0,466,49.3,17.0,27.0,55.0,0.0,108,26.2,71,5.7,257,0
2025-10-10 23:00:00,74.5,44.0,1043.0,468,51.0,16.5,24.0,54.0,0.0,108,25.9,74,5.5,281,0
2025-10-11 00:00:00,76.4,45.2,880.0,467,49.6,15.3,23.0,52.0,0.0,108,25.6,75,6.8,297,0
2025-10-11 01:00:00,77.1,45.1,630.0,465,45.8,13.8,24.0,51.0,0.0,109,25.1,77,7.1,322,0
2025-10-11 02:00:00,71.0,42.4,441.0,464,41.1,12.7,26.0,49.0,0.0,109,24.6,79,6.7,346,0
2025-10-11 03:00:00,65.9,38.6,315.0,466,34.3,12.0,30.0,48.0,0.0,110,24.3,81,5.0,345,0
2025-10-11 04:00:00,63.1,35.7,250.0,468,26.6,11.6,35.0,47.0,0.0,109,24.0,82,3.6,351,0
2025-10-11 05:00:00,63.1,35.0,389.0,473,25.1,12.3,34.0,48.0,0.0,109,24.0,83,4.2,329,0
2025-10-11 06:00:00,62.9,35.6,979.0,482,31.6,14.2,27.0,47.0,0.0,110,23.9,83,4.1,337,0
2025-10-11 07:00:00,72.2,43.8,1773.0,493,40.1,17.0,18.0,45.0,0.15,110,23.7,85,3.4,357,0
2025-10-11 08:00:00,74.5,46.6,2177.0,496,42.7,20.1,23.0,48.0,0.9,111,25.2,78,1.2,63,0
2025-10-11 09:00:00,83.4,38.8,1806.0,484,33.8,23.9,52.0,60.0,2.55,112,27.4,68,1.0,202,0
2025-10-11 10:00:00,88.0,39.9,1044.0,465,19.1,28.0,95.0,75.0,4.65,112,29.2,56,3.5,219,0
2025-10-11 11:00:00,88.2,42.3,456.0,450,7.9,30.2,129.0,86.0,6.5,112,30.5,46,6.4,216,5
2025-10-11 12:00:00,85.9,42.7,277.0,445,4.2,29.0,147.0,87.0,6.6,112,31.5,40,8.0,214,49
2025-10-11 13:00:00,83.6,41.9,271.0,445,4.1,26.0,156.0,82.0,6.0,113,31.5,39,9.4,218,48
2025-10-11 14:00:00,83.4,42.1,294.0,445,5.0,23.7,160.0,78.0,4.45,113,31.2,41,9.3,226,36
2025-10-11 15:00:00,83.1,42.4,293.0,444,5.9,23.6,159.0,76.0,2.7,114,31.1,41,9.0,227,28
2025-10-11 16:00:00,82.7,42.6,321.0,445,8.0,24.4,153.0,75.0,1.15,115,30.6,43,9.7,231,15
2025-10-11 17:00:00,77.8,41.1,386.0,446,10.4,24.2,143.0,68.0,0.3,115,29.5,51,10.9,234,13
2025-10-11 18:00:00,72.6,41.6,523.0,449,17.1,22.2,118.0,61.0,0.0,115,28.3,59,9.4,266,1
2025-10-11 19:00:00,66.8,42.0,697.0,454,26.7,19.6,83.0,51.0,0.0,115,27.5,64,7.4,283,2
2025-10-11 20:00:00,64.7,40.9,818.0,458,35.3,17.6,54.0,43.0,0.0,115,26.9,68,7.2,288,1
2025-10-11 21:00:00,64.0,41.1,848.0,461,42.8,17.2,38.0,39.0,0.0,115,26.4,72,6.4,288,0
2025-10-11 22:00:00,64.3,42.7,825.0,463,49.4,17.5,29.0,37.0,0.0,115,26.0,75,6.6,292,0
2025-10-11 23:00:00,65.0,44.8,763.0,464,52.4,17.5,24.0,36.0,0.0,115,25.4,80,6.7,314,0
2025-10-12 00:00:00,64.0,44.5,645.0,463,49.9,16.6,23.0,35.0,0.0,115,25.1,80,6.7,341,0
2025-10-12 01:00:00,61.2,42.4,490.0,461,43.8,15.4,25.0,34.0,0.0,115,24.8,82,7.8,338,0
2025-10-12 02:00:00,58.2,39.7,365.0,459,37.1,14.3,29.0,33.0,0.0,115,24.5,84,8.6,329,0
2025-10-12 03:00:00,55.5,36.8,255.0,458,29.2,13.3,36.0,33.0,0.0,114,24.2,85,7.3,340,0
2025-10-12 04:00:00,52.7,33.6,176.0,457,20.8,12.3,44.0,34.0,0.0,114,23.9,86,6.3,360,0
2025-10-12 05:00:00,52.2,33.2,246.0,458,20.0,13.2,43.0,33.0,0.0,114,23.5,90,5.6,360,0
2025-10-12 06:00:00,51.2,32.0,640.0,463,25.4,13.6,38.0,32.0,0.0,114,23.7,89,5.5,347,0
2025-10-12 07:00:00,53.9,35.0,1183.0,470,32.5,14.4,32.0,31.0,0.15,113,23.6,88,4.8,335,0
2025-10-12 08:00:00,57.2,39.3,1467.0,472,34.9,16.3,39.0,32.0,0.95,112,24.9,80,3.7,321,0
2025-10-12 09:00:00,63.8,38.8,1229.0,466,27.9,20.8,69.0,37.0,2.55,112,27.4,64,4.9,324,0
2025-10-12 10:00:00,68.7,39.6,732.0,456,16.2,26.5,111.0,43.0,4.7,112,30.1,42,5.1,306,0
2025-10-12 11:00:00,60.5,34.6,352.0,448,7.3,29.8,144.0,49.0,6.5,112,31.5,34,5.8,265,0
2025-10-12 12:00:00,61.2,32.8,251.0,446,4.3,28.7,160.0,53.0,7.3,111,32.5,30,6.9,245,0
2025-10-12 13:00:00,63.6,32.9,268.0,446,4.1,25.2,168.0,57.0,6.7,110,33.0,28,8.8,237,0
2025-10-12 14:00:00,63.8,33.4,298.0,447,4.7,22.5,171.0,58.0,5.0,109,33.1,26,10.6,235,6
2025-10-12 15:00:00,62.9,34.0,297.0,447,4.9,22.0,171.0,57.0,2.95,108,33.0,24,11.0,238,9
2025-10-12 16:00:00,61.7,34.5,309.0,447,6.0,22.2,166.0,53.0,1.25,107,32.5,23,10.0,247,4
2025-10-12 17:00:00,66.8,38.5,365.0,448,9.5,22.6,155.0,54.0,0.3,113,32.0,21,9.3,262,1
2025-10-12 18:00:00,62.4,41.2,508.0,451,17.3,20.9,128.0,47.0,0.0,132,30.5,31,8.7,278,0
2025-10-12 19:00:00,59.8,43.3,695.0,456,28.2,18.5,91.0,37.0,0.0,135,28.6,47,8.6,292,0
2025-10-12 20:00:00,60.1,43.8,822.0,459,36.5,16.7,63.0,30.0,0.0,124,27.6,56,6.8,295,0
2025-10-12 21:00:00,60.8,44.7,847.0,461,40.3,16.0,53.0,28.0,0.0,106,26.9,63,7.1,286,0
2025-10-12 22:00:00,61.5,45.8,812.0,462,41.5,15.9,52.0,29.0,0.0,107,26.4,65,6.9,276,0
2025-10-12 23:00:00,62.9,46.8,738.0,462,40.9,15.5,53.0,29.0,0.0,107,25.7,72,6.3,288,0
2025-10-13 00:00:00,63.6,47.6,604.0,460,38.2,14.5,52.0,27.0,0.0,107,25.2,76,7.0,310,0
2025-10-13 01:00:00,61.0,46.9,430.0,456,33.6,13.3,53.0,25.0,0.0,108,24.5,82,7.3,322,0
2025-10-13 02:00:00,56.9,44.0,299.0,454,28.6,12.2,55.0,23.0,0.0,108,24.2,86,7.6,332,0
2025-10-13 03:00:00,54.0,41.2,200.0,454,22.2,11.2,61.0,23.0,0.0,108,24.0,90,7.7,332,0
2025-10-13 04:00:00,52.0,38.8,142.0,455,15.3,10.3,68.0,23.0,0.0,109,23.8,90,8.2,334,0
2025-10-13 05:00:00,50.8,36.9,240.0,457,13.0,9.9,70.0,24.0,0.0,109,23.5,88,7.4,342,0
2025-10-13 06:00:00,50.1,36.0,679.0,463,20.1,10.8,62.0,23.0,0.0,110,23.2,88,6.6,339,0
2025-10-13 07:00:00,52.4,38.2,1274.0,470,29.4,12.2,52.0,23.0,0.15,110,23.2,87,5.4,334,0
2025-10-13 08:00:00,54.2,41.3,1576.0,473,33.4,13.8,53.0,23.0,0.95,111,24.8,79,3.6,340,0
2025-10-13 09:00:00,55.1,36.8,1293.0,466,26.8,15.9,76.0,25.0,2.6,111,27.5,65,5.1,293,0
2025-10-13 10:00:00,49.5,33.3,717.0,455,14.9,18.3,110.0,27.0,4.75,111,30.0,47,7.3,277,0
2025-10-13 11:00:00,47.0,31.3,284.0,447,5.9,19.8,137.0,29.0,6.6,110,31.6,36,9.7,254,0
2025-10-13 12:00:00,43.9,28.9,180.0,445,3.2,19.8,150.0,29.0,7.45,110,32.2,34,10.9,248,0
2025-10-13 13:00:00,42.1,28.0,218.0,446,3.4,18.9,156.0,27.0,6.9,109,32.5,32,12.2,245,0
2025-10-13 14:00:00,42.3,28.5,269.0,447,4.4,18.4,158.0,26.0,5.15,109,32.3,32,13.0,243,5
2025-10-13 15:00:00,42.6,29.2,280.0,447,5.3,18.9,157.0,25.0,3.05,108,32.0,32,12.8,244,12
2025-10-13 16:00:00,42.7,29.7,304.0,447,6.9,19.8,151.0,24.0,1.25,108,31.3,34,12.7,249,1
2025-10-13 17:00:00,54.5,38.0,374.0,448,10.3,21.6,138.0,30.0,0.3,107,30.8,35,10.8,259,1
2025-10-13 18:00:00,54.0,40.0,534.0,451,16.6,20.3,116.0,27.0,0.0,113,29.8,42,8.5,272,0
2025-10-13 19:00:00,53.8,42.0,740.0,456,25.6,18.6,85.0,23.0,0.0,114,28.6,53,6.0,277,0
2025-10-13 20:00:00,54.0,42.5,896.0,460,34.0,17.4,60.0,20.0,0.0,107,27.7,61,5.1,288,0
2025-10-13 21:00:00,54.9,44.1,979.0,464,41.8,17.5,46.0,19.0,0.0,107,27.0,65,4.4,279,0
2025-10-13 22:00:00,57.0,46.6,1012.0,468,49.0,18.2,37.0,18.0,0.0,107,26.2,70,6.2,291,0
2025-10-13 23:00:00,59.6,49.0,962.0,470,52.2,18.4,32.0,18.0,0.0,107,25.4,76,6.4,292,0
2025-10-14 00:00:00,60.1,49.9,767.0,468,49.2,17.5,32.0,17.0,0.0,107,25.0,78,7.7,309,0
2025-10-14 01:00:00,56.8,47.5,488.0,463,42.3,16.0,36.0,17.0,0.0,107,24.4,80,7.8,328,0
2025-10-14 02:00:00,53.3,44.0,281.0,460,34.8,14.5,42.0,16.0,0.0,107,24.2,80,8.0,329,0
2025-10-14 03:00:00,50.2,40.5,182.0,458,26.2,12.9,51.0,16.0,0.0,107,24.1,79,8.6,324,0
2025-10-14 04:00:00,47.4,37.8,155.0,458,17.0,11.3,62.0,16.0,0.0,107,23.9,81,9.5,333,0
2025-10-14 05:00:00,47.1,37.6,239.0,458,15.6,11.7,60.0,16.0,0.0,107,23.5,86,8.9,346,0
2025-10-14 06:00:00,46.9,37.1,556.0,461,22.8,12.4,53.0,16.0,0.0,107,23.5,88,8.8,345,0
2025-10-14 07:00:00,50.4,40.3,984.0,465,32.3,13.5,45.0,16.0,0.15,107,23.6,88,8.6,340,0
2025-10-14 08:00:00,54.0,44.6,1205.0,466,36.1,14.8,49.0,17.0,0.95,107,25.1,80,6.2,339,0
2025-10-14 09:00:00,55.6,41.6,1007.0,461,28.7,16.5,75.0,18.0,2.55,108,27.6,67,7.9,325,0
2025-10-14 10:00:00,49.1,35.0,602.0,454,15.6,18.4,112.0,20.0,4.7,108,30.0,49,8.4,315,0
2025-10-14 11:00:00,38.3,27.8,299.0,448,5.8,19.7,142.0,20.0,6.6,109,32.0,34,7.5,300,0
2025-10-14 12:00:00,34.0,25.0,236.0,447,2.9,19.7,156.0,19.0,7.4,108,33.0,28,5.9,270,0
2025-10-14 13:00:00,33.2,25.0,276.0,447,3.3,19.0,163.0,17.0,6.8,108,33.5,27,8.3,246,0
2025-10-14 14:00:00,33.6,25.8,319.0,448,4.4,18.6,165.0,15.0,5.15,107,33.4,29,11.5,235,3
2025-10-14 15:00:00,34.3,26.5,317.0,448,5.1,19.0,164.0,15.0,3.05,107,32.9,29,13.6,235,36
2025-10-14 16:00:00,34.6,26.8,318.0,447,6.5,19.6,158.0,15.0,1.3,107,32.0,30,13.6,259,2
2025-10-14 17:00:00,34.1,26.9,365.0,448,8.8,19.7,148.0,13.0,0.3,108,30.9,34,10.6,266,0
2025-10-14 18:00:00,38.3,31.2,513.0,451,16.3,18.6,124.0,12.0,0.0,123,29.0,56,10.5,266,0
2025-10-14 19:00:00,41.1,34.6,706.0,455,26.6,17.0,91.0,12.0,0.0,126,27.8,67,8.9,277,0
2025-10-14 20:00:00,41.0,34.7,819.0,458,34.2,15.7,66.0,11.0,0.0,115,27.1,72,8.4,286,0
2025-10-14 21:00:00,40.5,34.5,786.0,458,36.6,15.1,59.0,11.0,0.0,103,26.5,74,7.7,298,0
2025-10-14 22:00:00,40.4,34.5,672.0,457,36.2,14.8,60.0,10.0,0.0,102,26.4,70,8.3,284,0
2025-10-14 23:00:00,40.7,34.7,551.0,456,34.6,14.3,62.0,10.0,0.0,101,25.8,73,7.9,291,0
2025-10-15 00:00:00,40.4,34.3,432.0,455,32.2,13.3,61.0,9.0,0.0,99,25.6,72,8.6,311,0
2025-10-15 01:00:00,39.5,33.9,306.0,454,28.5,12.2,61.0,8.0,0.0,98,24.9,77,8.8,332,0
2025-10-15 02:00:00,37.5,32.6,219.0,453,24.6,11.2,62.0,8.0,0.0,97,24.5,78,9.2,332,0
2025-10-15 03:00:00,35.6,30.6,159.0,452,19.3,10.4,66.0,8.0,0.0,96,24.1,79,8.8,340,0
2025-10-15 04:00:00,34.3,29.1,138.0,451,13.6,9.8,71.0,9.0,0.0,95,23.5,84,9.1,350,0
2025-10-15 05:00:00,33.9,28.1,237.0,451,10.7,9.3,75.0,9.0,0.0,94,23.6,86,10.0,342,0
2025-10-15 06:00:00,34.2,28.2,602.0,455,17.4,9.9,66.0,9.0,0.0,93,23.7,82,9.9,335,0
2025-10-15 07:00:00,36.9,30.7,1088.0,461,26.2,10.7,56.0,9.0,0.15,92,23.9,76,9.0,338,0
2025-10-15 08:00:00,39.3,34.2,1338.0,464,30.2,12.2,57.0,9.0,0.95,92,25.3,66,6.7,336,0
2025-10-15 09:00:00,37.8,31.0,1118.0,460,24.5,15.0,80.0,9.0,2.6,91,28.0,50,7.6,335,0
2025-10-15 10:00:00,32.0,26.1,663.0,453,14.0,18.3,116.0,9.0,4.8,90,30.6,33,9.8,332,0
2025-10-15 11:00:00,26.1,21.7,324.0,448,6.0,20.5,144.0,8.0,6.65,89,32.4,26,9.0,323,0
2025-10-15 12:00:00,21.0,17.7,253.0,447,3.6,20.2,158.0,7.0,7.4,88,33.5,22,5.5,314,0
2025-10-15 13:00:00,20.3,17.5,298.0,448,3.7,18.7,166.0,6.0,6.85,88,34.1,20,4.5,268,0
2025-10-15 14:00:00,21.1,18.4,348.0,449,4.6,17.9,170.0,5.0,5.15,87,34.2,21,9.3,252,0
2025-10-15 15:00:00,22.3,19.6,364.0,449,5.0,18.8,174.0,5.0,3.05,86,33.9,23,13.4,259,2
2025-10-15 16:00:00,23.3,20.5,385.0,449,6.2,20.3,173.0,5.0,1.3,93,33.0,25,15.7,265,3
2025-10-15 17:00:00,28.6,25.4,422.0,450,10.1,21.5,166.0,6.0,0.3,118,31.2,32,15.7,274,2
2025-10-15 18:00:00,37.0,34.3,490.0,452,20.6,20.8,137.0,6.0,0.0,136,29.4,43,11.7,290,0
2025-10-15 19:00:00,41.6,38.6,574.0,455,35.1,19.8,96.0,5.0,0.0,140,28.0,55,9.8,306,0
2025-10-15 20:00:00,41.0,37.8,643.0,457,45.3,18.9,66.0,5.0,0.0,130,27.2,63,11.3,309,0
2025-10-15 21:00:00,41.0,37.8,702.0,459,47.9,18.5,55.0,5.0,0.0,111,26.8,62,9.8,313,0
2025-10-15 22:00:00,41.1,38.2,746.0,462,46.3,18.4,53.0,4.0,0.0,87,26.4,61,7.8,326,0
2025-10-15 23:00:00,41.0,38.2,730.0,463,42.6,17.8,55.0,4.0,0.0,87,25.7,65,7.8,338,0
2025-10-16 00:00:00,39.6,37.0,603.0,462,36.5,16.5,58.0,4.0,0.0,87,25.6,68,7.9,325,0
2025-10-16 01:00:00,36.3,34.0,416.0,460,28.4,14.8,65.0,3.0,0.0,87,25.1,74,8.6,323,0
2025-10-16 02:00:00,32.8,30.6,280.0,459,21.4,13.3,71.0,3.0,0.0,87,24.7,77,9.7,332,0
2025-10-16 03:00:00,29.9,27.6,209.0,459,15.5,12.0,77.0,3.0,0.0,87,24.8,70,10.2,334,0
2025-10-16 04:00:00,27.6,25.4,189.0,460,10.7,10.9,82.0,3.0,0.0,87,24.8,60,10.2,332,0
2025-10-16 05:00:00,28.8,26.7,283.0,462,14.0,11.9,74.0,3.0,0.0,86,24.4,58,8.8,332,0
2025-10-16 06:00:00,27.9,25.8,615.0,467,24.1,12.9,64.0,3.0,0.0,86,24.2,52,8.5,335,0
2025-10-16 07:00:00,30.6,28.5,1061.0,472,37.4,14.4,51.0,3.0,0.15,86,24.3,46,8.7,339,0
2025-10-16 08:00:00,36.1,34.3,1312.0,475,43.4,16.6,52.0,3.0,0.95,86,26.0,39,7.1,330,0
2025-10-16 09:00:00,33.6,31.0,1178.0,472,34.8,20.3,79.0,4.0,2.55,86,28.7,32,5.6,339,0
2025-10-16 10:00:00,29.7,25.8,848.0,466,18.9,24.6,120.0,6.0,4.65,86,31.6,27,5.7,347,0
2025-10-16 11:00:00,23.1,19.2,584.0,461,6.9,26.9,152.0,8.0,6.45,86,33.8,19,2.4,42,0
2025-10-16 12:00:00,22.6,18.4,488.0,458,3.4,25.5,168.0,9.0,7.25,86,34.7,18,6.2,144,0
2025-10-16 13:00:00,23.7,19.2,458.0,456,3.8,22.1,176.0,9.0,6.7,86,34.8,20,8.9,174,0
2025-10-16 14:00:00,24.5,19.7,446.0,454,5.0,19.7,179.0,9.0,5.05,86,34.7,22,10.7,203,0
2025-10-16 15:00:00,25.0,20.1,428.0,453,5.0,19.5,180.0,9.0,3.0,86,34.5,23,11.9,229,0
2025-10-16 16:00:00,25.4,20.6,429.0,452,5.9,20.2,177.0,9.0,1.25,102,33.9,24,13.1,254,0
2025-10-16 17:00:00,25.7,21.7,471.0,453,10.6,22.1,167.0,8.0,0.3,128,32.8,26,11.7,272,0
2025-10-16 18:00:00,36.0,32.6,590.0,455,22.3,21.2,137.0,7.0,0.0,147,31.6,29,9.3,295,0
2025-10-16 19:00:00,40.9,38.0,751.0,458,38.6,20.0,96.0,6.0,0.0,151,30.2,35,7.3,300,0
2025-10-16 20:00:00,41.8,38.6,872.0,462,50.8,19.3,64.0,5.0,0.0,139,28.7,44,6.9,309,0
2025-10-16 21:00:00,43.7,39.9,931.0,466,55.4,19.5,52.0,5.0,0.0,117,27.9,49,7.3,324,0
2025-10-16 22:00:00,45.9,41.9,949.0,471,56.0,20.2,50.0,6.0,0.0,90,27.5,52,8.0,335,0
2025-10-16 23:00:00,48.5,44.2,909.0,474,55.3,20.5,48.0,7.0,0.0,86,26.6,54,6.8,2,0
2025-10-17 00:00:00,51.8,47.1,772.0,474,54.7,20.1,43.0,7.0,0.0,87,26.2,54,6.2,334,0
2025-10-17 01:00:00,52.6,47.8,576.0,473,52.9,19.3,39.0,8.0,0.0,87,25.6,57,4.3,345,0
2025-10-17 02:00:00,50.5,45.9,425.0,472,48.4,18.3,40.0,8.0,0.0,89,24.9,60,3.6,354,0
2025-10-17 03:00:00,46.2,41.7,324.0,473,37.8,16.8,51.0,8.0,0.0,90,24.1,63,6.2,339,0
2025-10-17 04:00:00,41.2,36.8,268.0,475,24.4,15.1,67.0,7.0,0.0,91,24.0,60,8.2,341,0
2025-10-17 05:00:00,38.0,33.5,339.0,478,19.2,14.7,74.0,7.0,0.0,92,24.5,52,8.7,342,0
2025-10-17 06:00:00,36.0,31.7,685.0,483,27.6,15.2,66.0,6.0,0.0,93,24.0,50,8.8,343,0
2025-10-17 07:00:00,38.3,34.1,1159.0,488,38.6,16.1,58.0,6.0,0.15,93,23.9,47,9.4,347,0
2025-10-17 08:00:00,42.3,38.8,1405.0,489,43.1,17.7,61.0,6.0,0.95,94,25.8,40,8.7,355,0
2025-10-17 09:00:00,40.6,36.0,1193.0,481,34.6,21.0,89.0,7.0,2.6,94,29.0,32,7.0,356,0
2025-10-17 10:00:00,36.3,30.5,753.0,467,19.6,24.9,129.0,9.0,4.75,95,32.0,25,7.8,355,0
2025-10-17 11:00:00,31.2,24.8,416.0,457,8.1,27.0,160.0,12.0,6.6,95,33.7,20,6.5,347,0
2025-10-17 12:00:00,31.1,19.7,317.0,453,4.4,25.3,173.0,17.0,7.35,96,34.7,18,2.4,297,0
2025-10-17 13:00:00,32.0,19.3,322.0,451,4.2,21.8,178.0,22.0,6.8,96,35.0,17,3.7,215,0
2025-10-17 14:00:00,32.7,19.4,359.0,451,5.2,19.4,179.0,26.0,5.1,96,35.2,18,6.7,211,0
2025-10-17 15:00:00,33.4,19.7,407.0,451,5.7,19.8,180.0,27.0,3.05,96,35.1,19,8.4,208,0
2025-10-17 16:00:00,33.8,20.3,487.0,453,7.3,21.4,177.0,26.0,1.25,111,34.0,22,13.0,226,0
2025-10-17 17:00:00,28.2,17.7,590.0,456,13.2,22.2,166.0,20.0,0.3,136,32.3,24,14.1,240,0
2025-10-17 18:00:00,34.5,28.1,738.0,460,24.2,21.1,137.0,16.0,0.0,151,31.0,28,8.7,284,0
2025-10-17 19:00:00,36.9,32.8,909.0,466,39.5,19.6,98.0,9.0,0.0,153,29.6,39,10.8,267,0
2025-10-17 20:00:00,37.8,34.5,1029.0,471,51.6,18.9,67.0,5.0,0.0,140,28.8,42,7.1,276,0
2025-10-17 21:00:00,39.8,36.6,1082.0,476,57.9,19.9,54.0,4.0,0.0,118,28.0,45,6.4,302,0
2025-10-17 22:00:00,43.0,39.5,1084.0,480,61.0,21.7,51.0,5.0,0.0,94,27.4,49,6.9,303,0
2025-10-17 23:00:00,47.3,43.2,1006.0,481,60.7,22.6,50.0,6.0,0.0,94,26.5,54,5.4,326,0
2025-10-18 00:00:00,49.8,45.4,782.0,476,56.0,21.9,50.0,6.0,0.0,94,25.5,61,7.6,333,0
2025-10-18 01:00:00,48.1,43.8,478.0,467,47.9,20.4,53.0,5.0,0.0,93,24.8,73,9.9,325,0
2025-10-18 02:00:00,42.0,38.3,259.0,461,39.1,18.5,58.0,5.0,0.0,93,24.6,83,10.6,328,0
2025-10-18 03:00:00,36.8,32.9,165.0,458,28.2,16.0,69.0,6.0,0.0,92,24.6,85,9.6,330,0
2025-10-18 04:00:00,33.2,29.0,157.0,458,16.7,13.2,83.0,6.0,0.0,92,24.5,84,9.2,339,0
2025-10-18 05:00:00,34.0,29.8,285.0,461,15.5,14.3,83.0,6.0,0.0,91,24.2,76,8.9,342,0
2025-10-18 06:00:00,34.0,29.5,691.0,470,25.1,14.9,72.0,6.0,0.0,91,23.7,71,8.9,342,0
2025-10-18 07:00:00,38.3,33.8,1234.0,483,37.9,16.0,58.0,6.0,0.15,90,23.2,67,8.3,346,0
2025-10-18 08:00:00,43.3,39.0,1539.0,490,43.9,17.9,58.0,7.0,0.95,90,24.6,57,7.0,350,0
2025-10-18 09:00:00,44.2,39.2,1376.0,486,36.4,21.7,84.0,10.0,2.55,90,27.8,44,4.3,343,0
2025-10-18 10:00:00,41.2,34.6,975.0,476,22.0,26.3,124.0,13.0,4.65,91,31.2,30,4.1,331,0
2025-10-18 11:00:00,35.7,27.3,654.0,467,10.8,29.3,157.0,16.0,6.45,91,33.8,22,4.0,288,0
2025-10-18 12:00:00,34.5,22.8,540.0,462,6.5,29.1,174.0,18.0,7.2,91,34.9,18,3.6,229,0
2025-10-18 13:00:00,35.2,23.4,507.0,458,5.4,27.2,185.0,20.0,6.6,92,35.2,20,7.7,219,0
2025-10-18 14:00:00,35.7,24.7,493.0,456,5.8,25.7,189.0,21.0,4.95,92,35.2,22,11.4,221,0
2025-10-18 15:00:00,36.2,25.7,459.0,454,6.8,25.8,190.0,21.0,2.9,92,34.5,24,14.8,231,0
2025-10-18 16:00:00,36.4,26.3,444.0,453,9.4,26.4,186.0,19.0,1.2,113,33.7,23,13.5,245,0
2025-10-18 17:00:00,30.4,24.2,504.0,455,17.7,26.4,169.0,12.0,0.3,141,32.5,28,10.1,250,0
2025-10-18 18:00:00,35.6,31.1,718.0,462,28.4,24.1,137.0,11.0,0.0,157,30.0,52,9.4,263,0
2025-10-18 19:00:00,38.2,34.0,1007.0,472,43.3,21.0,91.0,8.0,0.0,159,28.5,64,7.2,289,0
2025-10-18 20:00:00,38.8,34.5,1194.0,479,55.1,18.8,56.0,7.0,0.0,147,27.5,71,6.3,294,0
2025-10-18 21:00:00,39.5,34.9,1203.0,482,61.8,18.6,39.0,7.0,0.0,122,26.6,78,6.6,299,0
2025-10-18 22:00:00,40.9,36.1,1109.0,483,65.3,19.3,31.0,7.0,0.0,94,26.0,84,5.5,314,0
2025-10-18 23:00:00,42.3,37.6,966.0,482,64.2,19.3,29.0,7.0,0.0,94,25.2,86,4.8,349,0
2025-10-19 00:00:00,40.7,36.1,750.0,477,55.8,17.7,33.0,7.0,0.0,93,24.7,89,6.3,323,5
2025-10-19 01:00:00,37.6,32.6,485.0,471,42.8,15.5,43.0,8.0,0.0,93,24.1,92,8.7,326,17
2025-10-19 02:00:00,34.8,29.0,292.0,465,31.2,13.4,52.0,9.0,0.0,92,24.0,90,10.5,327,15
2025-10-19 03:00:00,33.2,26.1,191.0,461,21.6,11.5,61.0,11.0,0.0,91,24.1,90,9.9,339,6
2025-10-19 04:00:00,33.1,24.7,163.0,457,13.5,9.9,69.0,13.0,0.0,90,24.2,86,9.4,337,0
2025-10-19 05:00:00,33.1,24.8,274.0,457,12.9,9.7,68.0,14.0,0.0,90,24.4,77,9.7,332,0
2025-10-19 06:00:00,34.1,25.6,675.0,464,23.6,11.2,57.0,14.0,0.0,89,24.2,69,8.7,333,0
2025-10-19 07:00:00,39.5,31.0,1214.0,474,38.0,13.5,43.0,13.0,0.15,89,24.1,66,8.2,337,0
2025-10-19 08:00:00,44.8,36.9,1501.0,479,45.0,16.4,44.0,14.0,0.9,89,25.6,56,6.2,345,0
2025-10-19 09:00:00,45.5,35.0,1286.0,473,37.7,20.7,73.0,16.0,2.55,89,28.8,44,3.9,336,0
2025-10-19 10:00:00,42.5,29.8,819.0,462,23.2,25.7,116.0,19.0,4.65,88,31.8,31,4.7,310,0
2025-10-19 11:00:00,36.2,25.3,453.0,454,11.7,28.8,151.0,21.0,6.45,88,33.8,22,7.3,277,0
2025-10-19 12:00:00,32.4,22.5,332.0,451,7.0,28.5,168.0,21.0,7.2,88,34.7,20,8.8,268,0
2025-10-19 13:00:00,31.5,21.3,312.0,451,5.3,26.3,176.0,21.0,6.55,88,35.2,19,9.9,272,0
2025-10-19 14:00:00,32.1,21.9,321.0,451,5.4,24.4,177.0,20.0,4.85,87,35.3,19,11.3,272,0
2025-10-19 15:00:00,32.5,22.5,333.0,451,6.9,23.7,172.0,19.0,2.85,87,35.0,18,13.0,275,0
2025-10-19 16:00:00,32.5,22.9,374.0,450,10.3,23.3,160.0,17.0,1.15,96,34.2,18,13.5,286,0
2025-10-19 17:00:00,30.0,22.3,445.0,452,14.6,24.3,150.0,14.0,0.25,120,33.3,18,12.2,290,0
2025-10-19 18:00:00,31.9,26.8,574.0,456,22.3,22.4,125.0,12.0,0.0,137,31.5,27,10.5,286,0
2025-10-19 19:00:00,32.2,28.0,734.0,462,32.8,19.8,90.0,9.0,0.0,139,29.4,38,10.2,291,0
2025-10-19 20:00:00,31.7,27.5,845.0,467,41.1,17.8,63.0,7.0,0.0,126,28.0,48,8.6,293,0
2025-10-19 21:00:00,32.4,28.2,879.0,470,45.4,17.2,50.0,6.0,0.0,103,27.3,57,7.5,305,0
2025-10-19 22:00:00,33.4,29.3,864.0,472,47.4,17.3,45.0,7.0,0.0,84,26.6,68,8.3,321,0
2025-10-19 23:00:00,33.6,29.5,802.0,472,46.5,17.0,43.0,7.0,0.0,84,26.0,75,8.8,334,0
2025-10-20 00:00:00,32.6,28.2,662.0,470,41.4,15.8,45.0,7.0,0.0,83,25.8,76,9.0,331,0
2025-10-20 01:00:00,30.7,26.3,474.0,467,33.4,14.3,51.0,8.0,0.0,82,25.2,75,8.8,334,0
2025-10-20 02:00:00,28.6,24.0,331.0,464,26.0,13.0,57.0,8.0,0.0,82,24.8,73,8.9,335,0
2025-10-20 03:00:00,26.0,21.2,236.0,461,19.0,12.0,65.0,8.0,0.0,81,24.5,73,11.5,340,0
2025-10-20 04:00:00,23.9,19.0,187.0,459,12.6,11.3,73.0,8.0,0.0,81,24.6,71,10.7,340,0
2025-10-20 05:00:00,23.3,18.4,268.0,460,12.8,11.5,72.0,8.0,0.0,80,24.6,64,9.4,347,0
2025-10-20 06:00:00,23.8,18.6,627.0,468,23.9,13.1,61.0,8.0,0.0,80,24.5,59,8.9,346,0
2025-10-20 07:00:00,28.9,23.5,1116.0,478,38.7,15.4,47.0,8.0,0.15,79,24.4,54,8.8,349,0
2025-10-20 08:00:00,35.2,30.0,1375.0,483,46.1,17.9,47.0,10.0,0.9,78,26.1,41,7.7,348,0
2025-10-20 09:00:00,37.4,31.2,1176.0,476,38.8,21.1,72.0,15.0,2.45,78,29.4,30,6.2,339,0
2025-10-20 10:00:00,35.3,24.2,748.0,464,24.0,24.5,111.0,21.0,4.45,78,32.6,21,9.0,345,0
2025-10-20 11:00:00,34.0,21.4,415.0,454,12.2,26.3,143.0,24.0,6.25,77,34.2,18,9.1,333,0
2025-10-20 12:00:00,31.5,20.8,309.0,450,7.1,25.3,161.0,22.0,6.95,77,35.2,15,7.3,320,0
2025-10-20 13:00:00,28.8,20.0,298.0,450,5.1,22.7,171.0,18.0,6.4,77,35.7,14,6.2,278,0
2025-10-20 14:00:00,27.9,20.0,315.0,450,5.1,20.5,174.0,15.0,4.8,76,36.0,14,8.2,278,0
2025-10-20 15:00:00,27.6,20.0,342.0,451,7.3,19.7,168.0,14.0,2.8,76,36.0,14,11.7,284,0
2025-10-20 16:00:00,27.2,19.9,397.0,453,11.6,19.3,156.0,13.0,1.15,89,35.2,16,14.8,286,0
2025-10-20 17:00:00,23.6,18.8,460.0,455,17.0,20.3,141.0,9.0,0.25,112,32.8,22,14.1,276,0
2025-10-20 18:00:00,29.6,25.6,526.0,457,25.8,18.9,116.0,9.0,0.0,127,30.4,33,8.7,264,0
2025-10-20 19:00:00,31.4,26.9,602.0,458,38.2,17.1,82.0,9.0,0.0,128,28.9,44,8.3,268,0
2025-10-20 20:00:00,32.2,27.1,686.0,461,49.1,16.1,54.0,9.0,0.0,115,28.1,50,5.0,311,0
2025-10-20 21:00:00,33.6,27.9,812.0,466,57.9,17.1,37.0,9.0,0.0,92,27.7,51,3.1,3,0
2025-10-20 22:00:00,36.6,30.6,946.0,472,65.3,19.0,27.0,10.0,0.0,75,27.2,53,6.0,333,0
2025-10-20 23:00:00,40.7,35.0,990.0,476,68.1,20.0,21.0,10.0,0.0,75,26.2,60,8.1,336,0
2025-10-21 00:00:00,42.5,36.9,867.0,478,64.2,19.2,21.0,10.0,0.0,76,25.9,61,8.5,336,0
2025-10-21 01:00:00,40.4,34.5,654.0,478,55.7,17.5,26.0,10.0,0.0,77,25.3,61,8.4,345,0
2025-10-21 02:00:00,35.6,29.6,482.0,479,46.2,15.8,33.0,10.0,0.0,77,24.9,63,10.8,345,0
2025-10-21 03:00:00,30.5,24.3,355.0,482,34.6,13.9,42.0,10.0,0.0,78,25.3,61,10.9,340,0
2025-10-21 04:00:00,27.1,20.9,270.0,486,22.1,12.0,51.0,10.0,0.0,78,25.3,57,9.6,340,0
2025-10-21 05:00:00,24.6,18.9,347.0,491,14.0,10.5,59.0,9.0,0.0,78,24.5,60,7.3,349,0
2025-10-21 06:00:00,24.3,19.2,746.0,499,23.4,12.2,50.0,7.0,0.0,78,23.8,60,7.4,357,0
2025-10-21 07:00:00,27.5,23.4,1307.0,507,35.9,14.6,38.0,5.0,0.15,78,23.8,53,7.6,27,0
2025-10-21 08:00:00,31.2,28.5,1671.0,510,41.9,16.9,41.0,5.0,0.85,78,25.6,41,5.6,22,0
2025-10-21 09:00:00,32.4,29.9,1665.0,504,35.3,19.3,72.0,8.0,2.35,78,28.3,32,2.8,35,0
2025-10-21 10:00:00,32.9,27.1,1462.0,492,22.3,21.6,117.0,13.0,4.3,78,31.4,26,1.7,72,0
2025-10-21 11:00:00,35.3,26.8,1217.0,481,11.8,22.4,151.0,16.0,5.95,78,33.1,24,1.4,203,0
2025-10-21 12:00:00,31.7,24.4,930.0,471,7.2,20.5,164.0,17.0,6.6,79,34.7,21,1.9,221,0
2025-10-21 13:00:00,31.2,23.9,602.0,461,5.1,17.2,166.0,16.0,5.9,79,35.3,19,4.1,236,0
2025-10-21 14:00:00,31.8,23.6,386.0,454,4.8,14.8,163.0,16.0,4.25,79,35.9,18,5.9,247,0
2025-10-21 15:00:00,32.1,23.1,344.0,453,4.5,13.9,159.0,17.0,2.25,80,36.0,18,6.3,250,9
2025-10-21 16:00:00,32.0,22.4,415.0,455,6.0,14.0,149.0,18.0,0.8,86,35.3,22,8.7,249,11
2025-10-21 17:00:00,30.3,21.2,572.0,459,12.9,14.6,132.0,17.0,0.25,109,33.3,32,11.2,248,1
2025-10-21 18:00:00,45.1,37.7,897.0,467,35.7,18.1,101.0,16.0,0.0,122,31.8,37,9.5,259,0
2025-10-21 19:00:00,56.5,49.9,1307.0,477,67.0,23.1,58.0,13.0,0.0,119,30.9,40,8.3,286,0
2025-10-21 20:00:00,63.8,56.9,1529.0,483,88.7,28.2,26.0,12.0,0.0,99,30.6,36,8.3,326,0
2025-10-21 21:00:00,74.7,67.3,1394.0,482,92.0,34.4,16.0,12.0,0.0,86,30.2,33,8.5,358,0
2025-10-21 22:00:00,79.2,71.7,1070.0,476,85.7,40.8,17.0,12.0,0.0,90,29.2,33,7.8,19,0
2025-10-21 23:00:00,75.7,68.7,791.0,472,79.0,42.9,19.0,12.0,0.0,93,28.4,36,5.8,26,0
2025-10-22 00:00:00,65.9,60.5,639.0,470,76.1,37.0,18.0,11.0,0.0,96,28.0,37,6.3,7,0
2025-10-22 01:00:00,54.0,49.2,531.0,470,72.7,26.9,18.0,11.0,0.0,98,27.1,39,7.0,359,0
2025-10-22 02:00:00,45.5,39.5,453.0,469,65.2,19.0,25.0,11.0,0.0,100,26.8,41,7.0,360,0
2025-10-22 03:00:00,42.8,34.9,373.0,468,48.1,16.0,46.0,13.0,0.0,101,26.5,42,8.4,11,0
2025-10-22 04:00:00,43.2,33.6,322.0,467,26.8,15.3,73.0,16.0,0.0,102,26.4,41,9.7,22,0
2025-10-22 05:00:00,44.1,34.7,379.0,467,13.9,15.5,88.0,18.0,0.0,103,26.6,40,11.3,18,0
2025-10-22 06:00:00,43.9,35.0,670.0,471,21.3,16.7,81.0,16.0,0.0,105,26.2,41,11.9,22,0
2025-10-22 07:00:00,45.6,37.1,1070.0,476,31.0,18.3,73.0,14.0,0.1,106,26.1,41,11.4,25,0
2025-10-22 08:00:00,48.4,41.3,1282.0,477,35.4,19.2,75.0,13.0,0.8,108,27.2,39,10.6,23,0
2025-10-22 09:00:00,48.8,39.8,1118.0,472,29.1,19.0,98.0,15.0,2.3,109,29.8,33,8.1,24,0
2025-10-22 10:00:00,47.1,36.6,765.0,463,17.4,18.1,131.0,18.0,4.35,110,33.0,26,9.5,27,0
2025-10-22 11:00:00,41.4,30.7,489.0,456,8.2,16.8,155.0,20.0,6.15,111,34.5,22,11.8,29,0
2025-10-22 12:00:00,34.1,24.6,393.0,453,4.7,14.7,162.0,19.0,6.95,112,35.3,20,13.0,25,0
2025-10-22 13:00:00,31.1,23.0,374.0,452,3.8,12.1,160.0,16.0,6.45,112,36.0,18,13.1,25,0
2025-10-22 14:00:00,29.5,22.2,385.0,451,4.2,10.3,156.0,14.0,4.85,112,36.4,17,13.0,33,0
2025-10-22 15:00:00,29.0,21.9,402.0,450,4.6,9.7,154.0,13.0,2.85,111,36.5,16,12.9,47,0
2025-10-22 16:00:00,29.1,22.1,450.0,450,6.2,9.8,151.0,13.0,1.15,111,36.0,16,12.2,64,0
2025-10-22 17:00:00,34.5,27.2,553.0,451,11.5,10.4,142.0,14.0,0.25,115,35.5,16,12.2,71,0
2025-10-22 18:00:00,40.6,35.3,775.0,456,23.5,11.2,120.0,12.0,0.0,124,34.5,18,12.0,72,0
2025-10-22 19:00:00,44.9,40.4,1054.0,463,40.1,12.4,88.0,10.0,0.0,122,33.5,21,12.9,60,0
2025-10-22 20:00:00,46.4,41.6,1223.0,468,52.9,13.4,63.0,9.0,0.0,111,32.5,24,9.8,41,0
2025-10-22 21:00:00,48.1,42.5,1191.0,470,58.3,14.4,50.0,10.0,0.0,109,31.2,26,8.5,7,0
2025-10-22 22:00:00,51.6,44.9,1051.0,471,60.1,15.2,42.0,13.0,0.0,106,30.2,29,8.3,27,0
2025-10-22 23:00:00,57.0,49.5,912.0,471,60.7,15.5,35.0,14.0,0.0,104,29.2,33,7.2,37,0
2025-10-23 00:00:00,60.8,52.9,809.0,471,62.1,14.8,25.0,13.0,0.0,102,28.5,34,6.1,30,0
2025-10-23 01:00:00,59.4,52.4,708.0,471,62.4,13.5,17.0,11.0,0.0,101,27.4,37,6.9,6,0
2025-10-23 02:00:00,53.7,48.3,617.0,472,58.8,12.5,16.0,10.0,0.0,101,26.3,40,7.3,11,0
2025-10-23 03:00:00,46.3,41.1,493.0,473,47.0,12.1,30.0,10.0,0.0,102,25.6,42,8.5,13,0
2025-10-23 04:00:00,40.6,35.4,380.0,475,31.3,12.1,51.0,10.0,0.0,103,25.0,43,9.0,3,0
2025-10-23 05:00:00,39.7,34.1,416.0,478,25.0,12.6,59.0,10.0,0.0,103,24.4,47,9.3,342,0
2025-10-23 06:00:00,37.5,31.9,770.0,484,31.0,13.9,57.0,9.0,0.0,103,24.5,46,9.5,359,0
2025-10-23 07:00:00,39.7,34.0,1273.0,492,38.9,15.7,56.0,8.0,0.1,103,24.8,44,9.8,8,0
2025-10-23 08:00:00,43.5,38.0,1559.0,494,41.5,17.4,65.0,10.0,0.8,102,26.0,41,9.7,18,0
2025-10-23 09:00:00,46.7,41.1,1417.0,487,33.8,19.3,93.0,19.0,2.3,102,28.8,34,6.4,22,0
2025-10-23 10:00:00,49.2,38.6,1058.0,474,20.9,21.1,130.0,31.0,4.3,102,32.3,26,6.4,25,0
2025-10-23 11:00:00,56.7,35.5,751.0,463,10.7,21.6,158.0,41.0,6.1,102,34.5,20,5.2,63,0
2025-10-23 12:00:00,59.3,30.4,577.0,456,6.2,19.6,168.0,45.0,6.9,103,35.5,17,4.0,111,0
2025-10-23 13:00:00,53.8,26.9,456.0,451,4.6,16.2,168.0,47.0,6.35,103,36.0,14,3.1,156,0
2025-10-23 14:00:00,47.8,24.2,411.0,449,4.9,13.8,165.0,46.0,4.8,104,36.0,14,5.1,198,0
2025-10-23 15:00:00,43.2,22.3,474.0,450,4.6,12.8,163.0,42.0,2.8,104,34.8,27,11.3,224,0
2025-10-23 16:00:00,39.2,21.2,613.0,453,6.4,12.7,159.0,35.0,1.15,104,34.5,28,11.2,235,0
2025-10-23 17:00:00,27.6,15.7,766.0,457,12.2,13.4,142.0,23.0,0.25,123,33.8,26,12.7,240,0
2025-10-23 18:00:00,41.0,32.1,913.0,462,42.6,17.2,108.0,21.0,0.0,133,32.5,26,9.7,270,0
2025-10-23 19:00:00,54.0,45.5,1072.0,469,84.1,22.4,61.0,18.0,0.0,128,31.1,28,6.6,281,0
2025-10-23 20:00:00,62.4,54.0,1238.0,477,112.4,26.8,26.0,15.0,0.0,108,29.6,34,6.4,281,0
2025-10-23 21:00:00,66.8,59.1,1454.0,489,114.9,30.0,16.0,14.0,0.0,104,28.8,40,7.1,297,0
2025-10-23 22:00:00,65.7,58.8,1676.0,502,104.2,32.4,19.0,13.0,0.0,106,28.0,43,6.9,330,0
2025-10-23 23:00:00,63.1,57.0,1765.0,511,93.0,32.7,22.0,12.0,0.0,107,27.1,45,4.0,333,0
2025-10-24 00:00:00,60.5,54.9,1632.0,512,85.1,29.6,20.0,11.0,0.0,108,27.1,42,5.7,347,0
2025-10-24 01:00:00,57.3,52.3,1366.0,508,76.7,24.5,19.0,9.0,0.0,108,26.1,45,7.0,10,0
2025-10-24 02:00:00,53.7,49.4,1096.0,503,69.8,20.3,18.0,8.0,0.0,108,25.5,46,7.5,8,0
2025-10-24 03:00:00,49.1,45.8,794.0,498,65.3,17.8,17.0,7.0,0.0,108,25.0,45,8.8,360,0
2025-10-24 04:00:00,41.7,38.9,487.0,493,62.1,16.1,17.0,6.0,0.0,109,24.7,44,10.4,352,0
2025-10-24 05:00:00,36.9,34.2,389.0,490,57.1,14.3,15.0,5.0,0.0,109,24.4,47,8.6,358,0
2025-10-24 06:00:00,32.0,29.2,709.0,493,57.9,16.2,16.0,4.0,0.0,109,24.2,45,8.9,6,0
2025-10-24 07:00:00,34.5,31.8,1237.0,497,58.3,18.8,20.0,4.0,0.1,109,24.2,43,8.5,18,0
2025-10-24 08:00:00,38.9,36.6,1555.0,498,54.3,21.4,35.0,4.0,0.85,109,25.7,36,7.2,28,0
2025-10-24 09:00:00,39.1,36.6,1437.0,490,41.4,24.2,74.0,6.0,2.4,109,28.8,29,5.7,35,0
2025-10-24 10:00:00,32.4,28.5,1109.0,477,24.1,26.9,125.0,8.0,4.4,108,32.5,22,5.2,22,0
2025-10-24 11:00:00,28.5,22.5,829.0,467,10.9,27.6,164.0,11.0,6.15,107,34.6,16,3.6,96,0
2025-10-24 12:00:00,30.2,22.2,680.0,461,5.7,24.5,179.0,14.0,6.95,106,35.4,15,3.6,153,0
2025-10-24 13:00:00,31.7,22.2,579.0,457,4.8,19.4,181.0,17.0,6.45,105,35.9,14,4.4,189,0
2025-10-24 14:00:00,31.2,21.6,531.0,455,5.3,15.4,178.0,19.0,4.9,104,36.0,15,6.7,218,0
2025-10-24 15:00:00,29.7,20.6,496.0,453,3.2,13.4,175.0,19.0,2.85,104,36.0,17,8.6,240,0
2025-10-24 16:00:00,28.4,19.8,514.0,452,2.6,12.4,167.0,17.0,1.15,104,35.3,21,8.7,257,0
2025-10-24 17:00:00,25.1,18.2,710.0,455,12.7,12.3,144.0,13.0,0.25,131,34.3,22,10.9,258,0
2025-10-24 18:00:00,37.6,32.0,1258.0,466,43.4,16.1,109.0,12.0,0.0,146,32.5,28,11.4,263,0
2025-10-24 19:00:00,49.2,44.1,1983.0,481,85.3,21.5,60.0,10.0,0.0,142,30.9,30,10.1,287,0
2025-10-24 20:00:00,55.6,50.9,2491.0,494,114.5,26.2,25.0,9.0,0.0,120,29.8,31,8.0,320,0
2025-10-24 21:00:00,59.8,55.4,2625.0,505,118.9,30.1,16.0,9.0,0.0,104,28.9,35,7.5,316,0
2025-10-24 22:00:00,61.0,56.9,2541.0,515,110.6,33.4,19.0,8.0,0.0,103,28.2,37,6.7,324,0
2025-10-24 23:00:00,60.3,56.3,2310.0,519,101.1,34.1,23.0,8.0,0.0,103,27.8,37,5.5,32,0
2025-10-25 00:00:00,58.0,54.2,1868.0,514,94.5,30.2,22.0,7.0,0.0,103,27.9,33,6.3,15,0
2025-10-25 01:00:00,53.0,49.6,1280.0,504,86.9,23.7,20.0,6.0,0.0,103,26.4,35,6.5,5,0
2025-10-25 02:00:00,46.7,43.8,809.0,495,77.8,18.5,22.0,5.0,0.0,103,24.8,39,8.8,1,0
2025-10-25 03:00:00,39.1,36.4,517.0,491,65.3,16.2,29.0,5.0,0.0,102,24.9,37,10.8,350,0
2025-10-25 04:00:00,32.8,30.3,342.0,488,51.3,15.2,39.0,5.0,0.0,101,25.5,34,11.0,4,0
2025-10-25 05:00:00,28.0,25.3,363.0,487,36.7,12.5,50.0,5.0,0.0,100,25.0,37,9.4,24,0
2025-10-25 06:00:00,26.5,23.9,746.0,490,41.1,13.7,45.0,5.0,0.0,99,25.0,35,9.5,27,0
2025-10-25 07:00:00,29.6,27.0,1324.0,495,46.7,15.4,39.0,5.0,0.1,99,25.1,33,9.5,27,0
2025-10-25 08:00:00,33.9,31.3,1680.0,496,47.0,16.8,46.0,5.0,0.85,98,26.1,31,8.1,25,0
2025-10-25 09:00:00,37.5,35.2,1595.0,489,36.8,17.9,77.0,5.0,2.45,98,29.2,26,8.0,16,0
2025-10-25 10:00:00,31.0,26.0,1286.0,477,21.4,18.6,121.0,6.0,4.55,98,32.7,20,6.0,37,0
2025-10-25 11:00:00,21.4,17.8,991.0,467,9.5,18.4,154.0,7.0,6.4,98,34.8,16,5.1,73,0
2025-10-25 12:00:00,18.1,14.7,759.0,460,5.0,16.5,165.0,8.0,7.2,97,35.8,14,5.3,108,0
2025-10-25 13:00:00,19.3,15.0,541.0,454,4.2,13.6,165.0,9.0,6.7,97,36.2,13,3.6,147,0
2025-10-25 14:00:00,20.1,15.0,420.0,450,4.5,11.3,162.0,10.0,5.05,96,36.2,13,2.7,188,0
2025-10-25 15:00:00,20.3,14.7,402.0,449,4.0,10.0,159.0,10.0,2.95,95,36.0,16,4.8,217,0
2025-10-25 16:00:00,20.6,14.9,483.0,450,4.7,9.4,154.0,10.0,1.2,95,35.5,21,5.5,221,0
2025-10-25 17:00:00,24.6,18.0,732.0,456,9.6,8.7,138.0,13.0,0.25,113,34.5,25,6.9,229,0
2025-10-25 18:00:00,26.9,22.4,1366.0,470,19.7,9.3,115.0,11.0,0.0,126,33.0,30,9.2,253,0
2025-10-25 19:00:00,28.9,25.2,2168.0,489,33.4,10.2,84.0,9.0,0.0,124,32.0,26,9.7,281,0
2025-10-25 20:00:00,29.9,26.4,2561.0,499,43.2,10.9,61.0,7.0,0.0,109,31.4,25,9.0,299,0
2025-10-25 21:00:00,31.2,27.6,2161.0,493,45.7,11.5,53.0,7.0,0.0,90,29.9,31,8.8,337,0
2025-10-25 22:00:00,32.8,29.0,1353.0,479,44.1,12.0,53.0,8.0,0.0,87,28.8,31,9.0,2,0
2025-10-25 23:00:00,33.8,29.7,711.0,467,40.5,12.0,56.0,8.0,0.0,85,28.3,28,8.0,18,0
2025-10-26 00:00:00,32.9,28.9,470.0,462,34.4,11.2,60.0,8.0,0.0,82,28.2,27,8.5,35,0
2025-10-26 01:00:00,30.9,26.9,395.0,459,26.3,9.8,67.0,7.0,0.0,80,27.9,26,7.5,53,0
2025-10-26 02:00:00,28.6,24.8,360.0,458,19.6,8.8,73.0,7.0,0.0,78,27.5,27,7.7,51,0
2025-10-26 03:00:00,26.6,23.0,307.0,458,14.6,8.2,76.0,7.0,0.0,76,26.6,29,8.8,31,0
2025-10-26 04:00:00,24.8,21.5,295.0,460,11.0,7.9,79.0,6.0,0.0,75,25.8,31,9.2,28,0
2025-10-26 05:00:00,24.0,21.0,371.0,462,11.7,8.3,74.0,6.0,0.0,74,25.1,33,9.3,27,0
2025-10-26 06:00:00,24.2,21.2,634.0,466,19.5,9.6,69.0,5.0,0.0,74,24.8,34,9.5,22,0
2025-10-26 07:00:00,27.0,24.4,986.0,471,30.0,11.4,62.0,5.0,0.1,74,25.4,33,11.1,34,0
2025-10-26 08:00:00,31.4,29.6,1179.0,473,34.8,13.0,66.0,4.0,0.85,74,27.4,28,11.9,42,0
2025-10-26 09:00:00,31.7,29.3,1062.0,469,28.6,14.5,90.0,4.0,2.5,73,29.9,25,9.6,47,0
2025-10-26 10:00:00,29.2,25.8,786.0,463,16.9,15.9,124.0,4.0,4.7,73,32.5,22,11.0,60,0
2025-10-26 11:00:00,18.2,16.0,559.0,457,7.7,16.2,149.0,4.0,6.6,73,34.2,18,12.8,74,0
2025-10-26 12:00:00,13.4,11.2,456.0,454,4.4,14.5,157.0,4.0,7.45,73,35.0,17,14.0,82,25
2025-10-26 13:00:00,12.9,10.5,403.0,451,3.7,11.7,157.0,5.0,6.85,72,35.5,17,14.8,81,0
2025-10-26 14:00:00,13.2,10.9,384.0,450,3.9,9.6,154.0,5.0,5.15,72,35.6,16,14.8,67,0
2025-10-26 15:00:00,14.1,11.6,405.0,450,4.1,8.8,152.0,5.0,3.0,72,35.7,16,15.2,51,0
2025-10-26 16:00:00,15.1,12.4,461.0,450,5.2,8.6,148.0,5.0,1.2,90,35.4,16,16.7,45,1
2025-10-26 17:00:00,28.0,23.4,516.0,452,8.6,8.8,136.0,9.0,0.25,107,34.8,15,17.3,46,2
2025-10-26 18:00:00,29.6,26.5,567.0,455,16.3,10.1,121.0,8.0,0.0,117,33.8,17,14.8,38,1
2025-10-26 19:00:00,31.9,29.2,619.0,460,26.7,11.8,99.0,6.0,0.0,116,32.8,20,13.6,24,2
2025-10-26 20:00:00,33.4,30.9,648.0,463,33.8,13.1,83.0,5.0,0.0,106,31.5,23,15.3,25,1
2025-10-26 21:00:00,33.2,30.7,647.0,464,34.9,13.6,76.0,4.0,0.0,90,30.9,25,16.4,40,0
2025-10-26 22:00:00,31.9,29.7,623.0,464,32.5,13.6,73.0,4.0,0.0,73,30.0,26,13.8,47,0
2025-10-26 23:00:00,30.0,28.1,578.0,463,28.6,13.3,74.0,4.0,0.0,73,29.1,28,12.3,50,18
2025-10-27 00:00:00,27.5,25.8,496.0,461,22.5,12.7,81.0,3.0,0.0,73,28.6,29,12.8,52,44
2025-10-27 01:00:00,25.8,24.2,392.0,458,14.8,11.7,91.0,3.0,0.0,73,28.6,29,14.9,48,23
2025-10-27 02:00:00,25.6,24.2,317.0,456,9.0,11.0,98.0,3.0,0.0,72,28.5,28,14.5,43,13
2025-10-27 03:00:00,26.7,24.8,273.0,455,6.1,10.5,98.0,4.0,0.0,72,27.6,29,12.5,25,19
2025-10-27 04:00:00,27.8,24.9,258.0,454,5.1,10.2,94.0,6.0,0.0,73,27.1,30,12.8,29,3
2025-10-27 05:00:00,29.1,24.9,308.0,454,6.7,10.5,89.0,8.0,0.0,73,26.9,30,13.2,34,5
2025-10-27 06:00:00,29.3,24.4,497.0,456,12.9,11.2,79.0,8.0,0.0,73,26.5,30,13.3,33,48
2025-10-27 07:00:00,31.0,25.7,751.0,459,21.1,12.2,66.0,8.0,0.1,74,26.3,30,13.2,39,68
2025-10-27 08:00:00,32.5,28.1,893.0,461,25.2,13.0,65.0,8.0,0.85,74,27.5,28,11.8,44,11
2025-10-27 09:00:00,32.6,26.7,813.0,460,21.1,13.6,87.0,9.0,2.5,74,29.5,24,11.8,47,5
2025-10-27 10:00:00,27.3,21.0,620.0,458,12.9,13.9,120.0,9.0,4.65,73,31.8,21,15.9,51,20
2025-10-27 11:00:00,24.0,19.0,461.0,455,6.4,13.5,145.0,10.0,6.5,73,33.5,20,17.9,56,21
2025-10-27 12:00:00,22.1,17.6,387.0,452,4.1,11.6,151.0,10.0,7.3,73,34.3,18,20.2,55,5
2025-10-27 13:00:00,21.6,16.8,347.0,450,3.5,8.9,149.0,10.0,6.75,74,34.8,17,21.3,51,11
2025-10-27 14:00:00,21.8,16.8,336.0,448,3.7,6.9,145.0,10.0,5.05,74,35.2,15,21.3,48,5
2025-10-27 15:00:00,21.9,17.0,355.0,448,3.9,6.2,143.0,10.0,2.9,75,35.1,15,21.6,46,11
2025-10-27 16:00:00,22.1,17.3,403.0,449,4.8,6.1,139.0,9.0,1.15,80,34.5,18,21.7,47,39
2025-10-27 17:00:00,35.2,28.9,469.0,451,8.4,6.8,131.0,12.0,0.2,96,33.8,19,20.5,42,26
2025-10-27 18:00:00,36.1,31.3,579.0,455,15.8,8.0,114.0,10.0,0.0,105,32.5,21,16.6,30,1
2025-10-27 19:00:00,36.8,32.7,708.0,460,25.7,9.6,91.0,8.0,0.0,104,31.2,24,14.7,29,20
2025-10-27 20:00:00,37.4,34.0,768.0,463,31.3,11.1,77.0,6.0,0.0,93,30.0,27,13.3,28,44
2025-10-27 21:00:00,35.4,32.6,703.0,462,28.5,12.3,80.0,5.0,0.0,77,28.9,30,11.9,29,32
2025-10-27 22:00:00,33.1,30.5,569.0,460,21.4,13.4,91.0,5.0,0.0,77,28.4,30,12.7,33,46
2025-10-27 23:00:00,32.2,29.8,454.0,457,15.1,13.9,100.0,5.0,0.0,77,28.5,28,15.6,38,100
2025-10-28 00:00:00,31.8,29.2,385.0,455,11.4,13.5,103.0,5.0,0.0,78,29.0,26,16.6,41,91
2025-10-28 01:00:00,31.1,28.5,336.0,454,8.5,12.6,104.0,5.0,0.0,78,28.6,26,16.1,59,90
2025-10-28 02:00:00,31.1,28.2,307.0,453,6.6,11.8,102.0,5.0,0.0,78,27.9,27,16.4,54,100
2025-10-28 03:00:00,32.2,28.9,287.0,454,5.5,11.2,97.0,6.0,0.0,79,27.0,30,14.8,46,100
2025-10-28 04:00:00,33.8,30.0,289.0,456,5.4,10.6,90.0,6.0,0.0,79,26.2,35,14.1,39,95
2025-10-28 05:00:00,34.2,30.6,353.0,458,7.2,11.0,85.0,7.0,0.0,79,25.6,38,13.4,35,98
2025-10-28 06:00:00,35.7,31.8,557.0,461,12.6,12.1,78.0,7.0,0.0,80,25.5,40,13.9,37,100
2025-10-28 07:00:00,38.6,34.2,824.0,463,19.9,13.5,71.0,7.0,0.1,81,25.5,43,13.9,39,99
2025-10-28 08:00:00,41.3,37.1,963.0,464,23.4,14.7,72.0,8.0,0.75,81,26.3,43,11.8,38,100
2025-10-28 09:00:00,44.9,38.1,850.0,461,19.5,15.5,92.0,10.0,2.1,82,27.9,42,12.9,39,97
2025-10-28 10:00:00,48.0,39.8,608.0,455,11.9,15.9,121.0,12.0,3.95,83,29.9,40,15.9,45,2
2025-10-28 11:00:00,47.0,39.6,421.0,451,6.0,15.8,144.0,14.0,5.6,85,31.5,32,19.9,50,29
2025-10-28 12:00:00,44.1,37.0,361.0,449,3.9,14.6,156.0,16.0,6.35,87,32.5,26,21.9,48,38
2025-10-28 13:00:00,39.7,31.9,354.0,448,3.5,12.8,162.0,18.0,5.9,88,33.2,24,22.7,48,84
2025-10-28 14:00:00,40.5,30.3,368.0,448,3.8,11.4,164.0,20.0,4.4,90,33.6,23,22.8,46,70
2025-10-28 15:00:00,43.2,31.0,395.0,448,4.4,10.9,161.0,22.0,2.55,91,33.5,25,22.4,45,83
2025-10-28 16:00:00,44.2,31.7,443.0,449,5.8,10.8,154.0,23.0,1.05,95,32.8,29,22.4,44,70
2025-10-28 17:00:00,44.1,32.5,492.0,450,8.0,11.5,146.0,22.0,0.2,112,32.9,26,21.8,47,4
2025-10-28 18:00:00,44.5,34.7,550.0,452,12.2,12.2,133.0,20.0,0.0,123,31.8,29,17.4,40,6
2025-10-28 19:00:00,45.8,36.2,610.0,455,17.9,13.2,116.0,18.0,0.0,126,30.7,32,14.7,35,0
2025-10-28 20:00:00,46.7,38.1,636.0,457,21.4,14.0,103.0,16.0,0.0,120,29.6,35,12.2,33,0
2025-10-28 21:00:00,47.7,40.7,605.0,457,20.9,14.4,100.0,13.0,0.0,109,28.9,36,12.5,33,0
2025-10-28 22:00:00,49.5,43.9,540.0,457,18.3,14.6,102.0,11.0,0.0,96,28.5,37,13.7,39,0
2025-10-28 23:00:00,52.2,47.6,477.0,456,15.3,14.8,105.0,9.0,0.0,97,28.2,38,13.9,40,3
2025-10-29 00:00:00,53.9,49.7,424.0,455,12.2,14.9,108.0,8.0,0.0,98,28.1,39,15.3,43,57
2025-10-29 01:00:00,54.0,49.7,374.0,454,8.8,14.9,112.0,9.0,0.0,100,27.8,39,15.7,45,34
2025-10-29 02:00:00,53.4,48.8,340.0,453,6.3,14.9,113.0,9.0,0.0,102,27.2,40,15.4,45,0
2025-10-29 03:00:00,52.5,47.4,311.0,453,5.0,14.8,110.0,10.0,0.0,104,26.8,41,14.5,37,16
2025-10-29 04:00:00,51.3,45.6,299.0,454,4.8,14.7,105.0,11.0,0.0,106,26.0,44,13.5,42,10
2025-10-29 05:00:00,53.1,47.3,350.0,455,6.2,15.6,101.0,11.0,0.0,108,25.4,48,13.0,38,0
2025-10-29 06:00:00,52.2,45.9,545.0,458,11.2,16.4,92.0,11.0,0.0,110,25.0,50,14.1,34,0
2025-10-29 07:00:00,53.3,46.7,805.0,461,17.8,17.4,81.0,12.0,0.1,111,24.9,51,13.7,38,0
2025-10-29 08:00:00,54.6,48.3,935.0,462,21.0,17.5,78.0,12.0,0.8,112,25.6,50,11.5,35,0
2025-10-29 09:00:00,55.8,47.0,811.0,459,17.5,16.2,92.0,12.0,2.25,114,27.2,46,13.0,45,0
2025-10-29 10:00:00,49.2,41.7,557.0,453,10.5,14.1,115.0,12.0,4.25,115,29.1,43,16.3,53,0
2025-10-29 11:00:00,41.6,36.1,361.0,449,5.2,11.9,132.0,11.0,6.05,115,30.4,34,22.5,52,0
2025-10-29 12:00:00,35.0,30.5,296.0,447,3.4,9.7,136.0,9.0,6.95,114,31.5,28,22.4,51,0
2025-10-29 13:00:00,28.9,25.7,287.0,446,3.2,7.4,133.0,6.0,6.5,114,32.4,25,21.2,51,0
2025-10-29 14:00:00,24.4,22.1,298.0,446,3.6,5.8,129.0,4.0,4.9,113,32.9,24,20.6,53,0
2025-10-29 15:00:00,21.0,19.2,321.0,446,4.1,5.2,125.0,3.0,2.85,112,32.8,27,19.8,53,9
2025-10-29 16:00:00,18.8,17.4,364.0,446,5.2,5.3,119.0,2.0,1.15,111,32.8,25,19.9,50,0
2025-10-29 17:00:00,22.9,21.1,413.0,447,7.9,5.9,110.0,3.0,0.2,109,32.3,25,20.1,53,0
2025-10-29 18:00:00,24.2,22.8,477.0,449,12.9,6.8,98.0,3.0,0.0,108,31.5,27,15.8,53,0
2025-10-29 19:00:00,24.4,23.1,547.0,451,19.7,8.0,81.0,3.0,0.0,107,30.7,29,15.7,51,0
2025-10-29 20:00:00,25.4,23.7,585.0,453,24.7,9.0,67.0,3.0,0.0,106,30.0,30,15.4,47,0
2025-10-29 21:00:00,27.2,25.2,573.0,454,26.6,9.5,59.0,4.0,0.0,104,29.1,32,14.1,47,0
2025-10-29 22:00:00,29.2,26.7,529.0,455,26.7,9.7,55.0,5.0,0.0,103,28.1,34,12.5,35,0
2025-10-29 23:00:00,32.0,28.9,473.0,455,25.0,9.7,54.0,6.0,0.0,101,27.6,36,12.3,25,0
2025-10-30 00:00:00,35.0,31.2,400.0,453,20.3,9.3,59.0,7.0,0.0,99,27.5,36,12.5,33,0
2025-10-30 01:00:00,36.8,32.6,315.0,451,13.7,8.6,69.0,7.0,0.0,97,27.5,35,13.4,33,0
2025-10-30 02:00:00,36.4,32.2,257.0,449,8.8,8.1,75.0,8.0,0.0,96,27.2,36,14.2,29,0
2025-10-30 03:00:00,35.4,31.1,221.0,449,6.6,7.8,76.0,8.0,0.0,94,26.8,38,13.5,37,1
2025-10-30 04:00:00,34.0,29.5,212.0,451,6.1,7.8,73.0,9.0,0.0,93,26.1,40,12.4,39,0
2025-10-30 05:00:00,40.2,35.3,283.0,453,7.4,9.6,75.0,9.0,0.0,91,25.8,43,13.2,35,0
2025-10-30 06:00:00,39.5,34.5,528.0,456,12.6,10.6,68.0,9.0,0.0,90,25.4,45,12.8,35,0
2025-10-30 07:00:00,40.3,35.2,854.0,460,19.4,12.0,58.0,9.0,0.1,89,25.0,47,12.3,34,0
2025-10-30 08:00:00,41.9,37.0,1026.0,462,22.6,12.9,59.0,9.0,0.8,88,25.9,46,9.9,32,0
2025-10-30 09:00:00,42.3,34.9,895.0,460,18.5,13.0,79.0,9.0,2.35,87,27.7,42,10.8,33,0
2025-10-30 10:00:00,39.9,31.8,611.0,455,10.8,12.7,108.0,8.0,4.4,86,30.0,37,12.5,41,0
2025-10-30 11:00:00,31.8,27.4,394.0,451,4.9,12.1,131.0,8.0,6.15,85,31.6,33,20.3,55,0
2025-10-30 12:00:00,28.2,25.0,334.0,449,3.1,11.3,140.0,7.0,6.95,85,32.5,32,20.3,57,0
2025-10-30 13:00:00,27.3,24.2,341.0,448,3.1,10.2,143.0,6.0,6.35,84,33.0,30,19.5,55,0
2025-10-30 14:00:00,27.1,23.9,362.0,448,3.7,9.5,143.0,6.0,4.7,84,33.4,30,18.4,55,66
2025-10-30 15:00:00,27.8,24.3,387.0,448,4.0,9.2,142.0,6.0,2.65,84,33.4,31,18.2,56,51
2025-10-30 16:00:00,28.3,24.6,427.0,448,5.0,9.3,138.0,7.0,1.0,85,33.1,32,17.9,50,92
2025-10-30 17:00:00,32.1,28.4,457.0,449,8.3,9.8,128.0,7.0,0.2,85,33.0,30,17.1,51,52
2025-10-30 18:00:00,35.2,32.1,466.0,449,16.2,11.0,111.0,7.0,0.0,95,32.3,31,15.3,47,77
2025-10-30 19:00:00,38.2,34.9,465.0,450,26.9,12.8,88.0,6.0,0.0,95,31.5,32,14.3,40,87
2025-10-30 20:00:00,41.4,38.0,465.0,451,34.7,14.1,70.0,6.0,0.0,88,30.9,31,14.2,36,96
2025-10-30 21:00:00,44.1,40.6,478.0,453,37.4,14.7,60.0,6.0,0.0,89,30.2,31,13.6,37,99
2025-10-30 22:00:00,43.7,40.0,492.0,455,37.0,14.9,56.0,7.0,0.0,90,29.5,32,12.8,34,72
2025-10-30 23:00:00,41.1,37.4,484.0,456,33.9,14.9,57.0,7.0,0.0,92,28.4,35,11.4,25,88
2025-10-31 00:00:00,38.6,34.9,429.0,455,26.5,14.7,67.0,7.0,0.0,92,28.0,34,11.5,27,98
2025-10-31 01:00:00,38.1,34.0,350.0,454,16.3,14.3,83.0,8.0,0.0,93,27.6,34,11.4,28,71
2025-10-31 02:00:00,39.1,34.9,298.0,453,8.7,14.1,95.0,8.0,0.0,93,27.2,34,11.5,31,11
2025-10-31 03:00:00,40.7,36.3,249.0,453,5.3,14.1,99.0,9.0,0.0,93,26.9,34,12.2,33,0
2025-10-31 04:00:00,42.5,37.7,226.0,453,4.5,14.3,99.0,9.0,0.0,94,26.6,35,12.5,33,11
2025-10-31 05:00:00,44.5,39.0,343.0,455,8.6,14.4,83.0,10.0,0.0,94,26.2,36,10.5,52,0
2025-10-31 06:00:00,46.6,40.7,772.0,461,16.7,15.5,73.0,9.0,0.0,95,25.8,38,8.7,58,0
2025-10-31 07:00:00,50.8,44.5,1341.0,470,27.5,17.1,62.0,7.0,0.1,95,25.3,40,8.4,35,0
2025-10-31 08:00:00,54.8,48.9,1645.0,474,33.0,18.5,61.0,11.0,0.7,96,26.0,39,7.8,22,0
2025-10-31 09:00:00,58.4,49.7,1425.0,470,27.9,20.0,83.0,24.0,2.05,97,28.1,35,6.8,29,0
2025-10-31 10:00:00,65.7,50.3,940.0,462,17.5,21.5,117.0,43.0,3.85,98,30.9,30,9.0,33,0
2025-10-31 11:00:00,79.4,50.5,566.0,455,9.3,21.6,142.0,55.0,5.45,100,32.8,26,10.5,53,0
2025-10-31 12:00:00,83.6,48.7,457.0,452,5.9,19.3,150.0,56.0,6.05,102,33.6,24,8.9,66,0
2025-10-31 13:00:00,76.6,47.4,459.0,451,4.7,15.6,150.0,52.0,5.55,105,33.8,22,4.6,103,0
2025-10-31 14:00:00,69.4,45.9,488.0,450,5.0,12.9,147.0,46.0,4.1,107,33.8,22,2.6,205,0
2025-10-31 15:00:00,63.3,44.0,472.0,449,4.4,11.6,145.0,39.0,2.35,110,32.9,34,8.1,225,3
2025-10-31 16:00:00,59.1,43.1,483.0,449,5.3,11.3,139.0,31.0,0.9,112,32.5,39,7.3,230,36
2025-10-31 17:00:00,73.6,53.9,649.0,452,15.3,15.3,126.0,38.0,0.15,114,32.5,35,3.4,196,73
2025-10-31 18:00:00,95.2,80.1,1150.0,463,38.3,20.6,95.0,34.0,0.0,116,31.0,48,3.5,215,16
2025-10-31 19:00:00,107.1,93.1,1807.0,477,69.8,28.0,53.0,29.0,0.0,121,29.8,56,1.3,225,31
2025-10-31 20:00:00,106.9,93.6,2213.0,488,91.0,33.1,22.0,24.0,0.0,127,29.8,51,5.1,58,17
2025-10-31 21:00:00,107.8,95.7,2161.0,491,92.4,34.4,13.0,21.0,0.0,133,30.8,30,6.2,73,7
2025-10-31 22:00:00,105.2,95.0,1858.0,489,83.5,33.5,15.0,20.0,0.0,139,29.8,26,4.8,20,11
2025-10-31 23:00:00,105.0,95.5,1516.0,487,74.6,31.4,17.0,18.0,0.0,145,27.6,30,6.2,15,0
2025-11-01 00:00:00,106.4,96.4,1153.0,484,68.5,27.9,15.0,16.0,0.0,150,26.3,34,8.6,11,2
2025-11-01 01:00:00,105.2,95.7,752.0,479,62.5,23.2,13.0,14.0,0.0,151,25.1,38,10.6,359,2
2025-11-01 02:00:00,98.3,91.3,474.0,477,58.2,19.4,12.0,13.0,0.0,153,24.6,40,9.8,352,0
2025-11-01 03:00:00,88.5,82.0,366.0,479,56.9,17.2,13.0,13.0,0.0,154,24.4,40,8.7,6,2
2025-11-01 04:00:00,81.3,74.5,381.0,484,57.4,15.8,16.0,13.0,0.0,155,24.0,40,8.9,18,13
2025-11-01 05:00:00,77.1,70.1,539.0,488,56.3,15.4,18.0,13.0,0.0,156,23.5,42,8.6,22,32
2025-11-01 06:00:00,75.7,68.9,950.0,491,57.7,16.4,13.0,11.0,0.0,157,23.3,42,8.9,28,10
2025-11-01 07:00:00,80.3,73.8,1503.0,494,59.1,17.9,9.0,9.0,0.1,157,23.5,40,8.5,21,39
2025-11-01 08:00:00,86.8,81.5,1886.0,494,55.9,20.8,17.0,10.0,0.65,158,24.6,37,5.7,35,5
2025-11-01 09:00:00,88.2,82.0,1958.0,490,44.0,26.9,50.0,17.0,1.95,159,27.2,32,3.8,49,5
2025-11-01 10:00:00,81.5,69.8,1861.0,483,27.5,34.3,97.0,28.0,3.7,159,30.2,26,2.5,90,3
2025-11-01 11:00:00,80.8,62.6,1707.0,476,14.8,38.1,135.0,35.0,5.3,160,32.2,23,3.2,180,0
2025-11-01 12:00:00,78.5,59.4,1496.0,470,8.9,35.1,156.0,35.0,5.95,160,32.8,23,7.1,196,0
2025-11-01 13:00:00,72.6,55.8,1228.0,465,6.7,28.5,169.0,32.0,5.4,160,32.8,25,9.2,208,10
2025-11-01 14:00:00,66.6,52.0,1023.0,461,7.2,23.5,175.0,28.0,3.9,160,33.0,25,9.6,218,6
2025-11-01 15:00:00,62.6,49.5,913.0,460,8.4,22.1,176.0,25.0,2.2,160,32.9,23,10.1,239,4
2025-11-01 16:00:00,59.8,47.7,864.0,460,12.3,22.1,169.0,23.0,0.85,161,32.6,23,9.2,253,0
2025-11-01 17:00:00,65.0,53.4,896.0,463,20.3,23.9,153.0,22.0,0.15,161,31.9,25,8.0,250,2
2025-11-01 18:00:00,79.2,71.5,1068.0,469,43.2,23.7,116.0,19.0,0.0,161,30.0,39,7.5,253,1
2025-11-01 19:00:00,80.3,73.3,1321.0,477,74.6,23.6,66.0,15.0,0.0,160,28.2,51,7.1,289,7
2025-11-01 20:00:00,80.1,73.1,1495.0,483,97.4,24.6,27.0,12.0,0.0,160,27.2,58,8.0,316,4
2025-11-01 21:00:00,85.4,77.8,1534.0,487,103.9,28.2,13.0,12.0,0.0,160,26.5,63,6.9,317,0
2025-11-01 22:00:00,94.3,86.1,1494.0,489,101.9,32.8,10.0,13.0,0.0,159,25.5,70,8.7,326,5
2025-11-01 23:00:00,97.8,89.9,1382.0,490,97.2,34.8,10.0,14.0,0.0,159,25.0,71,7.8,337,84
2025-11-02 00:00:00,95.0,88.0,1151.0,488,90.6,31.5,9.0,13.0,0.0,159,24.3,72,8.7,343,69
2025-11-02 01:00:00,91.0,84.5,849.0,485,81.4,25.6,10.0,12.0,0.0,159,23.7,72,10.6,336,98
2025-11-02 02:00:00,87.1,81.0,620.0,481,73.3,21.0,11.0,11.0,0.0,158,23.6,74,11.5,333,88
2025-11-02 03:00:00,80.3,75.0,489.0,476,67.5,19.1,12.0,11.0,0.0,158,23.5,73,9.7,344,5
2025-11-02 04:00:00,70.5,65.2,432.0,470,62.9,18.5,14.0,10.0,0.0,158,23.4,71,8.7,346,0
2025-11-02 05:00:00,66.8,61.7,523.0,469,59.7,17.7,12.0,9.0,0.0,158,23.1,69,7.2,348,3
2025-11-02 06:00:00,63.1,58.2,912.0,478,61.0,19.1,10.0,8.0,0.0,158,22.7,65,6.7,2,6
2025-11-02 07:00:00,67.1,62.4,1449.0,493,62.1,21.3,9.0,8.0,0.1,157,22.5,60,6.7,358,2
2025-11-02 08:00:00,72.2,67.8,1761.0,500,58.4,25.6,20.0,8.0,0.7,157,23.7,49,5.6,354,0
2025-11-02 09:00:00,71.7,66.8,1634.0,493,45.4,34.7,54.0,10.0,2.15,157,26.9,39,4.5,331,0
2025-11-02 10:00:00,62.2,53.9,1282.0,480,27.6,45.8,101.0,12.0,4.0,157,30.5,28,4.0,324,0
2025-11-02 11:00:00,46.4,39.1,973.0,468,14.0,51.9,139.0,14.0,5.7,156,32.7,22,4.1,268,0
2025-11-02 12:00:00,40.0,34.1,792.0,462,8.0,48.4,161.0,14.0,6.35,156,33.6,19,6.2,234,0
2025-11-02 13:00:00,40.5,34.8,653.0,457,6.1,39.8,174.0,12.0,5.7,155,33.8,21,8.9,238,0
2025-11-02 14:00:00,42.4,36.6,567.0,454,7.0,32.6,178.0,11.0,4.1,155,33.8,22,10.6,246,0
2025-11-02 15:00:00,44.0,38.1,527.0,452,10.9,29.5,171.0,10.0,2.3,154,33.5,22,11.1,256,0
2025-11-02 16:00:00,45.3,39.2,541.0,451,17.6,27.8,156.0,9.0,0.9,154,32.7,23,11.0,266,0
2025-11-02 17:00:00,49.4,43.3,641.0,453,24.4,27.0,133.0,11.0,0.15,154,31.5,29,10.3,272,0
2025-11-02 18:00:00,55.1,49.2,916.0,461,31.5,24.4,107.0,12.0,0.0,154,29.6,42,8.2,285,0
2025-11-02 19:00:00,56.7,49.7,1278.0,473,41.3,20.8,70.0,14.0,0.0,153,27.9,52,8.0,304,0
2025-11-02 20:00:00,56.5,48.2,1490.0,481,47.9,17.9,43.0,15.0,0.0,153,26.6,63,7.2,297,0
2025-11-02 21:00:00,56.3,47.3,1429.0,482,48.9,16.4,33.0,16.0,0.0,152,25.9,71,7.4,296,0
2025-11-02 22:00:00,56.7,46.9,1219.0,480,46.7,15.6,32.0,17.0,0.0,151,25.2,76,7.5,312,0
2025-11-02 23:00:00,56.8,46.6,996.0,477,43.0,14.7,34.0,18.0,0.0,151,24.4,80,7.4,319,0
2025-11-03 00:00:00,55.3,45.1,776.0,473,37.8,13.3,37.0,18.0,0.0,148,24.1,79,7.0,328,0
2025-11-03 01:00:00,52.4,41.9,544.0,467,31.1,11.7,42.0,18.0,0.0,144,23.5,81,9.8,325,0
2025-11-03 02:00:00,48.9,38.3,385.0,463,25.0,10.5,46.0,18.0,0.0,140,23.4,87,10.2,323,0
2025-11-03 03:00:00,45.9,34.3,304.0,461,19.2,9.6,50.0,20.0,0.0,135,23.4,92,9.6,322,0
2025-11-03 04:00:00,44.4,31.4,297.0,460,14.0,9.1,53.0,22.0,0.0,131,23.0,95,7.1,333,2
2025-11-03 05:00:00,42.0,28.8,436.0,462,11.9,8.5,53.0,23.0,0.0,127,22.5,88,5.2,331,0
2025-11-03 06:00:00,44.6,29.2,891.0,469,20.9,10.2,43.0,24.0,0.0,124,22.0,87,5.0,314,0
2025-11-03 07:00:00,51.3,34.6,1492.0,479,33.0,12.5,29.0,25.0,0.1,121,21.5,88,6.0,311,4
2025-11-03 08:00:00,56.5,40.0,1797.0,483,39.2,14.9,26.0,29.0,0.7,118,22.1,84,5.4,318,4
2025-11-03 09:00:00,63.3,36.0,1517.0,476,34.0,17.5,43.0,39.0,2.05,115,24.5,78,4.2,306,17
2025-11-03 10:00:00,67.1,34.5,941.0,462,22.9,20.2,71.0,52.0,3.95,112,26.7,75,5.9,270,16
2025-11-03 11:00:00,68.2,33.1,495.0,452,13.8,21.5,93.0,62.0,5.6,110,28.9,66,8.7,248,5
2025-11-03 12:00:00,67.8,31.3,354.0,448,9.4,20.6,104.0,66.0,6.35,109,30.0,57,10.7,245,0
2025-11-03 13:00:00,67.3,30.5,342.0,447,7.0,18.3,110.0,67.0,5.8,109,30.4,54,13.2,248,1
2025-11-03 14:00:00,68.0,30.6,356.0,447,6.2,16.5,110.0,66.0,4.3,109,30.0,56,13.6,248,4
2025-11-03 15:00:00,68.2,30.6,359.0,446,6.9,15.8,104.0,65.0,2.45,108,29.5,57,13.8,252,2
2025-11-03 16:00:00,66.6,30.4,387.0,446,9.2,15.6,93.0,63.0,0.95,107,28.9,58,13.1,255,0
2025-11-03 17:00:00,58.8,28.1,447.0,447,13.5,15.3,77.0,54.0,0.2,106,27.6,72,11.5,236,0
2025-11-03 18:00:00,54.0,29.6,562.0,449,21.5,14.7,65.0,49.0,0.0,105,26.8,80,10.9,236,2
2025-11-03 19:00:00,54.6,31.7,709.0,451,32.4,13.9,48.0,42.0,0.0,103,26.4,83,11.8,227,0
2025-11-03 20:00:00,54.1,32.1,828.0,454,39.8,13.1,37.0,37.0,0.0,101,26.0,86,11.2,220,0
2025-11-03 21:00:00,52.9,31.7,915.0,457,40.9,12.5,35.0,35.0,0.0,99,26.0,87,10.5,239,0
2025-11-03 22:00:00,51.9,31.1,973.0,460,38.4,11.9,38.0,34.0,0.0,98,25.7,88,6.9,239,0
2025-11-03 23:00:00,51.7,31.2,952.0,461,34.5,11.1,42.0,33.0,0.0,96,25.5,90,8.0,220,0
2025-11-04 00:00:00,52.2,30.6,788.0,459,28.6,9.8,48.0,32.0,0.0,95,25.5,91,10.4,226,0
2025-11-04 01:00:00,49.1,28.2,545.0,455,21.3,8.3,56.0,31.0,0.0,94,25.5,91,10.2,226,0
2025-11-04 02:00:00,46.2,26.7,363.0,453,16.0,7.3,60.0,30.0,0.0,93,25.4,92,7.6,245,0
2025-11-04 03:00:00,45.9,26.8,292.0,457,14.0,7.1,57.0,28.0,0.0,92,24.5,94,7.2,309,5
2025-11-04 04:00:00,46.9,28.6,282.0,463,13.9,7.5,49.0,26.0,0.0,91,23.5,94,8.4,335,48
2025-11-04 05:00:00,39.7,25.3,326.0,467,13.5,8.2,46.0,22.0,0.0,91,22.1,95,9.4,329,87
2025-11-04 06:00:00,41.1,26.4,471.0,466,19.9,9.7,37.0,21.0,0.0,90,21.6,85,12.3,323,1
2025-11-04 07:00:00,44.4,30.6,670.0,463,28.6,11.9,26.0,19.0,0.1,90,22.4,68,13.8,317,0
2025-11-04 08:00:00,46.6,34.8,769.0,460,33.3,13.8,25.0,21.0,0.65,90,23.6,54,11.1,318,0
2025-11-04 09:00:00,46.9,33.1,670.0,457,30.7,15.3,45.0,29.0,2.05,89,26.5,37,11.6,325,0
2025-11-04 10:00:00,49.4,29.6,471.0,453,24.1,16.6,75.0,39.0,3.85,89,30.5,21,13.5,327,0
2025-11-04 11:00:00,49.4,25.3,318.0,450,17.8,17.0,100.0,46.0,5.5,89,33.0,16,15.4,324,0
2025-11-04 12:00:00,50.8,23.3,265.0,448,12.4,16.0,114.0,47.0,6.25,88,33.8,12,16.4,324,0
2025-11-04 13:00:00,48.3,23.9,257.0,447,7.2,14.3,123.0,44.0,5.85,87,34.6,13,15.7,319,0
2025-11-04 14:00:00,45.1,23.7,273.0,447,4.9,13.0,126.0,41.0,4.4,87,34.8,13,16.1,319,0
2025-11-04 15:00:00,42.7,23.2,317.0,447,7.0,12.9,123.0,37.0,2.5,86,34.9,11,16.3,317,0
2025-11-04 16:00:00,41.4,22.9,385.0,448,12.0,13.3,114.0,31.0,0.95,85,34.4,10,16.5,308,0
2025-11-04 17:00:00,29.6,21.0,449.0,449,19.9,13.5,99.0,16.0,0.15,85,32.7,17,12.2,284,0
2025-11-04 18:00:00,38.2,29.5,510.0,451,27.3,13.7,83.0,19.0,0.0,84,30.2,29,12.7,282,0
2025-11-04 19:00:00,43.2,32.7,567.0,454,37.2,14.0,62.0,22.0,0.0,84,29.1,31,11.9,299,0
2025-11-04 20:00:00,47.1,33.6,582.0,456,42.9,14.3,47.0,25.0,0.0,84,28.2,33,12.6,311,0
2025-11-04 21:00:00,48.2,33.2,526.0,455,40.2,14.8,46.0,27.0,0.0,84,27.0,40,13.1,322,0
2025-11-04 22:00:00,44.0,30.9,428.0,452,33.2,15.3,51.0,29.0,0.0,84,26.9,29,14.5,325,0
2025-11-04 23:00:00,44.6,29.0,345.0,451,27.3,15.3,54.0,29.0,0.0,84,26.5,18,15.2,329,0
2025-11-05 00:00:00,50.3,29.9,296.0,452,24.6,14.3,51.0,29.0,0.0,84,25.8,16,15.6,329,0
2025-11-05 01:00:00,49.2,30.2,261.0,455,23.1,12.8,46.0,27.0,0.0,84,24.8,16,16.0,331,0
2025-11-05 02:00:00,41.2,28.3,237.0,458,21.8,11.5,42.0,24.0,0.0,84,23.8,17,14.3,335,0
2025-11-05 03:00:00,31.4,25.2,193.0,460,19.9,10.6,41.0,17.0,0.0,84,22.5,19,12.9,342,0
2025-11-05 04:00:00,24.6,21.9,160.0,462,18.3,9.9,42.0,9.0,0.0,84,21.7,22,13.1,351,0
2025-11-05 05:00:00,28.0,21.1,221.0,464,18.5,9.9,39.0,13.0,0.0,84,21.8,25,12.6,359,0
2025-11-05 06:00:00,24.0,19.6,470.0,466,25.1,11.0,37.0,10.0,0.0,83,22.1,24,13.5,5,0
2025-11-05 07:00:00,26.2,22.7,813.0,468,33.7,12.4,36.0,6.0,0.1,83,22.0,24,12.5,12,0
2025-11-05 08:00:00,30.0,26.9,1058.0,468,37.5,13.4,43.0,6.0,0.75,82,23.2,23,9.9,29,0
2025-11-05 09:00:00,32.2,28.6,1129.0,466,31.8,13.6,66.0,12.0,2.15,81,25.9,19,5.5,54,0
2025-11-05 10:00:00,33.9,26.0,1101.0,464,21.1,13.2,97.0,20.0,4.1,81,29.0,16,4.8,70,19
2025-11-05 11:00:00,34.9,19.7,1006.0,460,12.4,12.6,121.0,28.0,5.8,81,31.5,13,3.8,87,63
2025-11-05 12:00:00,43.0,20.8,788.0,455,7.9,11.2,130.0,33.0,6.55,80,33.3,11,4.0,98,31
2025-11-05 13:00:00,42.6,20.5,502.0,448,5.2,9.6,131.0,36.0,6.05,80,34.2,7,1.7,193,52
2025-11-05 14:00:00,42.1,20.4,346.0,445,4.8,8.9,130.0,38.0,4.5,80,34.2,8,3.5,219,40
2025-11-05 15:00:00,42.3,20.6,412.0,446,5.6,10.1,129.0,37.0,2.55,79,32.8,24,8.6,234,2
2025-11-05 16:00:00,42.0,21.0,609.0,449,8.5,12.2,124.0,35.0,1.0,79,32.0,28,10.2,239,5
2025-11-05 17:00:00,41.2,22.3,856.0,454,13.6,11.1,109.0,33.0,0.15,79,31.0,29,9.8,246,1
2025-11-05 18:00:00,57.5,44.2,1126.0,460,38.8,13.0,81.0,29.0,0.0,79,29.5,28,10.8,271,0
2025-11-05 19:00:00,64.3,54.2,1448.0,468,73.5,15.7,43.0,23.0,0.0,80,28.3,27,9.6,296,0
2025-11-05 20:00:00,65.2,54.4,1826.0,479,99.1,18.4,15.0,19.0,0.0,82,27.2,37,7.8,316,0
2025-11-05 21:00:00,68.7,56.3,2412.0,496,107.2,21.4,6.0,20.0,0.0,84,26.1,44,5.6,333,0
2025-11-05 22:00:00,76.6,61.9,3054.0,515,106.2,24.3,6.0,24.0,0.0,86,25.4,45,5.2,354,0
2025-11-05 23:00:00,83.4,67.3,3308.0,527,102.4,25.7,7.0,26.0,0.0,89,23.9,43,4.5,5,0
2025-11-06 00:00:00,84.3,69.2,2855.0,525,97.3,24.5,6.0,24.0,0.0,92,23.2,37,6.3,357,0
2025-11-06 01:00:00,78.2,65.7,2014.0,516,89.6,21.7,5.0,20.0,0.0,96,22.2,32,6.8,3,0
2025-11-06 02:00:00,69.8,60.1,1292.0,507,81.1,18.8,5.0,17.0,0.0,99,21.5,30,8.6,359,0
2025-11-06 03:00:00,63.1,55.3,818.0,500,71.8,15.7,4.0,14.0,0.0,102,21.4,32,7.9,16,0
2025-11-06 04:00:00,57.3,50.8,463.0,493,61.9,12.6,4.0,12.0,0.0,105,21.1,37,6.3,20,0
2025-11-06 05:00:00,63.6,53.7,351.0,488,68.3,17.0,5.0,18.0,0.0,108,20.5,40,5.3,18,0
2025-11-06 06:00:00,57.7,49.9,665.0,489,64.7,17.6,2.0,14.0,0.0,111,20.5,38,5.9,27,0
2025-11-06 07:00:00,63.8,56.5,1222.0,493,59.5,18.8,0.0,10.0,0.1,115,20.2,35,5.3,28,0
2025-11-06 08:00:00,74.5,69.2,1600.0,493,53.6,22.6,10.0,10.0,0.7,118,21.1,30,4.0,21,0
2025-11-06 09:00:00,72.2,62.2,1604.0,487,47.1,32.1,48.0,19.0,2.05,123,24.2,24,4.1,360,0
2025-11-06 10:00:00,71.0,50.6,1429.0,477,39.9,44.1,100.0,34.0,3.95,126,27.5,21,1.8,360,0
2025-11-06 11:00:00,70.1,46.4,1236.0,469,32.4,50.9,141.0,43.0,5.55,129,29.5,21,1.4,180,0
2025-11-06 12:00:00,65.0,40.7,1059.0,463,23.4,47.6,163.0,43.0,6.25,131,31.0,16,4.5,185,0
2025-11-06 13:00:00,57.5,36.3,864.0,458,14.2,39.1,174.0,39.0,5.7,133,31.5,16,6.8,198,0
2025-11-06 14:00:00,55.1,35.9,709.0,455,8.9,32.0,178.0,35.0,4.15,135,31.5,18,9.9,213,0
2025-11-06 15:00:00,54.5,36.1,603.0,453,9.5,29.0,176.0,33.0,2.3,137,30.9,23,12.1,227,0
2025-11-06 16:00:00,54.1,36.1,537.0,452,13.9,27.3,166.0,31.0,0.9,138,29.9,26,12.1,242,0
2025-11-06 17:00:00,61.5,44.6,547.0,453,20.0,32.4,167.0,30.0,0.15,140,28.2,36,10.3,259,0
2025-11-06 18:00:00,67.3,52.4,681.0,457,28.4,28.8,139.0,30.0,0.0,142,26.5,55,8.7,266,0
2025-11-06 19:00:00,70.1,54.0,891.0,464,40.1,24.0,99.0,31.0,0.0,144,25.4,63,7.9,290,0
2025-11-06 20:00:00,72.4,53.9,1070.0,470,50.7,20.6,66.0,32.0,0.0,143,24.6,67,7.8,302,0
2025-11-06 21:00:00,74.3,53.9,1206.0,475,59.2,20.5,45.0,35.0,0.0,143,24.0,72,8.1,298,0
2025-11-06 22:00:00,78.5,56.6,1311.0,479,66.5,21.8,31.0,39.0,0.0,143,23.2,76,7.7,311,0
2025-11-06 23:00:00,85.7,61.5,1308.0,481,70.4,22.5,21.0,41.0,0.0,142,22.1,81,5.4,345,0
2025-11-07 00:00:00,86.6,63.3,1117.0,481,69.7,21.4,16.0,41.0,0.0,142,21.5,83,6.3,336,0
2025-11-07 01:00:00,81.7,60.5,819.0,479,65.6,19.6,15.0,39.0,0.0,141,21.0,84,6.6,347,0
2025-11-07 02:00:00,77.1,55.3,575.0,477,59.3,17.9,17.0,38.0,0.0,140,20.7,84,7.1,345,0
2025-11-07 03:00:00,73.3,50.5,408.0,476,48.6,16.2,23.0,39.0,0.0,140,20.4,85,7.1,345,1
2025-11-07 04:00:00,70.3,46.3,295.0,476,35.7,14.6,32.0,40.0,0.0,139,19.9,85,7.7,342,2
2025-11-07 05:00:00,63.8,41.2,336.0,476,23.1,12.2,45.0,37.0,0.0,139,19.4,85,7.6,333,0
2025-11-07 06:00:00,62.4,40.5,685.0,479,31.9,13.3,35.0,35.0,0.0,138,19.4,82,8.2,328,0
2025-11-07 07:00:00,65.9,45.2,1188.0,483,43.5,14.9,22.0,33.0,0.05,137,19.1,80,8.4,332,0
2025-11-07 08:00:00,70.5,51.8,1477.0,484,48.8,17.4,23.0,32.0,0.65,136,20.2,72,7.2,335,0
2025-11-07 09:00:00,75.2,51.5,1344.0,478,41.9,21.8,52.0,36.0,1.95,134,23.0,57,4.8,331,0
2025-11-07 10:00:00,81.0,49.2,998.0,468,28.7,27.0,95.0,41.0,3.7,133,26.2,39,4.2,324,0
2025-11-07 11:00:00,65.2,41.1,696.0,459,17.6,30.1,130.0,43.0,5.3,132,29.6,22,5.3,298,0
2025-11-07 12:00:00,46.1,31.2,520.0,453,11.4,29.0,148.0,39.0,6.0,132,31.2,13,6.8,281,0
2025-11-07 13:00:00,45.3,31.2,390.0,449,7.3,25.7,158.0,32.0,5.45,131,31.6,13,8.4,260,0
2025-11-07 14:00:00,46.9,32.7,320.0,446,6.0,23.1,161.0,26.0,4.0,130,31.5,14,10.7,257,0
2025-11-07 15:00:00,48.1,34.0,314.0,445,7.9,22.5,156.0,24.0,2.25,130,31.1,14,12.0,261,0
2025-11-07 16:00:00,48.7,34.8,369.0,446,12.6,22.5,145.0,23.0,0.85,130,30.5,15,12.1,272,0
2025-11-07 17:00:00,45.1,34.2,491.0,449,18.8,22.5,127.0,19.0,0.15,130,29.5,16,11.1,279,0
2025-11-07 18:00:00,51.5,40.5,741.0,456,27.6,20.6,104.0,19.0,0.0,129,27.4,26,8.5,295,0
2025-11-07 19:00:00,53.8,41.9,1058.0,465,39.6,18.0,72.0,20.0,0.0,127,25.6,37,7.3,306,0
2025-11-07 20:00:00,54.1,42.3,1272.0,472,47.2,15.9,49.0,20.0,0.0,126,24.5,48,7.3,318,0
2025-11-07 21:00:00,54.1,42.5,1317.0,477,46.7,14.8,45.0,20.0,0.0,125,23.6,56,7.3,318,0
2025-11-07 22:00:00,54.4,42.8,1260.0,480,41.8,14.3,51.0,19.0,0.0,124,23.3,63,7.0,314,0
2025-11-07 23:00:00,55.1,43.5,1125.0,480,36.4,13.6,57.0,19.0,0.0,122,22.7,64,4.8,318,0
2025-11-08 00:00:00,55.1,43.5,865.0,475,31.4,12.5,60.0,19.0,0.0,120,22.4,66,7.0,302,0
2025-11-08 01:00:00,54.1,42.4,527.0,466,25.8,11.3,63.0,19.0,0.0,118,21.5,70,8.5,332,0
2025-11-08 02:00:00,52.6,41.0,284.0,460,21.1,10.4,66.0,19.0,0.0,116,20.9,74,8.3,338,0
2025-11-08 03:00:00,49.8,39.2,141.0,458,16.1,9.7,69.0,18.0,0.0,115,20.8,79,7.8,338,0
2025-11-08 04:00:00,47.7,37.7,91.0,457,11.9,9.3,71.0,16.0,0.0,114,20.6,83,6.7,340,0
2025-11-08 05:00:00,49.8,39.0,292.0,461,16.3,10.4,61.0,17.0,0.0,113,19.7,86,5.0,345,0
2025-11-08 06:00:00,52.5,41.0,1043.0,473,29.1,13.0,48.0,17.0,0.0,113,19.0,89,4.8,349,0
2025-11-08 07:00:00,63.1,50.4,2044.0,489,46.1,16.8,32.0,17.0,0.1,113,18.4,92,4.1,360,10
2025-11-08 08:00:00,67.3,56.3,2548.0,496,54.4,20.1,30.0,17.0,0.65,113,19.7,87,4.8,345,0
2025-11-08 09:00:00,62.9,51.9,2060.0,484,45.5,22.9,55.0,18.0,2.05,114,23.2,73,3.6,315,0
2025-11-08 10:00:00,58.6,44.8,1074.0,461,27.9,25.4,93.0,19.0,3.9,114,26.0,61,7.0,271,0
2025-11-08 11:00:00,51.7,39.2,329.0,445,13.9,26.5,123.0,20.0,5.55,113,27.9,44,10.4,261,0
2025-11-08 12:00:00,46.4,35.0,141.0,441,8.1,25.5,137.0,20.0,6.3,113,28.5,43,11.8,257,0
2025-11-08 13:00:00,45.4,34.1,194.0,442,5.9,23.2,143.0,19.0,5.75,114,28.5,45,12.8,253,0
2025-11-08 14:00:00,45.3,33.6,269.0,444,5.5,21.2,143.0,19.0,4.25,114,28.6,41,12.8,253,0
2025-11-08 15:00:00,45.5,32.7,277.0,444,5.6,20.2,135.0,21.0,2.4,114,28.3,40,12.3,256,0
2025-11-08 16:00:00,46.7,31.9,307.0,443,7.5,19.6,121.0,25.0,0.9,114,27.6,45,11.2,258,0
2025-11-08 17:00:00,52.3,36.6,414.0,445,13.0,20.6,109.0,24.0,0.15,113,26.7,52,9.7,258,0
2025-11-08 18:00:00,54.7,41.6,618.0,449,26.8,19.6,85.0,24.0,0.0,114,25.5,64,8.2,260,0
2025-11-08 19:00:00,59.5,45.5,898.0,455,46.0,18.2,52.0,24.0,0.0,114,25.0,68,7.4,269,0
2025-11-08 20:00:00,63.1,47.5,1246.0,463,61.0,17.5,26.0,25.0,0.0,114,24.5,70,5.8,284,0
2025-11-08 21:00:00,65.4,48.4,1767.0,475,68.2,18.1,15.0,28.0,0.0,115,24.1,72,3.8,289,0
2025-11-08 22:00:00,70.3,50.8,2355.0,489,71.4,19.3,11.0,33.0,0.0,115,23.2,76,3.3,315,0
2025-11-08 23:00:00,78.2,54.6,2682.0,498,71.7,19.8,10.0,37.0,0.0,116,22.4,82,3.1,294,0
2025-11-09 00:00:00,83.8,56.0,2549.0,498,69.2,18.9,10.0,41.0,0.0,117,21.7,84,5.5,311,0
2025-11-09 01:00:00,83.8,53.8,2155.0,493,64.0,17.3,13.0,44.0,0.0,119,21.0,86,5.9,342,0
2025-11-09 02:00:00,78.2,49.1,1773.0,489,57.6,15.9,17.0,47.0,0.0,120,20.6,88,4.4,9,0
2025-11-09 03:00:00,72.6,44.6,1419.0,487,48.6,14.7,22.0,50.0,0.0,121,20.8,87,2.4,36,0
2025-11-09 04:00:00,71.9,42.3,1077.0,486,38.4,13.7,27.0,52.0,0.0,121,20.6,87,1.7,41,0
2025-11-09 05:00:00,84.1,48.5,969.0,487,37.7,14.7,24.0,57.0,0.0,122,19.5,90,1.7,49,2
2025-11-09 06:00:00,89.6,53.4,1341.0,491,41.6,16.8,16.0,54.0,0.0,123,19.6,88,3.7,55,8
2025-11-09 07:00:00,103.1,66.4,1947.0,497,46.4,19.8,7.0,50.0,0.05,124,19.3,88,5.7,46,25
2025-11-09 08:00:00,112.9,82.9,2276.0,498,46.9,23.3,9.0,49.0,0.65,126,20.0,86,5.6,42,8
2025-11-09 09:00:00,91.5,55.3,2050.0,489,38.9,27.9,34.0,53.0,2.0,128,22.5,76,5.0,41,5
2025-11-09 10:00:00,82.2,41.6,1547.0,475,26.6,32.9,70.0,58.0,3.85,129,24.8,69,1.5,76,9
2025-11-09 11:00:00,75.0,37.7,1089.0,463,16.5,35.7,100.0,61.0,5.45,128,26.3,61,4.6,201,5
2025-11-09 12:00:00,68.5,35.6,766.0,455,11.1,34.6,118.0,57.0,6.15,128,27.4,54,7.5,213,1
2025-11-09 13:00:00,62.2,33.4,489.0,448,8.1,31.4,129.0,49.0,5.65,128,27.8,51,9.6,218,0
2025-11-09 14:00:00,58.4,31.8,312.0,444,6.8,28.4,133.0,43.0,4.15,128,27.8,48,10.2,222,0
2025-11-09 15:00:00,55.5,30.3,228.0,442,6.3,26.5,127.0,40.0,2.35,128,27.7,45,10.3,226,0
2025-11-09 16:00:00,52.5,28.4,244.0,442,7.6,24.9,114.0,39.0,0.9,128,27.3,45,10.2,229,0
2025-11-09 17:00:00,50.4,28.2,435.0,446,13.1,25.7,107.0,37.0,0.15,128,26.5,49,8.8,239,0
2025-11-09 18:00:00,48.9,30.9,928.0,455,27.5,23.8,80.0,33.0,0.0,127,25.6,53,6.9,245,0
2025-11-09 19:00:00,49.8,34.3,1596.0,467,47.4,21.1,43.0,27.0,0.0,126,25.0,57,5.6,255,0
2025-11-09 20:00:00,50.4,35.7,2131.0,477,62.5,19.5,15.0,23.0,0.0,124,24.6,60,4.7,252,0
2025-11-09 21:00:00,51.6,37.4,2452.0,485,68.1,20.0,6.0,23.0,0.0,123,24.2,63,4.3,237,0
2025-11-09 22:00:00,57.0,41.2,2639.0,492,68.8,21.5,5.0,26.0,0.0,122,23.9,66,4.6,216,0
2025-11-09 23:00:00,64.0,46.2,2629.0,495,68.8,22.5,6.0,28.0,0.0,121,22.5,72,2.6,214,0
2025-11-10 00:00:00,67.8,48.7,2304.0,493,69.8,22.3,5.0,30.0,0.0,120,22.4,72,4.6,283,0
2025-11-10 01:00:00,68.2,48.1,1782.0,487,70.0,21.7,4.0,31.0,0.0,119,21.4,75,5.5,333,0
2025-11-10 02:00:00,64.3,44.6,1345.0,484,67.7,20.6,5.0,31.0,0.0,119,20.7,75,5.4,354,0
2025-11-10 03:00:00,56.2,38.9,1004.0,484,60.3,18.7,9.0,29.0,0.0,118,20.2,76,3.8,360,0
2025-11-10 04:00:00,47.3,32.8,749.0,487,50.4,16.4,15.0,26.0,0.0,118,19.8,79,1.4,360,0
2025-11-10 05:00:00,46.3,30.4,831.0,492,37.6,13.8,26.0,24.0,0.0,117,19.0,83,2.4,351,0
2025-11-10 06:00:00,51.1,33.9,1649.0,504,41.7,15.9,19.0,23.0,0.0,115,19.0,83,2.9,353,0
2025-11-10 07:00:00,62.4,44.7,2806.0,519,47.0,18.9,11.0,21.0,0.05,113,18.7,84,1.8,354,0
2025-11-10 08:00:00,70.8,57.3,3355.0,522,47.3,22.2,14.0,20.0,0.6,111,20.2,76,1.8,349,1
2025-11-10 09:00:00,51.5,37.0,2678.0,502,38.1,26.2,40.0,20.0,1.95,108,22.9,67,1.4,320,2
2025-11-10 10:00:00,43.9,27.1,1394.0,471,24.0,30.4,77.0,21.0,3.8,106,25.0,62,4.4,249,0
2025-11-10 11:00:00,41.9,26.4,420.0,448,12.9,32.8,108.0,21.0,5.45,104,26.8,52,7.1,229,0
2025-11-10 12:00:00,38.9,25.6,157.0,441,8.0,31.9,127.0,20.0,6.15,103,27.4,51,9.2,220,0
2025-11-10 13:00:00,36.4,24.9,204.0,442,6.2,29.2,140.0,19.0,5.65,102,27.5,54,11.3,219,2
2025-11-10 14:00:00,35.9,24.7,278.0,444,5.9,26.7,144.0,18.0,4.15,101,27.3,56,12.0,223,9
2025-11-10 15:00:00,34.5,23.8,264.0,443,5.5,25.1,139.0,17.0,2.35,101,27.0,56,11.2,224,12
2025-11-10 16:00:00,32.8,22.5,277.0,443,6.6,23.7,126.0,16.0,0.9,100,26.6,57,10.3,223,5
2025-11-10 17:00:00,30.9,21.9,381.0,445,12.5,23.0,108.0,11.0,0.15,99,25.9,57,9.7,228,0
2025-11-10 18:00:00,33.1,26.0,628.0,449,28.9,21.8,81.0,10.0,0.0,99,25.4,58,7.9,231,0
2025-11-10 19:00:00,37.3,31.0,965.0,455,51.6,20.2,45.0,9.0,0.0,98,25.0,59,5.7,229,0
2025-11-10 20:00:00,41.0,34.7,1300.0,462,68.8,19.7,17.0,8.0,0.0,98,24.7,61,5.2,226,0
2025-11-10 21:00:00,46.7,39.6,1651.0,471,75.1,21.5,7.0,9.0,0.0,98,24.3,63,5.1,243,0
2025-11-10 22:00:00,53.8,45.4,2000.0,481,75.9,24.5,7.0,11.0,0.0,98,24.0,65,3.1,249,0
2025-11-10 23:00:00,59.6,50.3,2202.0,488,75.9,26.7,7.0,12.0,0.0,99,22.7,72,1.2,243,2
2025-11-11 00:00:00,62.2,52.2,2172.0,491,76.8,27.3,6.0,13.0,0.0,99,22.5,72,3.3,299,6
2025-11-11 01:00:00,62.6,51.9,1995.0,493,76.9,27.1,6.0,14.0,0.0,99,21.5,76,3.5,336,19
2025-11-11 02:00:00,61.9,50.9,1774.0,493,75.8,26.5,6.0,14.0,0.0,100,20.9,77,3.7,11,80
2025-11-11 03:00:00,61.5,51.1,1446.0,492,73.1,25.3,6.0,14.0,0.0,100,20.5,78,2.8,18,93
2025-11-11 04:00:00,60.8,50.6,1075.0,491,69.1,23.8,5.0,13.0,0.0,101,20.1,79,2.8,27,81
2025-11-11 05:00:00,60.8,50.5,958.0,491,65.6,22.7,5.0,13.0,0.0,103,19.4,85,3.2,27,71
2025-11-11 06:00:00,64.5,56.3,1394.0,498,62.2,21.5,2.0,11.0,0.0,105,19.4,85,3.5,35,44
2025-11-11 07:00:00,74.5,68.0,2085.0,507,57.0,20.3,0.0,8.0,0.05,108,19.3,85,4.0,51,37
2025-11-11 08:00:00,86.6,82.7,2434.0,508,49.9,22.7,7.0,6.0,0.6,110,20.1,81,3.3,68,57
2025-11-11 09:00:00,57.9,48.9,2077.0,494,39.5,32.9,37.0,8.0,2.0,113,22.6,69,2.5,90,2
2025-11-11 10:00:00,41.8,29.3,1378.0,473,27.1,46.8,78.0,11.0,3.8,114,24.4,64,2.4,144,1
2025-11-11 11:00:00,34.0,25.6,829.0,457,17.4,55.2,112.0,13.0,5.35,114,26.0,55,4.3,178,0
2025-11-11 12:00:00,33.4,26.4,638.0,452,12.0,53.1,134.0,12.0,6.05,114,26.9,53,5.7,189,0
2025-11-11 13:00:00,33.4,27.1,596.0,453,9.1,45.6,150.0,11.0,5.55,114,27.3,54,7.8,193,1
2025-11-11 14:00:00,33.4,27.5,571.0,453,8.0,38.9,157.0,9.0,4.05,115,27.4,55,9.7,202,0
2025-11-11 15:00:00,33.1,27.3,496.0,451,7.4,35.5,156.0,9.0,2.3,115,26.9,57,10.9,211,3
2025-11-11 16:00:00,32.0,26.5,438.0,448,8.6,33.0,146.0,8.0,0.85,115,26.4,58,10.2,222,2
2025-11-11 17:00:00,27.8,22.8,458.0,448,13.5,28.9,128.0,8.0,0.15,116,25.6,59,9.3,226,1
2025-11-11 18:00:00,31.0,26.8,609.0,450,30.6,26.5,97.0,7.0,0.0,116,24.9,64,9.0,233,2
2025-11-11 19:00:00,34.8,31.1,839.0,455,54.2,23.2,54.0,6.0,0.0,116,24.5,66,7.3,247,1
2025-11-11 20:00:00,36.6,32.8,1054.0,460,72.0,21.3,21.0,5.0,0.0,116,24.1,69,5.9,247,0
2025-11-11 21:00:00,40.7,36.1,1269.0,467,78.2,22.2,10.0,5.0,0.0,116,23.8,71,6.1,251,0
2025-11-11 22:00:00,46.4,40.9,1469.0,476,78.6,24.5,10.0,6.0,0.0,115,23.5,72,5.0,251,0
2025-11-11 23:00:00,52.3,46.1,1520.0,480,77.7,26.0,10.0,7.0,0.0,115,22.5,79,2.3,266,0
2025-11-12 00:00:00,55.4,48.7,1303.0,477,77.5,25.7,8.0,7.0,0.0,114,22.6,78,3.5,298,0
2025-11-12 01:00:00,53.6,46.6,937.0,470,76.0,24.6,6.0,8.0,0.0,114,21.6,82,7.0,320,0
2025-11-12 02:00:00,48.8,42.0,645.0,466,71.7,23.1,7.0,8.0,0.0,113,20.9,83,7.0,350,0
2025-11-12 03:00:00,41.1,35.4,476.0,468,61.5,20.7,13.0,8.0,0.0,112,20.5,85,6.5,358,0
2025-11-12 04:00:00,35.0,29.6,381.0,472,48.5,17.8,21.0,7.0,0.0,111,20.3,85,6.5,2,0
2025-11-12 05:00:00,39.0,31.8,437.0,477,43.3,15.8,22.0,9.0,0.0,109,20.0,85,5.8,2,0
2025-11-12 06:00:00,39.8,33.5,796.0,484,46.4,16.6,16.0,9.0,0.0,107,19.6,86,5.9,358,1
2025-11-12 07:00:00,49.1,42.5,1305.0,491,50.3,17.8,10.0,9.0,0.05,104,19.2,87,5.6,4,2
2025-11-12 08:00:00,55.1,49.2,1582.0,492,49.5,20.4,16.0,9.0,0.6,102,19.9,84,4.4,9,2
2025-11-12 09:00:00,42.0,33.1,1394.0,482,39.7,25.8,45.0,10.0,1.95,98,22.3,73,3.1,3,0
2025-11-12 10:00:00,32.9,22.7,973.0,467,25.4,32.4,87.0,11.0,3.75,97,24.8,62,3.4,335,0
2025-11-12 11:00:00,29.3,21.9,631.0,455,14.1,36.8,122.0,12.0,5.4,96,26.7,49,2.2,261,0
2025-11-12 12:00:00,29.5,23.3,490.0,451,9.0,36.9,143.0,12.0,6.1,96,28.1,41,4.1,221,0
2025-11-12 13:00:00,30.4,24.2,428.0,450,7.0,34.7,157.0,12.0,5.6,96,28.5,43,8.0,214,0
2025-11-12 14:00:00,31.9,25.1,397.0,450,6.7,32.6,163.0,12.0,4.1,96,28.0,52,11.6,221,0
2025-11-12 15:00:00,32.6,25.5,369.0,449,7.4,31.7,160.0,12.0,2.3,95,27.4,56,12.4,229,0
2025-11-12 16:00:00,32.2,25.0,373.0,449,9.9,30.8,148.0,12.0,0.9,95,27.0,54,10.7,240,0
2025-11-12 17:00:00,30.2,24.2,441.0,451,15.0,32.7,137.0,10.0,0.15,95,26.6,54,9.9,251,0
2025-11-12 18:00:00,32.1,26.7,624.0,455,25.2,29.1,109.0,10.0,0.0,104,25.7,59,8.4,263,0
2025-11-12 19:00:00,32.2,26.5,871.0,461,39.3,24.1,69.0,9.0,0.0,109,24.9,67,7.1,277,0
2025-11-12 20:00:00,32.1,26.3,1070.0,467,50.4,20.3,39.0,9.0,0.0,98,24.3,74,6.7,278,0
2025-11-12 21:00:00,32.9,26.8,1200.0,473,56.0,18.8,27.0,9.0,0.0,94,23.9,78,5.8,268,0
2025-11-12 22:00:00,34.5,28.0,1281.0,478,58.5,18.5,23.0,10.0,0.0,93,23.5,80,6.0,280,0
2025-11-12 23:00:00,37.8,30.7,1258.0,480,58.1,18.0,23.0,10.0,0.0,92,22.9,83,4.8,292,0
2025-11-13 00:00:00,41.3,33.2,1056.0,477,54.1,16.7,24.0,10.0,0.0,91,22.2,84,8.0,324,0
2025-11-13 01:00:00,40.0,31.8,751.0,471,47.2,15.1,28.0,11.0,0.0,90,21.5,86,7.4,342,0
2025-11-13 02:00:00,36.0,27.6,509.0,467,40.0,14.0,33.0,12.0,0.0,88,21.1,87,6.6,347,0
2025-11-13 03:00:00,33.4,24.0,358.0,468,31.8,13.3,39.0,14.0,0.0,87,20.9,88,6.1,358,0
2025-11-13 04:00:00,32.2,21.7,272.0,472,23.3,13.1,45.0,16.0,0.0,86,20.4,90,6.5,6,0
2025-11-13 05:00:00,35.9,23.9,336.0,477,24.3,13.5,39.0,17.0,0.0,85,19.9,92,6.6,9,2
2025-11-13 06:00:00,39.1,26.1,707.0,484,31.9,14.7,30.0,18.0,0.0,85,19.7,90,6.3,7,1
2025-11-13 07:00:00,46.7,33.9,1230.0,492,41.9,16.6,18.0,19.0,0.05,84,19.2,89,6.3,7,0
2025-11-13 08:00:00,50.2,38.4,1524.0,494,46.1,20.5,21.0,20.0,0.65,83,19.9,81,4.8,13,0
2025-11-13 09:00:00,46.3,32.4,1356.0,485,38.8,28.5,49.0,23.0,2.0,82,22.4,68,3.6,9,0
2025-11-13 10:00:00,42.7,22.9,960.0,471,25.6,38.4,92.0,26.0,3.9,82,25.1,57,4.0,357,0
2025-11-13 11:00:00,37.4,22.2,656.0,460,15.0,44.7,127.0,28.0,5.5,82,27.1,48,1.8,270,0
2025-11-13 12:00:00,36.4,24.0,586.0,457,10.1,44.3,148.0,28.0,6.2,82,28.6,37,4.1,209,0
2025-11-13 13:00:00,37.1,24.3,609.0,456,7.7,40.3,163.0,26.0,5.65,82,29.1,36,7.4,206,0
2025-11-13 14:00:00,37.8,24.8,620.0,456,7.1,36.7,170.0,24.0,4.1,82,29.0,38,9.7,211,0
2025-11-13 15:00:00,38.1,25.1,557.0,453,7.8,35.3,170.0,23.0,2.3,82,28.6,38,11.2,221,0
2025-11-13 16:00:00,38.0,25.6,483.0,451,10.3,34.4,163.0,22.0,0.85,82,27.9,39,10.9,239,0
2025-11-13 17:00:00,32.6,24.2,483.0,450,14.8,35.0,152.0,15.0,0.15,97,27.3,44,9.1,252,0
2025-11-13 18:00:00,37.6,30.9,629.0,454,23.4,31.1,124.0,14.0,0.0,119,26.0,56,8.1,267,0
2025-11-13 19:00:00,37.0,30.3,849.0,460,35.2,25.6,85.0,13.0,0.0,125,25.1,67,7.7,282,0
2025-11-13 20:00:00,34.8,27.9,1011.0,465,43.8,21.3,55.0,12.0,0.0,116,24.5,71,7.7,295,0
2025-11-13 21:00:00,33.8,26.7,1070.0,468,45.9,19.5,44.0,12.0,0.0,97,23.8,75,7.2,309,0
2025-11-13 22:00:00,34.8,27.6,1071.0,470,44.8,18.8,41.0,12.0,0.0,83,23.1,78,7.6,329,0
2025-11-13 23:00:00,37.0,29.8,1011.0,472,43.8,18.2,39.0,12.0,0.0,83,22.4,78,7.2,342,0
2025-11-14 00:00:00,38.4,31.7,856.0,472,44.2,17.3,33.0,12.0,0.0,83,22.0,79,7.3,350,0
2025-11-14 01:00:00,38.5,32.1,641.0,472,44.7,16.5,27.0,11.0,0.0,83,21.5,80,7.2,341,0
2025-11-14 02:00:00,38.1,31.8,471.0,472,44.3,15.8,23.0,11.0,0.0,83,21.0,83,7.3,343,0
2025-11-14 03:00:00,37.1,30.7,334.0,472,41.8,14.9,21.0,11.0,0.0,83,20.5,85,7.4,347,0
2025-11-14 04:00:00,35.6,29.3,241.0,472,38.3,14.0,20.0,11.0,0.0,84,20.1,86,7.5,350,0
2025-11-14 05:00:00,37.4,30.6,332.0,475,41.6,14.3,15.0,12.0,0.0,84,19.7,86,6.2,348,0
2025-11-14 06:00:00,37.4,31.4,808.0,484,44.4,15.6,10.0,10.0,0.0,85,19.4,86,6.3,357,0
2025-11-14 07:00:00,44.7,39.2,1468.0,495,47.8,17.9,4.0,8.0,0.05,86,18.9,85,6.2,10,0
2025-11-14 08:00:00,55.3,50.5,1841.0,500,47.2,22.0,11.0,8.0,0.65,86,19.7,75,5.9,14,0
2025-11-14 09:00:00,47.0,39.2,1652.0,492,39.0,30.8,42.0,12.0,2.0,87,22.5,59,4.7,2,0
2025-11-14 10:00:00,37.4,25.3,1178.0,477,26.7,41.5,86.0,18.0,3.85,88,25.5,44,3.4,344,0
2025-11-14 11:00:00,31.9,20.8,775.0,465,16.7,47.2,122.0,21.0,5.55,88,28.2,33,3.8,267,0
2025-11-14 12:00:00,27.5,18.3,569.0,458,11.1,43.3,141.0,20.0,6.25,88,29.5,24,4.5,241,0
2025-11-14 13:00:00,25.6,17.7,434.0,454,7.7,34.5,151.0,16.0,5.75,87,29.8,28,7.9,235,0
2025-11-14 14:00:00,25.6,18.1,357.0,451,6.5,27.6,156.0,14.0,4.25,87,29.5,35,10.9,243,0
2025-11-14 15:00:00,26.0,18.5,341.0,450,7.0,25.9,157.0,14.0,2.4,86,29.1,35,12.6,253,0
2025-11-14 16:00:00,26.4,18.7,382.0,450,9.6,26.3,151.0,15.0,0.9,85,28.3,35,13.6,262,0
2025-11-14 17:00:00,22.6,17.0,455.0,452,14.5,26.7,140.0,10.0,0.15,85,26.9,39,12.1,280,0
2025-11-14 18:00:00,31.9,27.0,549.0,455,24.6,24.6,114.0,11.0,0.0,101,25.6,48,9.3,292,0
2025-11-14 19:00:00,32.6,27.0,676.0,458,38.7,21.7,78.0,11.0,0.0,107,24.5,59,9.1,295,0
2025-11-14 20:00:00,31.7,25.1,844.0,463,49.3,19.5,50.0,12.0,0.0,98,23.8,64,7.8,296,0
2025-11-14 21:00:00,32.2,25.0,1131.0,470,53.2,19.0,38.0,12.0,0.0,83,23.3,65,7.5,297,0
2025-11-14 22:00:00,34.6,27.1,1459.0,478,53.7,19.2,34.0,12.0,0.0,83,22.8,65,6.4,315,0
2025-11-14 23:00:00,38.8,31.4,1601.0,484,53.8,19.0,30.0,12.0,0.0,83,22.0,68,5.7,347,0
2025-11-15 00:00:00,40.7,34.9,1401.0,485,54.8,17.8,24.0,11.0,0.0,83,21.4,69,7.8,355,0
2025-11-15 01:00:00,38.6,34.1,1016.0,483,55.4,16.3,18.0,9.0,0.0,84,20.8,69,8.1,359,0
2025-11-15 02:00:00,35.4,31.5,691.0,481,54.1,15.0,15.0,7.0,0.0,84,20.3,70,8.1,359,0
2025-11-15 03:00:00,32.2,28.9,467.0,479,48.9,14.0,16.0,6.0,0.0,84,19.8,72,8.6,358,0
2025-11-15 04:00:00,29.3,26.4,303.0,478,41.9,13.3,19.0,5.0,0.0,84,19.8,71,9.0,358,0
2025-11-15 05:00:00,34.0,29.7,326.0,478,48.7,13.2,9.0,7.0,0.0,83,19.5,74,9.2,357,0
2025-11-15 06:00:00,34.0,30.0,723.0,483,49.7,14.8,6.0,6.0,0.0,83,19.2,71,8.5,359,0
2025-11-15 07:00:00,42.3,38.3,1307.0,490,50.7,17.2,3.0,5.0,0.05,83,19.0,68,7.2,4,0
2025-11-15 08:00:00,54.5,51.1,1641.0,492,48.1,21.1,11.0,6.0,0.6,83,19.5,63,6.5,14,0
2025-11-15 09:00:00,48.1,42.0,1467.0,485,38.8,28.2,41.0,10.0,1.95,83,21.9,50,4.7,9,0
2025-11-15 10:00:00,37.5,25.0,1044.0,473,25.9,36.7,82.0,15.0,3.8,83,25.5,36,5.0,2,0
2025-11-15 11:00:00,29.3,19.4,705.0,463,15.7,41.9,116.0,18.0,5.45,83,28.0,28,3.1,347,0
2025-11-15 12:00:00,25.3,18.1,577.0,458,10.3,41.1,137.0,17.0,6.1,83,29.3,20,1.4,157,0
2025-11-15 13:00:00,25.1,18.9,533.0,455,7.6,37.1,151.0,14.0,5.55,83,29.9,20,5.1,176,0
2025-11-15 14:00:00,26.4,20.4,532.0,454,6.8,33.5,158.0,11.0,4.05,83,30.0,23,8.0,194,0
2025-11-15 15:00:00,27.2,21.3,567.0,454,6.5,31.6,161.0,10.0,2.3,83,29.6,28,10.5,213,0
2025-11-15 16:00:00,27.2,21.4,643.0,455,8.2,30.1,157.0,10.0,0.85,84,28.6,34,12.9,238,0
2025-11-15 17:00:00,22.3,19.1,737.0,456,15.8,31.8,145.0,6.0,0.15,84,27.8,30,13.7,261,0
2025-11-15 18:00:00,33.3,31.1,860.0,458,30.3,29.2,115.0,5.0,0.0,102,26.5,32,11.1,300,0
2025-11-15 19:00:00,32.4,30.4,999.0,460,50.4,25.7,74.0,4.0,0.0,109,25.3,36,8.5,332,0
2025-11-15 20:00:00,31.8,29.9,1097.0,463,66.0,23.3,41.0,3.0,0.0,100,24.5,43,7.0,312,0
2025-11-15 21:00:00,32.8,31.1,1142.0,467,73.6,23.4,25.0,3.0,0.0,85,23.7,50,7.2,309,0
2025-11-15 22:00:00,36.7,34.9,1145.0,473,76.7,24.5,18.0,2.0,0.0,86,23.0,52,7.7,342,0
2025-11-15 23:00:00,43.4,41.9,1079.0,477,76.4,24.6,14.0,2.0,0.0,86,22.4,54,8.0,9,0
2025-11-16 00:00:00,44.0,42.8,890.0,480,72.0,22.3,13.0,2.0,0.0,87,22.0,54,8.1,357,0
2025-11-16 01:00:00,37.6,36.7,633.0,482,64.1,18.9,17.0,1.0,0.0,88,21.4,56,8.5,360,0
2025-11-16 02:00:00,32.4,31.5,436.0,483,55.6,16.1,21.0,1.0,0.0,88,20.8,55,8.1,13,0
2025-11-16 03:00:00,28.6,27.8,325.0,480,45.5,14.5,27.0,1.0,0.0,88,20.5,50,8.0,20,0
2025-11-16 04:00:00,25.5,24.7,276.0,476,34.9,13.5,35.0,1.0,0.0,88,20.5,42,9.4,4,0
2025-11-16 05:00:00,25.5,24.9,346.0,474,36.9,13.6,30.0,1.0,0.0,88,19.9,41,8.9,14,0
2025-11-16 06:00:00,24.4,23.9,647.0,476,42.1,14.6,25.0,1.0,0.0,88,19.3,43,9.0,23,0
2025-11-16 07:00:00,29.5,28.9,1068.0,481,48.7,16.2,19.0,1.0,0.05,87,19.1,44,9.0,29,0
2025-11-16 08:00:00,34.8,34.3,1332.0,482,50.0,19.1,26.0,1.0,0.6,86,20.0,42,8.9,32,0
2025-11-16 09:00:00,36.3,35.9,1297.0,478,40.8,24.9,58.0,1.0,2.0,85,22.3,36,8.5,35,0
2025-11-16 10:00:00,26.1,25.2,1105.0,471,26.2,31.8,102.0,1.0,3.85,84,25.9,28,6.2,44,0
2025-11-16 11:00:00,18.9,18.1,907.0,464,14.6,35.6,137.0,1.0,5.5,84,28.4,22,5.5,71,0
2025-11-16 12:00:00,16.5,15.8,716.0,459,9.3,33.2,154.0,1.0,6.25,84,29.8,18,5.2,96,0
2025-11-16 13:00:00,17.4,16.8,518.0,454,7.0,27.6,161.0,1.0,5.75,84,30.4,17,3.2,142,0
2025-11-16 14:00:00,18.3,17.7,423.0,451,6.7,23.3,164.0,1.0,4.25,84,30.6,17,2.5,176,0
2025-11-16 15:00:00,18.9,18.2,412.0,450,4.9,21.4,166.0,1.0,2.4,84,30.5,18,2.1,200,0
2025-11-16 16:00:00,19.0,18.4,502.0,450,5.1,20.8,164.0,1.0,0.9,83,30.1,19,3.1,234,0
2025-11-16 17:00:00,15.8,15.5,859.0,456,16.4,22.5,147.0,1.0,0.15,102,28.6,33,6.5,242,0
2025-11-16 18:00:00,33.2,32.9,1789.0,472,43.9,25.2,110.0,1.0,0.0,121,27.0,44,9.4,250,0
2025-11-16 19:00:00,44.6,44.4,2984.0,493,81.5,29.1,60.0,0.0,0.0,122,25.9,46,9.4,278,0
2025-11-16 20:00:00,48.4,48.3,3687.0,508,107.2,32.3,23.0,0.0,0.0,106,25.4,44,8.2,303,0
2025-11-16 21:00:00,51.7,51.6,3479.0,510,109.9,34.9,13.0,0.0,0.0,86,24.6,47,6.6,334,0
2025-11-16 22:00:00,54.1,53.9,2778.0,505,100.6,37.0,16.0,0.0,0.0,88,23.5,48,7.6,1,0
2025-11-16 23:00:00,54.4,54.1,2077.0,499,91.0,36.6,19.0,0.0,0.0,89,22.5,43,7.6,25,0
2025-11-17 00:00:00,51.1,50.8,1483.0,492,84.4,32.0,18.0,0.0,0.0,90,22.2,37,7.3,20,0
2025-11-17 01:00:00,45.4,45.2,888.0,483,77.4,25.1,18.0,1.0,0.0,91,21.5,38,8.1,18,0
2025-11-17 02:00:00,40.5,40.2,464.0,477,71.0,19.5,17.0,1.0,0.0,92,20.7,40,8.3,18,0
2025-11-17 03:00:00,35.9,35.5,270.0,475,65.3,16.4,16.0,1.0,0.0,93,20.2,43,8.3,14,0
2025-11-17 04:00:00,30.5,30.3,245.0,475,60.3,14.7,16.0,1.0,0.0,93,19.8,44,7.7,12,0
2025-11-17 05:00:00,30.0,29.7,382.0,477,58.6,14.1,12.0,1.0,0.0,94,18.5,48,6.0,16,0
2025-11-17 06:00:00,27.6,27.4,795.0,484,59.7,15.6,9.0,1.0,0.0,94,18.1,49,5.4,2,0
2025-11-17 07:00:00,33.3,32.9,1370.0,493,60.7,18.0,7.0,1.0,0.05,94,18.0,49,5.0,19,0
2025-11-17 08:00:00,42.6,42.4,1748.0,497,57.4,22.7,17.0,1.0,0.6,95,18.7,47,4.8,37,0
2025-11-17 09:00:00,40.4,40.0,1756.0,493,46.0,32.1,52.0,1.0,1.9,95,21.5,40,3.5,51,0
2025-11-17 10:00:00,29.4,28.8,1568.0,484,30.3,43.7,99.0,1.0,3.7,96,25.1,28,1.9,73,0
2025-11-17 11:00:00,19.5,19.0,1348.0,475,18.2,51.5,138.0,1.0,5.3,96,27.5,22,1.6,174,0
2025-11-17 12:00:00,19.0,18.6,1120.0,468,12.7,51.9,161.0,1.0,6.0,96,28.8,20,3.7,203,0
2025-11-17 13:00:00,20.8,20.5,860.0,463,10.7,48.5,175.0,1.0,5.5,97,29.2,21,6.2,206,0
2025-11-17 14:00:00,22.9,22.5,659.0,458,10.6,45.7,183.0,1.0,4.05,97,29.3,23,8.7,214,0
2025-11-17 15:00:00,25.1,24.6,521.0,455,11.0,45.9,189.0,1.0,2.25,97,28.9,27,9.9,228,0
2025-11-17 16:00:00,26.7,26.3,441.0,453,13.2,46.8,190.0,1.0,0.85,98,28.1,33,10.0,249,0
2025-11-17 17:00:00,27.4,27.0,501.0,454,19.1,49.2,185.0,1.0,0.15,119,27.3,37,9.4,263,0
2025-11-17 18:00:00,45.4,44.9,829.0,462,36.8,44.6,147.0,1.0,0.0,147,26.1,42,8.3,275,0
2025-11-17 19:00:00,45.5,44.9,1297.0,473,60.9,38.2,94.0,1.0,0.0,156,25.0,49,6.9,277,0
2025-11-17 20:00:00,43.4,42.6,1593.0,481,77.1,32.8,54.0,1.0,0.0,148,24.4,52,6.8,282,0
2025-11-17 21:00:00,42.3,41.1,1563.0,483,77.5,29.6,40.0,1.0,0.0,125,23.9,54,6.5,300,0
2025-11-17 22:00:00,42.7,41.3,1362.0,482,70.0,27.6,39.0,2.0,0.0,99,23.1,57,6.9,323,0
2025-11-17 23:00:00,45.3,43.5,1146.0,481,63.6,26.0,38.0,2.0,0.0,98,22.4,60,6.0,335,0
2025-11-18 00:00:00,47.6,45.5,945.0,479,62.4,25.1,33.0,2.0,0.0,97,21.5,63,7.3,351,0
2025-11-18 01:00:00,48.7,46.3,728.0,477,62.4,24.7,28.0,3.0,0.0,97,20.9,66,7.6,353,0
2025-11-18 02:00:00,49.7,47.3,561.0,476,60.6,23.9,25.0,3.0,0.0,97,20.4,69,7.6,357,0
2025-11-18 03:00:00,49.7,47.5,431.0,478,54.3,21.8,24.0,3.0,0.0,97,19.9,72,7.0,3,0
2025-11-18 04:00:00,46.4,44.5,350.0,481,46.3,19.3,24.0,3.0,0.0,98,19.4,75,6.1,14,0
2025-11-18 05:00:00,50.3,48.1,420.0,485,47.3,21.3,22.0,3.0,0.0,100,18.4,73,3.5,12,0
2025-11-18 06:00:00,49.2,47.3,811.0,491,50.6,21.3,15.0,3.0,0.0,102,18.1,73,5.8,5,0
2025-11-18 07:00:00,54.5,52.7,1353.0,497,54.6,21.5,7.0,2.0,0.05,104,17.5,74,6.9,7,0
2025-11-18 08:00:00,60.8,59.3,1642.0,497,53.5,24.1,13.0,2.0,0.6,106,18.5,69,6.2,12,0
2025-11-18 09:00:00,48.4,46.1,1425.0,485,42.5,31.4,47.0,3.0,1.9,108,21.4,57,5.5,11,0
2025-11-18 10:00:00,36.1,32.0,956.0,467,26.5,41.1,95.0,3.0,3.7,108,24.5,52,4.2,12,0
2025-11-18 11:00:00,32.4,29.5,589.0,454,14.2,47.6,136.0,4.0,5.35,108,26.5,45,1.7,328,0
2025-11-18 12:00:00,31.0,28.9,470.0,450,9.1,48.1,161.0,4.0,6.05,110,28.2,31,0.6,198,0
2025-11-18 13:00:00,31.2,29.4,453.0,450,7.7,45.5,178.0,3.0,5.5,111,29.0,28,3.0,194,0
2025-11-18 14:00:00,32.2,30.4,463.0,451,8.0,43.2,188.0,3.0,4.0,112,29.1,31,6.4,207,0
2025-11-18 15:00:00,33.2,31.3,470.0,450,8.3,42.8,192.0,3.0,2.25,112,28.5,41,10.4,219,0
2025-11-18 16:00:00,33.9,31.9,504.0,449,10.2,42.7,187.0,3.0,0.85,113,27.3,51,12.9,234,0
2025-11-18 17:00:00,33.4,31.7,569.0,450,16.2,44.6,177.0,3.0,0.15,118,26.7,49,11.7,247,0
2025-11-18 18:00:00,47.3,45.5,692.0,453,32.8,40.4,139.0,3.0,0.0,146,25.8,49,8.1,275,0
2025-11-18 19:00:00,47.4,45.4,847.0,457,55.6,34.6,85.0,3.0,0.0,154,24.8,55,6.2,322,0
2025-11-18 20:00:00,46.9,44.6,964.0,461,72.3,30.0,44.0,3.0,0.0,145,23.9,60,5.4,307,0
2025-11-18 21:00:00,48.1,45.5,1027.0,465,77.3,28.0,27.0,3.0,0.0,120,23.2,66,6.7,324,0
2025-11-18 22:00:00,49.5,46.9,1052.0,469,76.3,27.2,21.0,4.0,0.0,115,22.5,72,8.2,350,0
2025-11-18 23:00:00,51.0,48.3,1022.0,473,73.5,26.1,18.0,4.0,0.0,116,21.6,73,7.4,356,0
2025-11-19 00:00:00,51.0,48.3,905.0,477,70.3,24.0,15.0,4.0,0.0,116,21.0,74,6.7,351,0
2025-11-19 01:00:00,50.1,47.3,733.0,481,65.4,21.5,15.0,4.0,0.0,116,20.4,74,5.4,6,0
2025-11-19 02:00:00,49.1,46.1,585.0,485,59.4,19.4,16.0,4.0,0.0,116,19.8,76,4.9,8,0
2025-11-19 03:00:00,47.4,44.2,431.0,488,50.5,17.5,20.0,4.0,0.0,116,19.2,78,5.6,360,0
2025-11-19 04:00:00,44.7,41.4,302.0,491,40.4,16.0,26.0,4.0,0.0,116,18.9,80,6.8,349,0
2025-11-19 05:00:00,48.1,44.4,365.0,494,43.4,18.3,23.0,5.0,0.0,116,18.8,81,7.5,349,0
2025-11-19 06:00:00,47.7,44.1,842.0,501,48.2,19.5,16.0,5.0,0.0,115,18.5,81,7.3,350,0
2025-11-19 07:00:00,54.7,50.9,1512.0,510,54.4,21.3,9.0,4.0,0.05,115,18.2,80,6.5,357,0
2025-11-19 08:00:00,62.9,59.6,1882.0,510,54.8,24.1,14.0,4.0,0.55,115,19.0,73,4.9,4,0
2025-11-19 09:00:00,49.0,45.5,1651.0,496,44.2,28.6,44.0,4.0,1.8,115,21.8,61,3.2,16,0
2025-11-19 10:00:00,39.5,35.0,1120.0,474,27.8,34.0,87.0,5.0,3.5,115,24.6,59,1.7,347,0
2025-11-19 11:00:00,35.9,32.1,696.0,457,15.1,38.8,124.0,5.0,5.05,115,26.5,51,2.9,223,0
2025-11-19 12:00:00,36.1,33.2,541.0,451,9.7,42.6,150.0,5.0,5.7,115,27.6,43,5.6,202,0
2025-11-19 13:00:00,37.6,35.0,492.0,450,7.9,45.7,171.0,4.0,5.2,116,28.0,42,7.9,200,0
2025-11-19 14:00:00,39.0,36.7,468.0,450,7.8,47.4,183.0,3.0,3.8,116,28.0,41,9.5,202,0
2025-11-19 15:00:00,39.9,37.6,425.0,448,8.4,47.3,184.0,3.0,2.1,117,27.8,43,9.8,210,0
2025-11-19 16:00:00,39.7,37.5,407.0,447,10.8,45.7,177.0,2.0,0.8,118,27.1,47,8.9,222,0
2025-11-19 17:00:00,35.9,34.1,462.0,448,14.8,43.0,158.0,2.0,0.15,118,26.4,48,7.7,239,0
2025-11-19 18:00:00,43.0,41.7,667.0,453,29.7,39.3,125.0,2.0,0.0,129,25.5,53,7.6,258,0
2025-11-19 19:00:00,44.1,42.8,945.0,459,50.2,34.2,80.0,1.0,0.0,137,24.8,57,7.3,287,0
2025-11-19 20:00:00,42.5,41.2,1119.0,464,64.9,29.9,45.0,1.0,0.0,128,23.9,61,6.8,312,0
2025-11-19 21:00:00,41.0,39.7,1100.0,465,69.2,27.4,31.0,1.0,0.0,117,23.2,65,6.8,325,0
2025-11-19 22:00:00,40.0,38.8,976.0,465,67.6,25.7,28.0,1.0,0.0,117,22.6,68,8.0,329,0
2025-11-19 23:00:00,39.2,38.1,837.0,464,62.5,23.7,29.0,1.0,0.0,116,21.8,71,8.4,335,0
2025-11-20 00:00:00,36.8,35.6,694.0,464,52.6,20.9,36.0,1.0,0.0,115,21.2,75,8.9,336,0
2025-11-20 01:00:00,33.4,32.1,536.0,464,39.1,17.8,47.0,1.0,0.0,114,20.7,79,8.1,335,0
2025-11-20 02:00:00,30.9,29.5,417.0,465,28.3,15.5,55.0,1.0,0.0,112,20.2,83,7.9,340,0
2025-11-20 03:00:00,29.3,27.9,321.0,468,21.7,14.1,57.0,1.0,0.0,110,19.8,85,7.1,344,0
2025-11-20 04:00:00,28.6,27.2,265.0,472,17.8,13.5,55.0,1.0,0.0,109,19.4,85,6.8,348,0
2025-11-20 05:00:00,35.0,33.5,353.0,477,24.1,14.2,40.0,1.0,0.0,107,18.6,85,6.7,360,0
2025-11-20 06:00:00,40.0,38.8,748.0,483,31.9,15.3,27.0,1.0,0.0,106,18.1,85,6.6,11,0
2025-11-20 07:00:00,51.6,50.3,1287.0,490,42.1,17.2,11.0,1.0,0.05,105,17.8,84,6.8,11,0
2025-11-20 08:00:00,61.2,60.3,1583.0,491,46.8,20.5,11.0,1.0,0.55,105,18.5,80,7.3,11,0
2025-11-20 09:00:00,47.7,46.4,1389.0,483,40.6,26.5,39.0,1.0,1.75,105,21.4,67,6.7,6,0
2025-11-20 10:00:00,34.2,32.4,952.0,469,28.8,34.0,83.0,1.0,3.45,106,24.5,58,4.4,7,0
2025-11-20 11:00:00,30.6,29.0,631.0,459,19.0,40.3,122.0,1.0,5.0,105,26.2,49,1.3,352,0
2025-11-20 12:00:00,31.7,30.2,587.0,457,13.6,44.5,150.0,1.0,5.65,105,27.9,37,1.6,186,0
2025-11-20 13:00:00,34.6,33.1,658.0,459,10.1,47.4,173.0,1.0,5.1,105,28.5,36,4.4,192,0
2025-11-20 14:00:00,36.4,35.0,716.0,460,8.8,48.8,186.0,1.0,3.7,104,28.4,42,7.4,202,0
2025-11-20 15:00:00,37.7,36.3,694.0,458,9.2,48.5,189.0,1.0,2.05,104,28.0,47,9.2,213,0
2025-11-20 16:00:00,38.1,36.7,658.0,456,11.7,46.7,182.0,1.0,0.75,104,27.4,48,10.3,227,0
2025-11-20 17:00:00,32.2,31.7,677.0,455,16.4,48.8,173.0,0.0,0.1,106,26.8,48,10.3,232,0
2025-11-20 18:00:00,36.7,36.1,814.0,458,27.7,43.7,139.0,0.0,0.0,134,25.6,58,8.4,261,0
2025-11-20 19:00:00,37.5,36.8,1005.0,463,43.3,36.6,92.0,0.0,0.0,146,24.7,67,6.9,290,0
2025-11-20 20:00:00,34.8,34.2,1126.0,467,54.8,30.8,55.0,0.0,0.0,140,23.8,74,6.8,292,0
2025-11-20 21:00:00,33.6,33.1,1125.0,469,58.7,27.7,38.0,0.0,0.0,119,23.2,75,7.5,325,0
2025-11-20 22:00:00,34.0,33.3,1054.0,470,58.6,25.8,32.0,0.0,0.0,101,22.6,76,8.7,354,0
2025-11-20 23:00:00,34.8,34.1,944.0,470,56.6,24.0,28.0,0.0,0.0,101,22.0,77,8.5,360,0
2025-11-21 00:00:00,34.0,33.4,773.0,470,52.6,21.8,26.0,0.0,0.0,100,21.5,79,8.4,351,0
2025-11-21 01:00:00,31.8,31.1,561.0,469,46.8,19.6,26.0,0.0,0.0,100,20.9,81,7.9,360,0
2025-11-21 02:00:00,30.5,29.7,406.0,470,42.1,17.8,25.0,0.0,0.0,100,20.4,83,7.1,9,0
2025-11-21 03:00:00,31.1,30.4,306.0,473,39.6,16.4,21.0,0.0,0.0,100,19.9,84,6.5,19,0
2025-11-21 04:00:00,33.6,33.1,262.0,477,38.2,15.3,17.0,0.0,0.0,100,19.5,82,5.8,20,0
2025-11-21 05:00:00,38.4,38.0,368.0,482,46.0,16.7,9.0,0.0,0.0,101,19.0,85,5.1,17,0
2025-11-21 06:00:00,38.9,38.5,772.0,489,46.1,17.5,5.0,0.0,0.0,101,18.9,79,4.9,17,0
2025-11-21 07:00:00,47.1,46.8,1327.0,498,46.0,18.9,2.0,0.0,0.05,101,18.5,74,5.4,26,0
2025-11-21 08:00:00,58.8,58.6,1687.0,501,44.1,22.8,10.0,0.0,0.55,101,19.0,67,5.2,31,0
2025-11-21 09:00:00,40.6,40.3,1674.0,495,39.4,31.5,38.0,0.0,1.7,101,21.5,55,5.0,26,0
2025-11-21 10:00:00,24.7,24.2,1466.0,484,33.0,42.6,77.0,0.0,3.4,100,24.7,39,3.2,56,0
2025-11-21 11:00:00,24.8,24.4,1255.0,475,26.7,50.5,113.0,0.0,4.95,99,27.1,28,4.0,108,0
2025-11-21 12:00:00,26.7,26.1,1081.0,470,20.4,52.4,144.0,1.0,5.65,99,28.5,23,4.1,135,0
2025-11-21 13:00:00,28.6,27.9,903.0,466,14.2,51.0,171.0,1.0,5.15,98,29.2,21,4.4,168,0
2025-11-21 14:00:00,30.5,29.5,792.0,464,10.9,49.3,188.0,2.0,3.8,98,29.4,22,6.0,190,0
2025-11-21 15:00:00,32.1,31.1,795.0,463,10.5,48.4,192.0,2.0,2.1,98,29.2,24,8.2,209,0
2025-11-21 16:00:00,33.2,32.1,865.0,464,12.9,47.1,186.0,1.0,0.8,97,28.6,27,9.3,230,0
2025-11-21 17:00:00,50.9,48.9,934.0,465,19.5,49.9,174.0,3.0,0.1,102,27.5,29,9.3,248,0
2025-11-21 18:00:00,58.4,56.9,979.0,466,36.2,45.2,135.0,3.0,0.0,131,26.1,35,7.0,291,0
2025-11-21 19:00:00,58.2,56.8,1023.0,468,59.1,38.6,82.0,2.0,0.0,144,25.0,42,6.8,318,0
2025-11-21 20:00:00,55.6,54.1,1071.0,471,76.1,33.5,40.0,2.0,0.0,137,23.8,53,7.6,326,0
2025-11-21 21:00:00,55.4,53.8,1161.0,477,81.7,31.6,22.0,2.0,0.0,115,23.0,61,7.6,332,0
2025-11-21 22:00:00,58.3,56.7,1256.0,484,81.3,31.1,15.0,2.0,0.0,106,22.5,64,8.1,348,0
2025-11-21 23:00:00,61.5,59.8,1240.0,488,79.0,30.0,12.0,2.0,0.0,109,21.8,71,7.4,1,19
2025-11-22 00:00:00,60.8,59.3,1011.0,487,76.2,27.4,9.0,2.0,0.0,111,21.2,73,9.1,351,23
2025-11-22 01:00:00,58.0,56.1,672.0,484,71.5,24.2,10.0,3.0,0.0,114,20.8,74,9.0,1,37
2025-11-22 02:00:00,52.7,50.9,423.0,482,64.9,21.4,13.0,3.0,0.0,117,20.5,75,8.6,1,13
2025-11-22 03:00:00,48.2,46.3,311.0,481,54.1,19.2,20.0,3.0,0.0,119,20.2,74,8.9,6,5
2025-11-22 04:00:00,44.6,42.6,290.0,480,41.4,17.5,29.0,3.0,0.0,121,20.0,67,8.4,10,20
2025-11-22 05:00:00,43.0,41.2,420.0,482,38.7,17.4,32.0,3.0,0.0,122,19.7,59,7.5,15,5
2025-11-22 06:00:00,42.1,40.5,847.0,489,44.1,17.9,26.0,2.0,0.0,122,19.4,56,7.3,25,5
2025-11-22 07:00:00,46.8,45.3,1425.0,499,51.1,18.8,20.0,2.0,0.05,122,19.0,56,6.9,30,6
2025-11-22 08:00:00,52.6,51.3,1783.0,503,52.9,20.5,27.0,2.0,0.45,122,19.4,54,6.7,36,7
2025-11-22 09:00:00,54.1,52.9,1715.0,497,44.7,23.7,59.0,4.0,1.55,121,21.6,48,5.9,40,0
2025-11-22 10:00:00,52.6,50.8,1427.0,486,31.3,27.8,103.0,6.0,3.05,123,24.8,39,4.4,58,0
2025-11-22 11:00:00,56.5,52.4,1158.0,476,20.3,31.3,140.0,8.0,4.4,125,26.9,31,3.5,99,6
2025-11-22 12:00:00,54.2,49.2,979.0,471,14.2,33.4,160.0,9.0,5.0,128,28.0,28,2.8,153,0
2025-11-22 13:00:00,52.2,47.0,820.0,467,10.5,34.9,173.0,10.0,4.6,131,28.6,28,4.7,198,0
2025-11-22 14:00:00,52.5,47.3,712.0,465,9.4,36.5,180.0,10.0,3.35,133,28.7,30,8.3,214,0
2025-11-22 15:00:00,53.7,48.3,664.0,464,10.4,38.9,186.0,9.0,1.85,135,28.1,36,11.4,229,0
2025-11-22 16:00:00,54.5,49.4,666.0,464,14.1,41.4,187.0,8.0,0.7,136,27.4,39,11.1,245,0
2025-11-22 17:00:00,69.8,64.3,724.0,465,19.9,49.5,181.0,10.0,0.1,138,26.5,41,8.4,260,0
2025-11-22 18:00:00,78.0,73.1,853.0,467,33.0,45.9,146.0,10.0,0.0,145,25.4,44,6.7,270,0
2025-11-22 19:00:00,77.5,72.4,1038.0,470,51.2,41.0,98.0,10.0,0.0,153,24.6,46,6.8,288,0
2025-11-22 20:00:00,75.7,69.6,1232.0,474,65.9,37.3,58.0,10.0,0.0,145,24.0,48,6.3,301,0
2025-11-22 21:00:00,75.0,68.0,1484.0,480,74.2,36.4,35.0,12.0,0.0,145,23.6,51,4.2,301,3
2025-11-22 22:00:00,78.0,69.8,1745.0,488,79.0,36.7,21.0,14.0,0.0,146,23.2,53,4.3,303,63
2025-11-22 23:00:00,86.8,78.2,1830.0,494,80.2,35.6,12.0,15.0,0.0,147,22.2,67,2.7,302,64
2025-11-23 00:00:00,87.5,81.5,1593.0,497,76.4,31.3,8.0,13.0,0.0,149,22.1,65,4.4,325,17
2025-11-23 01:00:00,79.6,75.2,1179.0,499,69.0,25.5,9.0,9.0,0.0,150,21.0,69,6.4,338,9
2025-11-23 02:00:00,73.6,70.3,838.0,500,61.9,20.9,11.0,6.0,0.0,151,20.0,71,6.7,8,16
2025-11-23 03:00:00,69.4,66.1,614.0,499,56.0,18.4,12.0,5.0,0.0,151,19.3,74,7.2,18,34
2025-11-23 04:00:00,65.9,62.6,463.0,497,50.4,17.2,14.0,6.0,0.0,152,19.1,74,6.9,25,26
2025-11-23 05:00:00,75.4,72.2,496.0,497,49.8,15.7,8.0,6.0,0.0,152,18.7,66,6.9,28,0
2025-11-23 06:00:00,72.4,68.2,882.0,500,52.4,17.5,5.0,6.0,0.0,153,18.4,62,6.6,29,0
2025-11-23 07:00:00,76.6,72.4,1453.0,505,55.4,20.6,2.0,5.0,0.05,153,18.2,59,6.8,27,0
2025-11-23 08:00:00,83.4,79.4,1813.0,506,53.9,26.3,13.0,7.0,0.45,154,18.9,55,6.3,20,0
2025-11-23 09:00:00,76.4,70.8,1753.0,499,43.5,38.3,49.0,12.0,1.55,155,21.5,47,6.3,27,0
2025-11-23 10:00:00,68.2,56.5,1483.0,488,28.5,53.1,99.0,19.0,3.1,155,24.1,39,4.6,51,0
2025-11-23 11:00:00,65.0,51.0,1237.0,479,16.6,61.5,139.0,25.0,4.5,155,25.9,38,3.1,97,0
2025-11-23 12:00:00,62.4,50.2,1083.0,474,10.7,57.9,161.0,28.0,5.1,155,27.0,34,4.2,149,0
2025-11-23 13:00:00,62.2,48.8,953.0,470,7.9,48.0,172.0,29.0,4.65,155,27.6,32,6.5,174,0
2025-11-23 14:00:00,63.1,47.3,874.0,468,7.1,39.8,177.0,29.0,3.4,155,27.8,31,8.3,186,0
2025-11-23 15:00:00,63.1,46.4,860.0,466,7.1,36.5,176.0,28.0,1.85,155,27.7,30,8.7,197,0
2025-11-23 16:00:00,61.7,46.7,897.0,466,9.1,34.9,167.0,25.0,0.7,155,27.4,30,8.8,211,0
2025-11-23 17:00:00,58.9,50.8,973.0,467,17.4,36.7,156.0,15.0,0.1,155,26.4,37,9.7,231,0
2025-11-23 18:00:00,74.5,68.9,1121.0,471,40.3,35.3,120.0,13.0,0.0,155,25.2,47,7.5,255,0
2025-11-23 19:00:00,78.5,74.0,1308.0,476,71.8,33.4,70.0,10.0,0.0,155,24.4,55,6.9,284,0
2025-11-23 20:00:00,80.3,76.4,1420.0,480,94.5,32.2,32.0,7.0,0.0,155,23.4,58,7.1,324,0
2025-11-23 21:00:00,83.8,79.9,1409.0,482,100.5,33.0,17.0,6.0,0.0,155,22.8,61,7.2,335,0
2025-11-23 22:00:00,88.0,84.3,1325.0,484,97.6,34.7,15.0,5.0,0.0,155,22.2,63,5.8,351,0
2025-11-23 23:00:00,81.5,78.9,1200.0,485,92.1,34.6,14.0,5.0,0.0,155,21.5,67,5.2,20,0
2025-11-24 00:00:00,71.9,69.6,1016.0,486,85.6,31.3,13.0,5.0,0.0,155,21.2,65,7.1,19,0
2025-11-24 01:00:00,63.3,61.0,791.0,487,76.5,26.2,13.0,4.0,0.0,155,21.0,63,6.3,7,0
2025-11-24 02:00:00,56.6,54.4,622.0,487,66.4,22.0,16.0,4.0,0.0,155,20.0,67,8.0,351,0
2025-11-24 03:00:00,51.1,49.1,518.0,485,53.5,19.2,22.0,4.0,0.0,154,19.3,68,9.2,2,0
2025-11-24 04:00:00,46.7,44.7,469.0,482,39.6,17.1,29.0,4.0,0.0,154,19.0,63,9.4,12,0
2025-11-24 05:00:00,49.5,47.3,536.0,481,45.4,17.3,21.0,4.0,0.0,154,18.2,55,8.2,14,0
2025-11-24 06:00:00,47.1,45.2,830.0,484,49.3,19.1,18.0,3.0,0.0,153,18.0,51,8.7,18,0
2025-11-24 07:00:00,51.5,49.5,1240.0,489,54.1,21.8,15.0,3.0,0.05,153,17.8,51,8.7,21,0
2025-11-24 08:00:00,58.0,56.0,1494.0,491,53.6,24.7,23.0,3.0,0.45,152,18.4,50,8.2,22,0
2025-11-24 09:00:00,57.6,55.5,1454.0,486,42.6,28.6,52.0,5.0,1.6,152,20.8,43,7.8,26,0
2025-11-24 10:00:00,53.3,49.8,1259.0,478,26.1,32.7,93.0,7.0,3.2,151,24.0,35,5.2,49,0
2025-11-24 11:00:00,42.7,37.7,1054.0,471,13.4,34.1,124.0,9.0,4.7,151,26.4,27,5.5,71,0
2025-11-24 12:00:00,36.8,31.3,843.0,465,7.6,30.4,138.0,9.0,5.35,151,27.4,23,4.6,99,0
2025-11-24 13:00:00,34.1,28.9,622.0,459,5.5,24.0,143.0,9.0,5.0,150,28.1,20,3.1,140,0
2025-11-24 14:00:00,31.7,27.1,521.0,455,6.3,19.1,142.0,8.0,3.7,150,28.5,18,2.7,184,0
2025-11-24 15:00:00,29.8,25.7,577.0,454,9.3,17.3,137.0,7.0,2.1,148,28.6,18,3.8,211,0
2025-11-24 16:00:00,28.6,25.0,752.0,456,15.2,17.1,127.0,6.0,0.75,146,27.6,28,7.2,238,0
2025-11-24 17:00:00,34.2,31.1,1066.0,461,21.3,20.7,122.0,6.0,0.1,144,26.2,39,8.5,257,0
2025-11-24 18:00:00,58.7,55.8,1710.0,474,46.3,27.1,91.0,6.0,0.0,142,24.8,46,10.3,269,0
2025-11-24 19:00:00,76.4,73.1,2492.0,492,80.3,35.7,49.0,6.0,0.0,140,24.0,49,10.3,283,0
2025-11-24 20:00:00,82.4,79.6,2858.0,501,102.3,40.2,19.0,5.0,0.0,140,23.5,50,8.3,314,0
2025-11-24 21:00:00,72.9,71.2,2424.0,496,101.9,36.7,11.0,4.0,0.0,140,22.8,48,6.9,351,0
2025-11-24 22:00:00,58.8,58.1,1574.0,482,89.4,29.2,15.0,2.0,0.0,140,22.1,40,7.2,14,0
2025-11-24 23:00:00,48.0,47.4,904.0,472,74.8,22.5,23.0,1.0,0.0,137,21.2,34,7.6,22,0
2025-11-25 00:00:00,42.6,41.8,665.0,468,59.6,18.4,33.0,1.0,0.0,134,20.5,37,8.8,17,0
2025-11-25 01:00:00,40.4,39.1,607.0,467,42.3,15.3,46.0,2.0,0.0,131,19.9,40,9.1,17,0
2025-11-25 02:00:00,39.8,38.2,576.0,467,28.0,13.1,58.0,3.0,0.0,128,19.5,41,9.5,19,0
2025-11-25 03:00:00,39.8,37.7,507.0,468,18.0,11.9,69.0,3.0,0.0,127,19.2,41,9.9,16,0
2025-11-25 04:00:00,39.6,37.3,466.0,469,11.1,11.7,80.0,4.0,0.0,125,18.7,43,10.3,13,0
2025-11-25 05:00:00,39.5,37.0,495.0,471,11.6,12.3,74.0,4.0,0.0,125,17.9,45,10.9,16,0
2025-11-25 06:00:00,39.2,36.9,667.0,473,19.3,13.0,68.0,4.0,0.0,124,17.4,46,11.4,13,0
2025-11-25 07:00:00,41.4,39.1,910.0,475,29.5,14.2,62.0,4.0,0.05,123,17.2,47,12.1,11,0
2025-11-25 08:00:00,44.7,42.5,1045.0,475,34.7,16.2,64.0,4.0,0.45,122,18.4,43,12.2,13,0
2025-11-25 09:00:00,45.3,43.3,969.0,472,30.2,20.2,83.0,4.0,1.55,120,20.6,36,10.8,15,0
2025-11-25 10:00:00,44.1,41.7,785.0,467,20.7,25.0,111.0,5.0,3.05,119,23.6,29,9.8,18,0
2025-11-25 11:00:00,45.3,42.8,627.0,463,12.8,27.8,133.0,5.0,4.4,118,26.0,24,11.2,21,0
2025-11-25 12:00:00,38.4,36.3,530.0,459,8.2,26.7,145.0,4.0,5.0,119,27.4,20,11.6,35,0
2025-11-25 13:00:00,34.7,32.8,459.0,456,5.1,23.5,152.0,4.0,4.6,119,28.1,19,9.7,29,0
2025-11-25 14:00:00,35.3,33.4,437.0,454,4.7,21.1,153.0,3.0,3.4,120,28.5,19,9.8,35,0
2025-11-25 15:00:00,35.6,33.8,480.0,453,7.9,20.6,149.0,3.0,1.9,120,28.6,19,9.2,43,0
2025-11-25 16:00:00,36.3,34.5,572.0,454,13.8,20.7,139.0,3.0,0.7,121,28.4,20,9.3,50,0
2025-11-25 17:00:00,30.2,29.5,688.0,456,19.4,21.3,126.0,1.0,0.1,122,27.7,21,9.6,60,0
2025-11-25 18:00:00,40.9,40.5,861.0,460,31.1,21.3,104.0,1.0,0.0,122,26.6,23,9.7,59,0
2025-11-25 19:00:00,43.8,43.4,1059.0,466,46.7,21.3,75.0,1.0,0.0,120,25.8,25,10.2,53,0
2025-11-25 20:00:00,42.4,41.9,1158.0,470,55.1,21.1,55.0,1.0,0.0,117,24.4,29,10.6,39,0
2025-11-25 21:00:00,42.0,41.4,1081.0,471,49.7,20.7,55.0,1.0,0.0,113,23.0,34,10.2,32,0
2025-11-25 22:00:00,43.2,42.4,905.0,470,37.1,20.3,66.0,2.0,0.0,110,22.1,36,9.7,27,0
2025-11-25 23:00:00,44.6,43.7,742.0,469,26.1,19.8,75.0,2.0,0.0,109,21.5,37,9.6,20,0
2025-11-26 00:00:00,45.1,44.0,621.0,467,19.9,19.4,80.0,2.0,0.0,108,21.1,38,9.2,20,0
2025-11-26 01:00:00,45.1,43.9,512.0,466,15.3,19.1,83.0,2.0,0.0,108,20.5,40,9.5,15,0
2025-11-26 02:00:00,45.2,43.9,436.0,464,11.9,18.8,86.0,2.0,0.0,109,20.0,41,10.0,15,0
2025-11-26 03:00:00,45.4,44.1,381.0,463,8.7,18.5,89.0,2.0,0.0,110,20.0,40,10.7,20,0
2025-11-26 04:00:00,45.9,44.5,358.0,462,6.6,18.3,92.0,2.0,0.0,110,19.9,39,11.0,19,0
2025-11-26 05:00:00,46.2,44.9,421.0,463,7.9,18.5,91.0,2.0,0.0,111,19.5,40,11.6,21,0
2025-11-26 06:00:00,47.1,45.9,665.0,466,16.9,19.4,81.0,2.0,0.0,112,19.4,40,11.2,21,0
2025-11-26 07:00:00,50.6,49.4,995.0,470,28.9,20.7,68.0,2.0,0.0,113,19.0,40,10.6,26,0
2025-11-26 08:00:00,54.7,53.6,1182.0,472,35.5,21.7,65.0,2.0,0.4,114,19.5,39,9.7,35,0
2025-11-26 09:00:00,55.4,54.2,1089.0,469,31.7,22.2,80.0,2.0,1.45,115,21.5,34,7.3,40,0
2025-11-26 10:00:00,50.9,49.6,853.0,464,22.4,22.4,104.0,2.0,2.9,116,24.2,29,6.9,41,0
2025-11-26 11:00:00,37.8,36.7,652.0,459,14.5,21.9,125.0,2.0,4.35,117,26.6,22,8.3,51,0
2025-11-26 12:00:00,26.1,25.1,541.0,456,9.5,19.9,138.0,2.0,5.05,116,27.6,20,5.6,59,0
2025-11-26 13:00:00,22.9,21.7,466.0,453,5.8,17.2,147.0,2.0,4.7,115,28.2,18,3.8,82,0
2025-11-26 14:00:00,22.4,21.1,445.0,452,5.1,15.4,150.0,2.0,3.55,114,28.3,18,1.1,189,0
2025-11-26 15:00:00,22.0,20.8,457.0,451,8.5,15.4,146.0,2.0,2.0,113,28.1,19,3.9,214,0
2025-11-26 16:00:00,21.9,20.7,523.0,451,14.9,16.3,135.0,2.0,0.75,111,27.9,19,2.7,200,0
2025-11-26 17:00:00,32.7,31.4,724.0,454,26.1,18.7,120.0,2.0,0.1,110,27.2,24,5.9,230,0
2025-11-26 18:00:00,47.0,46.1,1241.0,464,44.3,19.1,93.0,2.0,0.0,110,25.5,32,9.5,260,0
2025-11-26 19:00:00,49.2,48.5,1892.0,478,68.7,19.6,55.0,1.0,0.0,111,24.5,33,8.2,284,0
2025-11-26 20:00:00,40.6,40.2,2220.0,486,81.4,19.3,32.0,1.0,0.0,111,24.0,28,6.3,329,0
2025-11-26 21:00:00,34.5,34.0,1923.0,482,71.7,17.5,35.0,1.0,0.0,111,23.3,24,6.3,7,0
2025-11-26 22:00:00,31.4,31.0,1301.0,472,50.4,14.9,52.0,1.0,0.0,110,22.3,27,7.0,26,0
2025-11-26 23:00:00,30.6,29.9,799.0,464,32.3,12.8,67.0,1.0,0.0,109,21.1,29,8.4,31,0
2025-11-27 00:00:00,31.2,30.4,591.0,461,22.7,11.7,75.0,1.0,0.0,108,20.8,31,9.5,27,0
2025-11-27 01:00:00,32.6,31.7,503.0,460,16.3,11.1,81.0,2.0,0.0,106,20.4,33,9.7,19,0
2025-11-27 02:00:00,34.3,33.3,450.0,460,11.6,10.9,87.0,2.0,0.0,105,20.0,34,10.0,20,0
2025-11-27 03:00:00,35.7,34.6,399.0,460,7.9,11.1,93.0,2.0,0.0,104,19.5,36,10.1,19,0
2025-11-27 04:00:00,36.7,35.5,384.0,462,5.8,11.7,98.0,2.0,0.0,103,18.9,38,10.1,19,0
2025-11-27 05:00:00,36.2,35.0,423.0,463,7.9,12.1,90.0,2.0,0.0,102,18.5,39,10.8,15,0
2025-11-27 06:00:00,37.1,36.0,571.0,465,14.2,13.4,86.0,2.0,0.0,101,18.3,40,11.8,11,0
2025-11-27 07:00:00,39.8,38.6,774.0,467,22.7,15.2,80.0,2.0,0.0,100,18.4,39,13.2,14,0
2025-11-27 08:00:00,42.3,41.1,885.0,467,27.0,17.1,81.0,2.0,0.4,99,19.4,36,13.0,18,0
2025-11-27 09:00:00,42.6,41.7,817.0,465,23.3,19.2,93.0,2.0,1.45,98,21.5,30,12.2,22,0
2025-11-27 10:00:00,38.3,37.1,657.0,461,15.6,21.3,112.0,2.0,2.9,97,24.0,25,12.9,23,0
2025-11-27 11:00:00,29.9,29.0,526.0,457,9.2,22.1,127.0,2.0,4.35,96,26.0,20,15.9,29,0
2025-11-27 12:00:00,25.6,24.5,460.0,454,6.0,20.4,136.0,2.0,5.05,95,27.0,19,15.8,29,0
2025-11-27 13:00:00,26.4,25.1,421.0,452,4.2,17.4,141.0,2.0,4.75,95,27.5,19,13.9,31,0
2025-11-27 14:00:00,26.7,25.4,420.0,451,4.2,15.2,143.0,2.0,3.55,95,28.0,18,12.6,29,0
2025-11-27 15:00:00,27.2,25.8,469.0,451,6.4,14.7,141.0,2.0,2.0,96,28.0,18,12.3,30,0
2025-11-27 16:00:00,27.9,26.7,556.0,451,10.3,15.0,135.0,2.0,0.75,96,27.5,18,12.6,33,0
2025-11-27 17:00:00,32.0,31.2,649.0,453,15.4,16.1,126.0,1.0,0.1,97,27.1,19,12.5,41,0
2025-11-27 18:00:00,38.1,37.5,762.0,456,21.4,16.9,113.0,1.0,0.0,96,25.8,21,10.9,40,0
2025-11-27 19:00:00,40.5,39.9,883.0,460,29.4,18.0,95.0,1.0,0.0,96,24.5,24,11.6,32,0
2025-11-27 20:00:00,39.9,39.5,938.0,463,33.5,18.9,83.0,1.0,0.0,95,23.3,27,11.8,33,0
2025-11-27 21:00:00,38.4,37.8,882.0,463,30.4,19.4,83.0,1.0,0.0,95,22.4,29,11.3,25,0
2025-11-27 22:00:00,36.8,36.3,761.0,462,23.4,19.7,89.0,1.0,0.0,95,21.8,30,11.8,28,0
2025-11-27 23:00:00,35.0,34.5,644.0,460,17.0,19.8,96.0,1.0,0.0,96,21.2,30,12.0,32,0
2025-11-28 00:00:00,33.2,32.6,546.0,459,12.5,19.6,102.0,1.0,0.0,96,20.9,29,12.7,30,0
2025-11-28 01:00:00,31.9,31.3,452.0,457,8.7,19.1,107.0,1.0,0.0,96,20.5,29,13.0,27,0
2025-11-28 02:00:00,31.5,31.1,391.0,456,6.0,18.8,111.0,1.0,0.0,96,20.2,30,13.2,29,0
2025-11-28 03:00:00,31.9,31.4,366.0,455,4.3,18.7,112.0,1.0,0.0,96,19.9,31,13.3,28,0
2025-11-28 04:00:00,32.5,31.9,374.0,455,3.7,18.7,111.0,1.0,0.0,96,19.4,32,13.4,26,0
2025-11-28 05:00:00,32.2,31.5,438.0,456,5.8,19.0,104.0,1.0,0.0,95,18.7,33,12.8,28,0
2025-11-28 06:00:00,32.9,32.2,617.0,458,12.2,19.7,97.0,1.0,0.0,95,18.2,35,12.8,26,0
2025-11-28 07:00:00,35.4,34.6,853.0,461,20.7,20.6,88.0,1.0,0.0,95,18.0,36,12.8,22,0
2025-11-28 08:00:00,38.3,37.5,994.0,463,25.4,21.6,86.0,1.0,0.4,94,18.5,35,12.8,22,0
2025-11-28 09:00:00,39.6,38.6,955.0,462,22.7,22.9,99.0,2.0,1.45,94,20.1,32,11.0,21,0
2025-11-28 10:00:00,40.5,39.1,822.0,459,16.1,24.2,118.0,2.0,2.95,94,22.5,28,11.0,21,0
2025-11-28 11:00:00,43.0,41.2,699.0,456,10.6,24.5,135.0,3.0,4.4,94,24.7,26,12.6,25,0
2025-11-28 12:00:00,42.8,41.1,608.0,454,7.3,22.7,145.0,3.0,5.05,95,26.1,24,13.1,38,0
2025-11-28 13:00:00,40.7,39.0,528.0,451,4.9,19.9,151.0,3.0,4.7,97,27.0,21,11.5,41,0
2025-11-28 14:00:00,39.6,37.7,496.0,450,4.8,17.9,153.0,3.0,3.5,98,27.5,20,11.1,40,0
2025-11-28 15:00:00,39.2,37.4,537.0,450,7.9,17.8,149.0,3.0,1.95,99,27.5,20,11.4,39,0
2025-11-28 16:00:00,39.7,38.0,626.0,450,13.2,18.5,140.0,2.0,0.7,100,27.0,21,11.9,39,0
2025-11-28 17:00:00,34.9,34.0,730.0,452,19.0,19.8,128.0,2.0,0.1,101,26.5,22,11.9,39,0
2025-11-28 18:00:00,42.3,41.6,864.0,455,25.9,20.0,112.0,2.0,0.0,105,25.4,24,10.3,41,0
2025-11-28 19:00:00,44.4,43.8,1012.0,460,35.2,20.2,91.0,1.0,0.0,103,24.1,27,10.0,41,0
2025-11-28 20:00:00,44.1,43.5,1094.0,463,40.1,20.6,77.0,1.0,0.0,102,22.9,31,11.0,38,0
2025-11-28 21:00:00,44.2,43.7,1066.0,464,36.7,21.2,77.0,1.0,0.0,103,22.0,35,10.5,33,0
2025-11-28 22:00:00,44.8,44.0,972.0,464,29.0,21.9,85.0,1.0,0.0,103,21.2,38,10.0,30,0
2025-11-28 23:00:00,45.1,44.2,868.0,463,21.9,22.2,93.0,1.0,0.0,104,20.4,39,10.2,32,0
2025-11-29 00:00:00,44.1,43.3,760.0,462,16.8,21.9,98.0,1.0,0.0,105,20.2,39,10.1,33,0
2025-11-29 01:00:00,42.7,41.9,643.0,460,12.3,21.2,103.0,1.0,0.0,106,20.0,39,10.4,34,0
2025-11-29 02:00:00,41.6,40.7,556.0,459,9.0,20.8,107.0,1.0,0.0,107,19.5,40,10.8,28,0
2025-11-29 03:00:00,40.5,39.7,500.0,460,6.4,20.7,109.0,1.0,0.0,108,19.0,40,11.0,25,0
2025-11-29 04:00:00,39.8,39.0,474.0,463,5.0,20.7,109.0,1.0,0.0,109,18.5,41,11.5,23,0
2025-11-29 05:00:00,40.0,39.2,514.0,465,6.8,20.9,104.0,1.0,0.0,110,17.9,43,12.0,21,0
2025-11-29 06:00:00,40.5,39.7,686.0,467,14.7,22.0,95.0,1.0,0.0,111,17.5,43,12.0,22,0
2025-11-29 07:00:00,43.4,42.5,924.0,470,25.3,23.5,83.0,1.0,0.0,112,17.4,42,12.0,22,0
2025-11-29 08:00:00,47.1,46.3,1061.0,470,31.1,25.2,81.0,1.0,0.4,112,18.0,40,11.8,25,0
2025-11-29 09:00:00,48.1,47.3,1002.0,467,27.5,27.5,97.0,2.0,1.45,113,19.8,36,9.7,27,0
2025-11-29 10:00:00,46.9,45.8,843.0,462,19.2,30.0,122.0,2.0,2.95,114,22.5,30,8.9,25,0
2025-11-29 11:00:00,47.0,45.5,701.0,458,12.2,31.1,142.0,3.0,4.35,115,24.9,27,9.8,40,0
2025-11-29 12:00:00,46.4,44.6,603.0,455,8.3,29.4,154.0,3.0,5.0,115,26.2,22,9.3,54,0
2025-11-29 13:00:00,44.1,42.3,523.0,452,5.7,26.2,161.0,3.0,4.65,116,27.1,20,7.9,55,0
2025-11-29 14:00:00,42.7,40.9,499.0,451,5.7,23.9,163.0,3.0,3.45,116,27.5,19,8.1,47,0
2025-11-29 15:00:00,42.0,40.3,553.0,451,8.8,23.7,159.0,3.0,1.9,116,27.6,19,7.8,48,27
2025-11-29 16:00:00,42.4,40.7,663.0,452,14.4,24.4,150.0,2.0,0.7,117,27.2,19,7.9,51,21
2025-11-29 17:00:00,25.8,25.4,799.0,454,19.2,24.6,139.0,1.0,0.1,117,26.5,20,8.8,55,5
2025-11-29 18:00:00,38.2,37.8,996.0,458,29.3,23.9,118.0,1.0,0.0,120,25.5,23,8.8,55,5
2025-11-29 19:00:00,40.5,40.3,1220.0,463,42.9,22.9,90.0,1.0,0.0,119,24.6,25,9.9,57,16
2025-11-29 20:00:00,39.0,38.8,1338.0,466,49.9,22.0,72.0,1.0,0.0,115,23.5,28,10.3,61,12
2025-11-29 21:00:00,38.9,38.4,1266.0,466,44.3,21.4,73.0,1.0,0.0,115,22.1,32,10.5,49,15
2025-11-29 22:00:00,39.6,39.1,1088.0,464,32.2,20.8,83.0,1.0,0.0,114,21.0,36,10.5,38,0
2025-11-29 23:00:00,39.8,39.2,923.0,462,22.0,20.4,91.0,1.0,0.0,114,20.0,40,10.3,31,0
2025-11-30 00:00:00,38.9,38.4,808.0,462,17.0,20.1,93.0,1.0,0.0,113,19.4,43,9.7,28,0
2025-11-30 01:00:00,37.4,36.8,707.0,462,14.1,19.8,93.0,1.0,0.0,113,18.5,45,9.9,25,0
2025-11-30 02:00:00,36.1,35.5,626.0,462,11.9,19.7,92.0,1.0,0.0,112,18.0,47,10.4,23,0
2025-11-30 03:00:00,35.2,34.6,546.0,462,9.4,19.5,92.0,1.0,0.0,112,17.5,48,10.5,22,0
2025-11-30 04:00:00,34.6,34.0,486.0,462,7.8,19.5,92.0,1.0,0.0,111,17.2,48,10.9,19,0
2025-11-30 05:00:00,34.7,34.1,514.0,463,10.0,19.3,86.0,1.0,0.0,111,16.6,47,11.2,16,0
2025-11-30 06:00:00,35.3,34.7,714.0,466,19.9,20.4,76.0,1.0,0.0,110,16.1,47,11.2,16,0
2025-11-30 07:00:00,39.0,38.4,1001.0,470,33.1,22.1,62.0,1.0,0.0,110,16.0,47,10.8,18,0
2025-11-30 08:00:00,44.5,43.9,1186.0,472,40.0,24.1,61.0,1.0,0.45,109,16.7,44,10.2,17,2
2025-11-30 09:00:00,49.6,49.1,1182.0,470,34.7,26.9,82.0,1.0,1.5,109,18.6,39,8.5,17,0
2025-11-30 10:00:00,47.1,46.3,1077.0,466,23.0,30.0,115.0,2.0,3.0,109,21.9,32,6.6,21,4
2025-11-30 11:00:00,38.1,36.9,946.0,462,13.7,32.5,141.0,2.0,4.35,109,24.9,25,6.1,32,8
2025-11-30 12:00:00,31.7,30.7,770.0,457,9.3,33.7,153.0,2.0,4.95,108,26.4,19,6.0,21,0
2025-11-30 13:00:00,28.8,27.9,568.0,453,7.1,34.3,158.0,2.0,4.5,107,27.5,16,6.0,17,0
2025-11-30 14:00:00,27.5,26.6,469.0,450,7.7,34.8,157.0,2.0,3.3,105,28.0,15,4.0,18,0
2025-11-30 15:00:00,27.0,26.1,564.0,451,10.4,35.5,152.0,2.0,1.8,104,28.1,15,1.0,211,0
2025-11-30 16:00:00,26.5,25.7,762.0,454,15.9,36.0,142.0,1.0,0.7,102,27.8,17,4.6,219,0
2025-11-30 17:00:00,22.4,22.4,925.0,457,25.1,36.5,127.0,0.0,0.1,101,26.9,21,6.5,267,0
2025-11-30 18:00:00,38.1,38.0,965.0,459,44.1,35.3,99.0,0.0,0.0,110,24.9,28,9.3,295,0
2025-11-30 19:00:00,39.6,39.5,969.0,462,70.0,33.5,60.0,0.0,0.0,107,23.4,35,8.1,305,0
2025-11-30 20:00:00,38.1,38.1,1059.0,466,88.1,31.9,30.0,0.0,0.0,100,22.4,41,7.3,310,0
2025-11-30 21:00:00,38.4,38.3,1379.0,475,91.0,30.9,19.0,0.0,0.0,100,21.8,46,7.5,318,0
2025-11-30 22:00:00,40.2,39.9,1783.0,487,86.1,30.1,18.0,0.0,0.0,100,21.5,50,6.7,340,0
2025-11-30 23:00:00,41.8,41.6,1961.0,494,80.2,28.7,17.0,0.0,0.0,100,20.5,55,5.4,4,0
2025-12-01 00:00:00,42.7,42.6,1704.0,494,75.9,25.9,13.0,0.0,0.0,101,19.5,58,7.0,360,0
2025-12-01 01:00:00,42.5,42.3,1220.0,490,70.7,22.4,11.0,0.0,0.0,101,19.0,59,7.6,345,0
2025-12-01 02:00:00,41.8,41.6,817.0,486,63.7,19.9,12.0,0.0,0.0,102,18.4,63,7.9,348,0
2025-12-01 03:00:00,39.2,38.9,545.0,481,51.8,19.0,21.0,0.0,0.0,102,17.9,66,7.2,359,0
2025-12-01 04:00:00,33.9,33.5,354.0,476,38.2,18.9,35.0,0.0,0.0,103,17.7,69,6.5,358,0
2025-12-01 05:00:00,29.3,28.6,404.0,475,30.9,19.3,44.0,0.0,0.0,103,17.5,64,6.7,341,0
2025-12-01 06:00:00,28.2,27.2,945.0,483,40.2,20.3,34.0,0.0,0.0,102,16.6,69,6.7,344,1
2025-12-01 07:00:00,34.0,32.8,1727.0,495,52.4,21.7,21.0,0.0,0.0,101,16.0,72,6.0,344,4
2025-12-01 08:00:00,45.5,44.4,2159.0,500,57.1,23.2,20.0,1.0,0.45,101,16.2,72,6.3,333,3
2025-12-01 09:00:00,39.5,37.6,1893.0,490,47.0,24.9,43.0,5.0,1.5,101,18.9,63,4.4,330,1
2025-12-01 10:00:00,33.1,28.3,1278.0,474,29.5,26.7,79.0,11.0,3.15,100,22.3,50,4.3,318,0
2025-12-01 11:00:00,31.1,22.5,764.0,460,15.5,27.8,106.0,15.0,4.75,98,25.1,35,7.2,288,0
2025-12-01 12:00:00,29.6,20.0,507.0,453,9.4,27.7,118.0,17.0,5.55,97,26.4,28,8.8,279,0
2025-12-01 13:00:00,28.5,18.9,351.0,449,7.0,26.9,121.0,18.0,5.15,96,27.0,24,10.3,273,0
2025-12-01 14:00:00,27.8,18.0,286.0,447,6.6,26.2,121.0,18.0,3.85,95,27.1,20,10.6,270,0
2025-12-01 15:00:00,27.9,17.6,311.0,446,6.6,26.1,120.0,18.0,2.15,94,27.1,17,10.1,268,0
2025-12-01 16:00:00,27.9,17.4,426.0,447,8.7,26.1,114.0,19.0,0.8,93,26.6,17,9.9,267,0
2025-12-01 17:00:00,24.6,16.0,618.0,451,15.7,24.9,102.0,16.0,0.15,93,25.5,17,9.5,271,0
2025-12-01 18:00:00,32.1,25.8,929.0,458,32.5,24.0,78.0,14.0,0.0,92,23.7,29,8.8,274,0
2025-12-01 19:00:00,36.1,30.3,1317.0,467,55.7,22.9,45.0,12.0,0.0,91,22.5,41,6.9,287,0
2025-12-01 20:00:00,37.4,31.7,1646.0,476,73.0,22.0,21.0,10.0,0.0,90,21.6,48,5.8,306,0
2025-12-01 21:00:00,38.9,32.9,1900.0,484,79.6,22.0,12.0,10.0,0.0,90,21.2,50,3.3,338,0
2025-12-01 22:00:00,41.9,35.0,2096.0,492,80.4,22.4,12.0,12.0,0.0,89,20.5,58,1.2,333,0
2025-12-01 23:00:00,45.9,37.5,2146.0,497,77.0,22.1,15.0,13.0,0.0,89,19.5,53,5.7,323,0
2025-12-02 00:00:00,44.5,35.4,1977.0,496,67.7,20.6,23.0,13.0,0.0,88,18.5,56,3.4,25,0
2025-12-02 01:00:00,41.6,32.7,1662.0,492,54.4,18.5,34.0,13.0,0.0,88,18.2,56,2.8,50,0
2025-12-02 02:00:00,41.1,31.9,1338.0,488,44.4,16.6,39.0,12.0,0.0,87,18.0,55,7.2,72,0
2025-12-02 03:00:00,41.2,32.4,982.0,483,41.0,14.7,33.0,10.0,0.0,86,17.4,52,7.4,61,0
2025-12-02 04:00:00,37.6,31.2,615.0,478,41.0,13.0,21.0,7.0,0.0,85,17.1,44,8.1,43,0
2025-12-02 05:00:00,39.2,33.4,441.0,475,45.6,15.5,13.0,7.0,0.0,85,16.2,49,8.0,27,0
2025-12-02 06:00:00,36.1,31.9,629.0,477,46.8,16.3,9.0,5.0,0.0,86,15.6,47,8.0,27,0
2025-12-02 07:00:00,40.5,36.7,1009.0,482,48.3,17.7,5.0,4.0,0.0,86,15.1,47,8.1,18,0
2025-12-02 08:00:00,47.6,44.9,1274.0,484,47.2,21.3,12.0,4.0,0.4,86,15.6,45,8.6,12,0
2025-12-02 09:00:00,43.9,40.6,1289.0,480,41.6,29.1,38.0,8.0,1.5,87,17.9,40,8.1,21,0
2025-12-02 10:00:00,40.0,33.9,1189.0,474,33.6,39.2,74.0,15.0,3.1,87,21.1,32,4.6,42,0
2025-12-02 11:00:00,42.7,30.9,1067.0,468,26.3,46.9,105.0,21.0,4.6,87,23.5,29,3.1,87,0
2025-12-02 12:00:00,48.3,29.8,918.0,463,20.5,50.3,125.0,27.0,5.35,88,24.8,32,3.6,120,0
2025-12-02 13:00:00,51.2,30.3,747.0,459,15.6,51.4,139.0,32.0,5.0,89,25.5,32,4.1,146,0
2025-12-02 14:00:00,49.6,30.5,661.0,456,12.8,51.6,148.0,35.0,3.7,90,26.1,31,4.9,174,0
2025-12-02 15:00:00,48.1,31.0,666.0,455,10.3,51.1,156.0,34.0,2.05,91,26.1,32,6.6,191,0
2025-12-02 16:00:00,47.1,31.5,756.0,455,10.0,49.7,159.0,30.0,0.75,92,25.5,37,8.1,205,0
2025-12-02 17:00:00,44.1,29.5,1022.0,459,18.0,52.6,151.0,27.0,0.1,93,24.1,43,7.6,205,0
2025-12-02 18:00:00,61.7,49.2,1707.0,472,48.1,52.5,111.0,24.0,0.0,95,23.4,46,4.3,237,0
2025-12-02 19:00:00,70.8,60.5,2568.0,490,89.0,52.1,56.0,19.0,0.0,99,22.9,49,3.3,311,0
2025-12-02 20:00:00,72.6,64.5,2966.0,499,116.3,50.6,17.0,15.0,0.0,99,22.2,51,5.1,356,0
2025-12-02 21:00:00,74.7,68.0,2460.0,492,118.2,47.6,7.0,11.0,0.0,103,21.2,53,8.0,9,0
2025-12-02 22:00:00,70.5,65.7,1491.0,476,106.4,43.4,12.0,7.0,0.0,106,20.6,43,8.5,36,0
2025-12-02 23:00:00,56.9,54.4,739.0,464,91.3,38.2,20.0,4.0,0.0,110,19.9,34,7.6,47,59
2025-12-03 00:00:00,45.9,44.4,494.0,461,74.2,31.0,30.0,3.0,0.0,111,19.4,34,8.2,41,100
2025-12-03 01:00:00,38.1,37.0,465.0,461,53.8,22.7,43.0,2.0,0.0,112,18.6,37,9.1,32,75
2025-12-03 02:00:00,32.9,32.0,461.0,461,36.6,16.3,55.0,2.0,0.0,113,17.6,41,10.0,28,88
2025-12-03 03:00:00,29.0,27.9,394.0,460,24.0,13.2,64.0,2.0,0.0,113,17.0,43,10.0,28,84
2025-12-03 04:00:00,25.5,24.3,351.0,459,14.6,12.0,71.0,2.0,0.0,112,16.8,43,9.6,28,100
2025-12-03 05:00:00,24.7,23.6,406.0,460,12.8,11.8,64.0,2.0,0.0,112,16.6,41,9.7,34,99
2025-12-03 06:00:00,23.4,22.2,657.0,464,21.5,12.7,56.0,2.0,0.0,111,16.1,42,10.0,34,98
2025-12-03 07:00:00,25.6,24.3,1006.0,469,33.2,14.0,46.0,2.0,0.0,110,15.9,42,9.5,32,91
2025-12-03 08:00:00,29.5,28.3,1226.0,472,39.1,15.2,46.0,2.0,0.4,108,16.1,40,9.8,36,94
2025-12-03 09:00:00,32.0,31.2,1207.0,470,33.8,16.2,67.0,3.0,1.45,106,18.0,36,8.7,42,100
2025-12-03 10:00:00,27.6,26.1,1059.0,466,22.8,17.1,98.0,3.0,3.1,106,21.0,29,6.5,44,95
2025-12-03 11:00:00,24.0,21.8,887.0,462,13.7,17.5,123.0,4.0,4.6,105,24.1,22,6.9,49,22
2025-12-03 12:00:00,21.6,19.2,688.0,457,9.3,17.0,135.0,4.0,5.4,104,26.1,16,9.4,60,0
2025-12-03 13:00:00,20.4,18.0,464.0,451,6.8,16.0,140.0,4.0,5.1,103,27.1,13,9.6,60,0
2025-12-03 14:00:00,19.6,17.5,335.0,448,6.0,15.2,142.0,4.0,3.85,101,27.5,12,10.1,57,0
2025-12-03 15:00:00,19.0,17.0,373.0,448,6.9,14.8,140.0,4.0,2.15,100,27.5,12,10.3,57,0
2025-12-03 16:00:00,18.7,16.9,505.0,450,9.5,14.7,135.0,3.0,0.8,99,27.0,12,11.0,56,0
2025-12-03 17:00:00,20.2,18.6,627.0,452,12.9,14.7,124.0,3.0,0.1,97,26.2,13,10.8,62,0
2025-12-03 18:00:00,26.7,25.6,719.0,455,18.6,14.6,109.0,3.0,0.0,97,25.1,14,11.0,67,0
2025-12-03 19:00:00,28.6,27.6,800.0,458,26.2,14.5,89.0,2.0,0.0,94,24.0,16,11.8,64,0
2025-12-03 20:00:00,28.6,27.5,829.0,460,30.9,14.4,74.0,2.0,0.0,91,22.5,20,11.8,51,0
2025-12-03 21:00:00,29.6,28.3,770.0,460,30.0,14.4,68.0,2.0,0.0,88,21.1,23,12.0,40,0
2025-12-03 22:00:00,30.9,29.4,658.0,459,26.0,14.5,68.0,3.0,0.0,85,20.4,27,12.0,39,0
2025-12-03 23:00:00,31.3,29.8,555.0,458,21.7,14.4,69.0,3.0,0.0,81,19.7,30,12.3,38,0
2025-12-04 00:00:00,31.1,29.4,475.0,457,17.5,13.9,73.0,3.0,0.0,79,19.3,31,11.9,35,0
2025-12-04 01:00:00,30.5,28.8,404.0,456,13.0,13.3,78.0,3.0,0.0,78,19.0,32,11.6,37,0
2025-12-04 02:00:00,30.2,28.5,356.0,455,9.5,13.0,83.0,3.0,0.0,77,18.6,32,11.1,40,0
2025-12-04 03:00:00,29.9,28.2,321.0,455,7.0,13.3,86.0,3.0,0.0,77,18.2,33,10.9,36,0
2025-12-04 04:00:00,29.6,28.0,310.0,456,5.5,13.9,87.0,3.0,0.0,77,17.9,33,11.0,32,0
2025-12-04 05:00:00,29.6,28.1,370.0,457,6.9,14.5,84.0,3.0,0.0,77,17.9,33,10.6,34,0
2025-12-04 06:00:00,29.8,28.4,578.0,459,12.8,15.9,78.0,3.0,0.0,78,17.6,33,10.6,34,0
2025-12-04 07:00:00,31.5,30.4,857.0,462,20.8,17.8,70.0,2.0,0.0,78,17.5,33,10.7,37,0
2025-12-04 08:00:00,33.6,32.6,1023.0,464,25.1,19.4,69.0,2.0,0.4,79,18.0,33,11.3,37,0
2025-12-04 09:00:00,33.9,33.1,974.0,463,22.2,20.6,80.0,2.0,1.45,79,20.0,29,10.3,38,0
2025-12-04 10:00:00,30.9,30.0,812.0,460,15.6,21.4,97.0,1.0,3.0,79,22.8,25,9.0,47,0
2025-12-04 11:00:00,25.4,24.8,665.0,458,10.2,21.7,113.0,1.0,4.5,80,25.2,22,9.6,67,0
2025-12-04 12:00:00,21.9,21.5,554.0,456,7.4,20.9,125.0,1.0,5.25,80,26.8,19,10.8,79,0
2025-12-04 13:00:00,20.8,20.4,457.0,453,5.7,19.4,135.0,1.0,4.95,80,27.5,19,9.0,88,0
2025-12-04 14:00:00,20.7,20.3,436.0,452,5.4,18.4,140.0,1.0,3.7,80,27.9,18,6.6,99,0
2025-12-04 15:00:00,20.8,20.4,529.0,453,5.9,18.4,140.0,1.0,2.1,81,27.9,18,5.3,102,0
2025-12-04 16:00:00,20.7,20.3,697.0,454,7.9,18.9,135.0,1.0,0.8,81,27.6,18,5.8,97,0
2025-12-04 17:00:00,15.7,15.6,883.0,457,13.8,21.4,124.0,0.0,0.1,81,27.0,19,6.1,104,1
2025-12-04 18:00:00,27.6,27.5,1120.0,461,29.0,20.7,99.0,0.0,0.0,81,25.9,22,6.1,95,0
2025-12-04 19:00:00,30.5,30.5,1376.0,466,49.4,19.6,64.0,0.0,0.0,82,24.9,23,5.7,53,0
2025-12-04 20:00:00,27.4,27.4,1495.0,469,61.1,18.3,41.0,0.0,0.0,81,23.6,25,4.6,13,0
2025-12-04 21:00:00,24.3,24.3,1371.0,469,55.6,16.6,42.0,0.0,0.0,81,22.5,27,4.9,6,0
2025-12-04 22:00:00,22.3,22.3,1110.0,468,41.3,14.8,54.0,0.0,0.0,81,21.5,29,6.2,30,0
2025-12-04 23:00:00,21.5,21.4,881.0,467,29.2,13.3,64.0,0.0,0.0,80,20.5,31,7.3,42,0
2025-12-05 00:00:00,21.0,20.9,741.0,466,23.2,12.5,66.0,0.0,0.0,80,19.4,33,8.0,46,0
2025-12-05 01:00:00,20.1,20.0,632.0,465,19.3,12.1,66.0,0.0,0.0,79,18.6,35,8.0,42,0
2025-12-05 02:00:00,19.2,19.0,547.0,465,16.5,11.9,65.0,0.0,0.0,78,18.0,36,8.1,35,0
2025-12-05 03:00:00,18.3,18.2,447.0,465,13.7,11.7,64.0,0.0,0.0,77,17.2,38,8.5,35,0
2025-12-05 04:00:00,17.6,17.4,372.0,466,12.0,11.7,61.0,0.0,0.0,76,16.6,40,8.0,34,0
2025-12-05 05:00:00,17.7,17.6,432.0,469,14.5,11.5,53.0,0.0,0.0,75,16.1,43,7.1,45,0
2025-12-05 06:00:00,18.5,18.4,762.0,475,24.6,12.8,40.0,0.0,0.0,74,15.5,46,7.3,31,0
2025-12-05 07:00:00,23.6,23.4,1227.0,482,38.1,14.7,24.0,0.0,0.0,74,15.1,47,8.1,31,0
2025-12-05 08:00:00,31.4,31.3,1540.0,486,45.2,17.4,21.0,0.0,0.4,73,15.6,45,8.0,31,0
2025-12-05 09:00:00,30.4,30.3,1570.0,483,39.9,21.6,45.0,0.0,1.45,73,18.1,38,6.9,25,3
2025-12-05 10:00:00,26.5,26.3,1447.0,477,28.2,26.5,82.0,0.0,2.95,73,21.6,29,6.1,30,4
2025-12-05 11:00:00,18.0,17.8,1275.0,471,18.3,29.7,113.0,0.0,4.45,72,25.0,22,4.3,57,21
2025-12-05 12:00:00,18.7,18.5,1019.0,465,12.9,29.9,131.0,0.0,5.2,72,26.6,19,4.4,81,5
2025-12-05 13:00:00,19.0,18.7,713.0,458,9.4,28.3,143.0,1.0,4.9,71,27.6,17,4.2,100,5
2025-12-05 14:00:00,18.4,18.0,562.0,454,7.9,26.4,149.0,1.0,3.7,71,28.1,16,3.1,140,15
2025-12-05 15:00:00,17.4,17.0,659.0,454,6.9,24.3,150.0,1.0,2.1,71,28.2,16,2.8,169,5
2025-12-05 16:00:00,16.4,16.0,911.0,457,7.9,21.9,144.0,1.0,0.8,71,28.1,17,3.1,183,10
2025-12-05 17:00:00,16.2,15.9,1241.0,462,15.8,21.1,126.0,0.0,0.1,70,26.9,26,5.0,229,6
2025-12-05 18:00:00,30.6,30.4,1769.0,473,33.9,19.9,98.0,0.0,0.0,87,24.8,40,8.1,265,99
2025-12-05 19:00:00,36.6,36.4,2375.0,486,58.3,18.3,59.0,0.0,0.0,91,23.7,42,7.9,282,100
2025-12-05 20:00:00,28.5,28.4,2623.0,493,71.9,16.6,34.0,0.0,0.0,79,23.2,42,5.0,319,100
2025-12-05 21:00:00,23.9,23.9,2190.0,487,64.6,14.9,35.0,0.0,0.0,71,22.5,38,6.4,27,97
2025-12-05 22:00:00,22.8,22.7,1398.0,476,46.6,13.1,50.0,0.0,0.0,71,22.2,30,9.2,51,100
2025-12-05 23:00:00,22.7,22.6,780.0,466,31.2,11.8,62.0,0.0,0.0,71,21.2,32,9.8,50,100
2025-12-06 00:00:00,22.4,22.3,563.0,463,23.5,11.1,65.0,0.0,0.0,71,20.6,33,10.9,54,100
2025-12-06 01:00:00,21.2,21.1,519.0,461,18.4,10.8,66.0,0.0,0.0,71,20.2,35,10.4,46,100
2025-12-06 02:00:00,19.6,19.4,495.0,461,14.6,10.7,67.0,0.0,0.0,72,20.0,36,10.3,44,100
2025-12-06 03:00:00,17.8,17.6,412.0,460,11.0,10.5,69.0,0.0,0.0,72,19.9,37,9.7,40,100
2025-12-06 04:00:00,16.4,16.2,348.0,460,8.7,10.4,72.0,0.0,0.0,72,19.4,38,9.3,36,100
2025-12-06 05:00:00,16.5,16.4,391.0,461,10.2,10.6,68.0,0.0,0.0,71,19.0,39,9.3,34,99
2025-12-06 06:00:00,16.5,16.4,648.0,464,17.2,11.5,62.0,0.0,0.0,71,18.3,39,9.4,43,88
2025-12-06 07:00:00,19.2,19.0,1011.0,469,26.7,12.9,54.0,0.0,0.0,71,17.9,40,9.7,43,98
2025-12-06 08:00:00,23.1,22.8,1239.0,471,32.3,14.0,52.0,0.0,0.3,71,18.1,37,10.4,39,100
2025-12-06 09:00:00,26.4,26.2,1210.0,469,30.5,14.7,60.0,0.0,1.1,70,20.0,32,10.7,37,100
2025-12-06 10:00:00,24.9,24.7,1046.0,466,24.7,15.1,74.0,0.0,2.15,70,23.0,26,9.5,61,100
2025-12-06 11:00:00,21.7,21.4,873.0,462,19.1,15.8,89.0,0.0,3.3,70,25.4,22,8.6,68,100
2025-12-06 12:00:00,17.1,16.9,704.0,458,14.1,17.1,105.0,0.0,4.2,70,26.5,19,10.5,70,100
2025-12-06 13:00:00,17.5,17.4,527.0,454,9.2,18.5,120.0,0.0,4.5,70,27.6,18,11.9,76,100
2025-12-06 14:00:00,18.7,18.6,428.0,452,7.0,19.4,130.0,0.0,3.5,70,28.0,18,11.4,79,90
2025-12-06 15:00:00,19.4,19.2,460.0,452,9.4,19.2,129.0,0.0,2.0,70,28.0,19,10.3,78,4
2025-12-06 16:00:00,19.8,19.6,571.0,454,14.5,18.4,122.0,0.0,0.75,70,27.8,19,9.7,72,0
2025-12-06 17:00:00,30.7,30.5,690.0,456,22.3,19.9,109.0,0.0,0.1,70,27.5,19,9.2,67,0
2025-12-06 18:00:00,38.6,38.4,822.0,460,28.4,18.8,95.0,0.0,0.0,71,26.2,20,9.4,58,0
2025-12-06 19:00:00,40.0,39.8,962.0,464,36.5,17.4,76.0,0.0,0.0,72,25.3,21,10.4,58,0
2025-12-06 20:00:00,38.5,38.3,1022.0,467,40.6,16.1,63.0,0.0,0.0,72,23.9,23,11.1,59,2
2025-12-06 21:00:00,38.0,37.7,939.0,466,37.0,15.4,61.0,0.0,0.0,73,22.5,26,10.5,55,4
2025-12-06 22:00:00,39.1,38.9,775.0,464,29.4,14.9,64.0,1.0,0.0,75,21.6,28,10.2,59,19
2025-12-06 23:00:00,41.6,41.2,632.0,462,22.8,14.4,66.0,1.0,0.0,76,20.8,29,10.0,57,100
2025-12-07 00:00:00,43.8,43.3,544.0,461,19.2,13.8,65.0,1.0,0.0,78,20.3,29,9.8,54,91
2025-12-07 01:00:00,45.4,45.1,476.0,459,16.7,13.1,64.0,1.0,0.0,80,19.9,29,9.7,55,92
2025-12-07 02:00:00,46.7,46.2,429.0,459,14.6,12.7,63.0,1.0,0.0,82,19.5,30,9.1,58,53
2025-12-07 03:00:00,47.5,46.9,378.0,460,12.0,12.5,63.0,1.0,0.0,84,19.0,32,9.1,52,48
2025-12-07 04:00:00,47.8,47.3,347.0,461,9.9,12.6,64.0,1.0,0.0,87,18.7,33,9.2,47,16
2025-12-07 05:00:00,47.8,47.3,410.0,463,11.6,12.9,59.0,1.0,0.0,89,18.4,33,9.2,48,19
2025-12-07 06:00:00,48.4,47.8,656.0,467,19.4,14.0,51.0,1.0,0.0,92,17.7,34,9.1,41,0
2025-12-07 07:00:00,51.6,51.0,996.0,472,30.0,15.5,41.0,1.0,0.0,95,17.0,37,9.4,31,17
2025-12-07 08:00:00,56.6,56.0,1229.0,475,35.9,17.0,40.0,1.0,0.35,98,17.2,37,9.3,34,85
2025-12-07 09:00:00,59.8,59.4,1269.0,475,33.0,18.2,55.0,1.0,1.25,101,19.0,33,7.8,46,0
2025-12-07 10:00:00,58.0,57.4,1203.0,472,25.4,19.4,78.0,1.0,2.6,104,22.0,28,6.0,46,22
2025-12-07 11:00:00,53.2,52.6,1091.0,469,18.6,20.5,99.0,1.0,3.9,108,25.0,22,5.5,46,40
2025-12-07 12:00:00,39.8,39.5,901.0,464,13.4,21.5,114.0,1.0,4.55,111,27.0,17,4.4,55,40
2025-12-07 13:00:00,31.7,31.4,666.0,459,8.9,22.4,126.0,0.0,4.35,113,28.0,17,2.9,86,52
2025-12-07 14:00:00,28.9,28.6,538.0,455,7.6,23.5,133.0,0.0,3.25,115,28.5,17,1.3,164,97
2025-12-07 15:00:00,28.1,27.9,603.0,455,9.1,24.8,134.0,0.0,1.85,116,28.6,17,2.4,222,23
2025-12-07 16:00:00,28.2,28.1,776.0,457,13.8,26.2,130.0,0.0,0.7,117,28.4,17,3.6,250,0
2025-12-07 17:00:00,20.7,20.7,958.0,460,22.7,27.7,120.0,0.0,0.1,118,27.1,26,6.7,265,2
2025-12-07 18:00:00,44.1,44.1,1132.0,465,46.1,31.9,90.0,0.0,0.0,117,25.3,27,9.0,283,0
2025-12-07 19:00:00,58.0,57.9,1315.0,470,77.9,37.4,48.0,0.0,0.0,117,24.1,29,8.8,314,0
2025-12-07 20:00:00,64.3,64.3,1462.0,477,98.8,39.8,18.0,0.0,0.0,119,23.4,31,7.5,349,0
2025-12-07 21:00:00,59.5,59.5,1584.0,485,99.1,36.5,10.0,0.0,0.0,122,22.9,31,7.0,4,0
2025-12-07 22:00:00,49.9,49.9,1670.0,495,88.4,30.1,14.0,0.0,0.0,124,22.0,32,7.6,14,0
2025-12-07 23:00:00,42.4,42.4,1641.0,500,76.6,24.3,19.0,0.0,0.0,125,20.8,33,7.1,36,0
2025-12-08 00:00:00,39.2,39.2,1413.0,499,66.2,20.3,23.0,0.0,0.0,125,19.9,34,7.0,32,0
2025-12-08 01:00:00,38.1,38.1,1071.0,494,54.6,16.9,29.0,0.0,0.0,125,19.0,36,7.9,33,0
2025-12-08 02:00:00,37.6,37.5,788.0,490,43.6,14.4,35.0,0.0,0.0,124,18.2,38,8.1,25,0
2025-12-08 03:00:00,36.7,36.6,599.0,487,32.2,13.1,42.0,0.0,0.0,123,17.6,40,8.3,20,0
2025-12-08 04:00:00,35.7,35.5,469.0,485,21.5,12.8,49.0,0.0,0.0,122,17.4,41,8.0,23,0
2025-12-08 05:00:00,34.3,34.2,469.0,484,14.6,12.6,53.0,0.0,0.0,121,17.0,42,8.7,27,0
2025-12-08 06:00:00,34.6,34.3,702.0,485,22.3,13.8,44.0,0.0,0.0,120,16.6,42,9.7,29,0
2025-12-08 07:00:00,38.1,37.7,1066.0,486,32.6,15.6,32.0,1.0,0.0,118,16.4,43,9.4,29,0
2025-12-08 08:00:00,43.7,43.4,1322.0,486,38.5,17.1,31.0,1.0,0.35,117,16.6,42,8.9,28,0
2025-12-08 09:00:00,44.4,43.9,1377.0,483,36.2,18.3,49.0,1.0,1.35,115,18.4,37,7.9,35,0
2025-12-08 10:00:00,43.9,43.3,1324.0,478,29.6,19.4,77.0,2.0,2.8,114,21.4,30,5.7,46,0
2025-12-08 11:00:00,34.6,33.6,1208.0,472,22.9,19.9,102.0,2.0,4.25,112,24.9,23,5.2,56,0
2025-12-08 12:00:00,22.3,21.7,980.0,465,16.5,19.6,120.0,2.0,5.0,110,27.4,20,4.8,65,0
2025-12-08 13:00:00,18.2,17.7,689.0,457,10.0,18.9,135.0,1.0,4.75,109,28.9,17,3.8,90,0
2025-12-08 14:00:00,16.8,16.3,518.0,452,6.8,18.1,142.0,1.0,3.6,107,29.5,15,3.2,133,0
2025-12-08 15:00:00,15.9,15.5,574.0,451,8.4,17.4,139.0,1.0,2.05,106,29.8,14,4.4,111,0
2025-12-08 16:00:00,16.0,15.5,750.0,453,13.4,16.7,127.0,1.0,0.75,105,29.5,13,3.1,87,0
2025-12-08 17:00:00,16.7,16.6,916.0,456,21.6,18.5,114.0,0.0,0.1,103,28.4,16,2.0,260,0
2025-12-08 18:00:00,26.9,26.8,1053.0,460,35.0,18.2,92.0,0.0,0.0,103,26.9,22,2.1,250,0
2025-12-08 19:00:00,29.5,29.5,1179.0,465,53.0,17.8,63.0,0.0,0.0,101,26.5,19,6.6,73,0
2025-12-08 20:00:00,25.5,25.4,1215.0,468,62.5,17.2,44.0,0.0,0.0,98,25.6,20,9.9,75,0
2025-12-08 21:00:00,24.6,24.4,1095.0,467,55.6,16.3,45.0,0.0,0.0,95,23.7,27,10.1,63,0
2025-12-08 22:00:00,25.4,25.1,885.0,464,40.3,15.2,57.0,1.0,0.0,92,22.5,30,10.1,57,0
2025-12-08 23:00:00,27.0,26.4,699.0,462,27.5,14.2,66.0,1.0,0.0,90,21.5,33,9.8,52,0
2025-12-09 00:00:00,28.1,27.3,577.0,460,21.5,13.1,67.0,2.0,0.0,88,20.8,34,10.4,56,0
2025-12-09 01:00:00,28.2,27.1,479.0,459,18.0,12.1,66.0,2.0,0.0,87,20.4,35,10.3,59,0
2025-12-09 02:00:00,27.6,26.3,405.0,459,15.4,11.4,65.0,3.0,0.0,86,20.0,35,9.6,47,0
2025-12-09 03:00:00,26.9,25.2,322.0,460,12.4,11.1,66.0,3.0,0.0,85,19.6,36,9.1,39,0
2025-12-09 04:00:00,26.1,24.2,263.0,461,10.3,11.1,67.0,4.0,0.0,84,18.6,38,8.8,5,0
2025-12-09 05:00:00,25.1,23.3,322.0,464,12.3,11.3,60.0,3.0,0.0,83,17.8,38,9.2,4,0
2025-12-09 06:00:00,25.3,23.3,599.0,469,20.1,12.6,50.0,3.0,0.0,82,17.5,38,9.0,13,0
2025-12-09 07:00:00,28.2,25.9,994.0,475,30.8,14.4,37.0,3.0,0.0,81,17.1,39,8.1,17,0
2025-12-09 08:00:00,34.0,31.5,1309.0,480,37.7,16.5,35.0,4.0,0.35,80,17.1,39,7.6,27,0
2025-12-09 09:00:00,38.9,36.8,1497.0,483,37.9,18.5,51.0,5.0,1.35,79,19.0,36,5.7,28,0
2025-12-09 10:00:00,41.1,38.4,1603.0,483,34.3,20.8,78.0,7.0,2.9,78,21.9,30,3.1,28,0
2025-12-09 11:00:00,35.4,31.1,1567.0,481,29.4,23.4,102.0,8.0,4.4,78,25.5,24,1.4,67,0
2025-12-09 12:00:00,26.7,23.5,1253.0,472,22.2,27.0,122.0,7.0,5.2,78,27.8,19,1.3,106,0
2025-12-09 13:00:00,20.4,18.6,797.0,460,13.6,31.0,140.0,5.0,4.9,78,29.0,16,0.7,166,0
2025-12-09 14:00:00,18.3,16.8,536.0,453,9.0,33.7,150.0,3.0,3.65,78,29.5,15,3.1,190,0
2025-12-09 15:00:00,17.6,16.2,633.0,453,9.6,34.3,150.0,2.0,2.1,78,29.5,18,6.5,203,0
2025-12-09 16:00:00,17.8,16.5,926.0,458,14.2,33.5,142.0,2.0,0.8,78,28.5,29,8.6,216,0
2025-12-09 17:00:00,12.8,12.8,1269.0,465,18.7,36.2,138.0,0.0,0.15,78,27.0,36,7.7,231,0
2025-12-09 18:00:00,27.5,27.5,1661.0,473,39.9,34.3,103.0,0.0,0.0,84,25.8,38,6.0,261,0
2025-12-09 19:00:00,32.0,32.0,2102.0,482,68.8,31.7,55.0,0.0,0.0,89,24.9,35,6.2,291,0
2025-12-09 20:00:00,34.1,34.0,2449.0,492,88.7,30.4,19.0,0.0,0.0,79,23.5,36,6.0,291,0
2025-12-09 21:00:00,38.0,37.8,2685.0,503,90.9,32.4,8.0,0.0,0.0,79,22.6,36,3.8,311,0
2025-12-09 22:00:00,43.5,43.3,2828.0,514,84.1,35.6,10.0,0.0,0.0,80,22.0,37,3.8,25,0
2025-12-09 23:00:00,47.8,47.6,2784.0,520,76.8,36.2,13.0,0.0,0.0,82,20.5,43,3.3,45,0
2025-12-10 00:00:00,46.7,46.4,2450.0,518,71.7,31.5,12.0,0.0,0.0,84,20.8,38,3.9,28,0
2025-12-10 01:00:00,45.2,44.7,1930.0,511,66.1,24.2,12.0,0.0,0.0,85,20.0,36,4.6,11,0
2025-12-10 02:00:00,40.9,40.4,1440.0,504,61.3,18.2,12.0,0.0,0.0,87,18.5,36,6.4,10,0
2025-12-10 03:00:00,35.5,35.3,971.0,497,57.7,14.9,11.0,0.0,0.0,88,17.5,37,6.4,11,0
2025-12-10 04:00:00,30.7,30.6,534.0,491,54.9,13.0,11.0,0.0,0.0,89,16.9,38,6.3,13,0
2025-12-10 05:00:00,23.7,23.6,373.0,488,53.9,14.6,11.0,0.0,0.0,90,16.2,42,4.9,4,0
2025-12-10 06:00:00,23.4,23.3,726.0,492,51.4,14.5,6.0,0.0,0.0,90,15.1,46,5.9,358,0
2025-12-10 07:00:00,29.0,28.9,1355.0,501,47.9,14.8,2.0,0.0,0.0,90,14.2,48,6.7,8,0
2025-12-10 08:00:00,41.9,41.7,1801.0,504,44.5,18.7,8.0,0.0,0.35,90,14.9,46,7.0,13,0
2025-12-10 09:00:00,40.0,39.9,1876.0,499,42.3,29.5,35.0,0.0,1.4,91,18.2,35,5.0,19,0
2025-12-10 10:00:00,28.8,28.8,1766.0,489,40.1,43.9,74.0,0.0,3.0,91,22.2,28,4.2,31,0
2025-12-10 11:00:00,21.9,21.8,1572.0,479,36.1,54.5,107.0,0.0,4.55,90,25.4,25,1.0,22,0
2025-12-10 12:00:00,21.0,20.9,1262.0,470,27.4,58.2,131.0,0.0,5.35,89,27.4,22,2.3,231,0
2025-12-10 13:00:00,18.7,18.6,868.0,461,16.9,58.2,150.0,0.0,5.0,89,28.2,21,6.2,224,0
2025-12-10 14:00:00,18.0,17.9,584.0,454,10.5,56.2,160.0,0.0,3.75,89,28.2,25,9.1,231,0
2025-12-10 15:00:00,18.0,17.9,475.0,451,10.0,52.1,158.0,0.0,2.15,89,27.9,27,9.8,246,0
2025-12-10 16:00:00,17.4,17.3,476.0,450,13.8,46.0,147.0,0.0,0.8,89,27.5,26,9.7,260,0
2025-12-10 17:00:00,14.8,14.6,586.0,452,19.4,34.5,128.0,0.0,0.15,89,26.0,38,7.8,263,0
2025-12-10 18:00:00,22.9,22.8,882.0,459,38.4,32.5,95.0,0.0,0.0,91,24.2,54,7.2,266,0
2025-12-10 19:00:00,29.7,29.5,1288.0,469,64.6,29.7,50.0,0.0,0.0,95,23.1,63,6.0,273,0
2025-12-10 20:00:00,34.6,34.0,1573.0,477,83.9,27.8,16.0,0.0,0.0,89,22.4,67,5.6,268,0
2025-12-10 21:00:00,38.6,37.5,1645.0,482,90.6,28.0,4.0,0.0,0.0,89,21.8,71,5.6,270,0
2025-12-10 22:00:00,40.4,39.0,1597.0,485,90.5,29.1,4.0,1.0,0.0,89,21.3,75,4.7,277,0
2025-12-10 23:00:00,40.9,39.1,1476.0,486,86.4,28.9,8.0,1.0,0.0,89,19.6,82,2.7,323,0
2025-12-11 00:00:00,38.8,36.6,1252.0,483,77.9,26.2,14.0,1.0,0.0,88,19.0,81,4.7,358,0
2025-12-11 01:00:00,34.2,31.8,954.0,478,65.5,22.2,24.0,1.0,0.0,87,17.8,86,5.4,6,0
2025-12-11 02:00:00,29.0,26.4,718.0,475,53.6,18.9,33.0,1.0,0.0,86,17.2,86,4.7,4,0
2025-12-11 03:00:00,24.7,21.9,511.0,474,41.6,16.6,41.0,1.0,0.0,85,16.9,85,4.5,5,0
2025-12-11 04:00:00,21.8,18.9,364.0,476,30.0,15.0,48.0,2.0,0.0,83,16.5,86,4.5,2,0
2025-12-11 05:00:00,25.9,22.4,510.0,481,31.8,17.4,44.0,2.0,0.0,82,15.4,86,2.7,8,0
2025-12-11 06:00:00,26.3,22.6,1291.0,496,40.5,19.7,32.0,2.0,0.0,82,15.3,85,2.7,4,0
2025-12-11 07:00:00,32.1,28.3,2363.0,516,51.9,23.0,18.0,2.0,0.0,82,15.0,85,3.1,7,0
2025-12-11 08:00:00,45.3,41.6,2932.0,523,56.7,26.2,17.0,2.0,0.35,82,15.6,82,2.9,22,0
2025-12-11 09:00:00,52.5,49.9,2500.0,507,48.8,29.0,43.0,2.0,1.4,82,18.4,76,1.8,11,1
2025-12-11 10:00:00,30.6,25.4,1564.0,479,34.2,31.7,83.0,3.0,3.0,83,21.6,70,1.3,315,2
2025-12-11 11:00:00,27.7,21.7,818.0,457,22.0,33.8,116.0,4.0,4.6,83,23.8,69,3.8,229,0
2025-12-11 12:00:00,23.9,17.9,540.0,450,15.1,35.1,134.0,6.0,5.45,83,25.2,62,5.4,222,0
2025-12-11 13:00:00,22.3,16.5,452.0,448,10.6,35.7,145.0,8.0,5.2,82,26.0,57,7.3,222,1
2025-12-11 14:00:00,22.1,16.4,413.0,448,8.5,35.5,149.0,9.0,3.95,82,26.1,56,9.2,222,2
2025-12-11 15:00:00,20.8,15.5,352.0,446,7.9,34.2,144.0,9.0,2.25,82,26.0,56,10.2,228,5
2025-12-11 16:00:00,19.7,14.6,339.0,445,9.7,32.2,132.0,8.0,0.85,82,25.5,56,9.3,238,5
2025-12-11 17:00:00,12.1,10.9,443.0,446,15.4,28.8,111.0,1.0,0.15,82,24.8,62,8.2,244,0
2025-12-11 18:00:00,20.1,18.9,762.0,452,31.9,27.1,84.0,1.0,0.0,82,23.7,69,7.6,267,0
2025-12-11 19:00:00,26.0,24.4,1198.0,460,54.7,24.9,46.0,1.0,0.0,82,22.9,74,7.1,285,0
2025-12-11 20:00:00,28.3,26.7,1530.0,468,71.7,23.6,18.0,1.0,0.0,81,22.2,80,6.0,291,0
2025-12-11 21:00:00,31.8,29.9,1687.0,475,77.4,24.6,8.0,1.0,0.0,80,21.7,84,5.2,292,0
2025-12-11 22:00:00,37.3,35.0,1740.0,481,77.4,26.6,6.0,1.0,0.0,79,21.2,87,4.7,302,0
2025-12-11 23:00:00,42.3,39.7,1683.0,483,75.7,27.3,7.0,1.0,0.0,79,19.6,90,3.3,319,0
2025-12-12 00:00:00,43.9,40.9,1464.0,480,74.5,25.6,7.0,1.0,0.0,79,19.4,90,4.0,339,0
2025-12-12 01:00:00,41.0,37.8,1134.0,473,71.6,22.6,9.0,2.0,0.0,79,18.6,92,3.8,355,11
2025-12-12 02:00:00,35.7,32.2,845.0,467,65.4,19.7,13.0,2.0,0.0,80,18.0,93,4.2,355,38
2025-12-12 03:00:00,32.6,28.5,607.0,463,51.9,16.8,23.0,2.0,0.0,80,17.2,94,4.9,2,50
2025-12-12 04:00:00,32.2,27.1,410.0,459,34.9,14.0,35.0,3.0,0.0,81,16.6,95,5.8,360,98
2025-12-12 05:00:00,36.9,34.1,367.0,458,32.5,13.4,33.0,3.0,0.0,82,15.1,99,5.8,360,100
2025-12-12 06:00:00,33.3,30.7,616.0,461,35.3,13.7,28.0,3.0,0.0,83,15.3,99,5.6,356,100
2025-12-12 07:00:00,38.3,35.5,1019.0,467,39.0,14.2,23.0,3.0,0.0,83,15.4,99,4.5,2,100
2025-12-12 08:00:00,40.4,37.1,1284.0,470,39.8,15.7,26.0,3.0,0.25,84,15.8,97,3.8,11,100
2025-12-12 09:00:00,41.0,38.1,1277.0,468,35.4,19.1,45.0,4.0,1.0,84,16.3,99,3.2,357,100
2025-12-12 10:00:00,30.4,26.8,1130.0,464,28.1,23.5,72.0,5.0,2.55,83,18.0,92,2.3,331,100
2025-12-12 11:00:00,27.9,23.5,950.0,460,21.4,26.9,96.0,6.0,4.15,83,21.2,82,3.3,261,35
2025-12-12 12:00:00,26.7,21.9,732.0,455,16.0,28.7,114.0,6.0,5.2,83,23.6,71,5.8,236,8
2025-12-12 13:00:00,24.1,19.2,480.0,450,11.2,29.6,128.0,6.0,5.2,83,24.8,63,8.5,234,1
2025-12-12 14:00:00,21.1,16.9,309.0,446,8.5,29.6,134.0,6.0,3.95,83,25.2,59,9.5,234,3
2025-12-12 15:00:00,18.2,14.8,251.0,444,7.1,28.6,130.0,5.0,2.3,84,25.4,57,10.4,242,39
2025-12-12 16:00:00,15.5,12.6,274.0,443,7.8,26.8,119.0,4.0,0.85,83,25.1,54,11.1,257,100
2025-12-12 17:00:00,11.3,9.7,398.0,445,13.2,24.8,101.0,0.0,0.15,83,24.4,57,10.5,266,70
2025-12-12 18:00:00,16.8,15.4,716.0,451,28.9,23.5,77.0,0.0,0.0,83,23.2,65,8.6,270,0
2025-12-12 19:00:00,22.8,21.4,1134.0,460,50.4,21.8,45.0,0.0,0.0,83,22.5,70,7.2,266,0
2025-12-12 20:00:00,26.4,24.7,1391.0,466,66.6,20.5,20.0,0.0,0.0,83,22.1,73,7.0,266,15
2025-12-12 21:00:00,29.2,27.4,1349.0,467,73.1,20.5,11.0,0.0,0.0,82,21.6,77,6.9,265,91
2025-12-12 22:00:00,32.1,29.9,1147.0,466,74.3,21.0,10.0,1.0,0.0,82,21.2,78,6.7,272,79
2025-12-12 23:00:00,33.4,30.9,939.0,465,71.1,20.6,13.0,1.0,0.0,82,20.4,77,4.4,279,95
2025-12-13 00:00:00,31.7,28.8,764.0,464,62.1,18.5,21.0,1.0,0.0,81,20.2,77,4.6,288,79
2025-12-13 01:00:00,28.7,25.6,583.0,462,48.7,15.7,33.0,1.0,0.0,80,19.9,79,4.7,302,19
2025-12-13 02:00:00,25.5,22.2,438.0,460,37.1,13.3,43.0,1.0,0.0,79,19.5,81,5.2,301,0
2025-12-13 03:00:00,23.0,19.5,270.0,457,28.0,11.8,50.0,1.0,0.0,78,19.4,84,5.7,305,0
2025-12-13 04:00:00,21.4,17.8,138.0,455,20.6,10.9,55.0,1.0,0.0,77,19.2,86,5.6,310,2
2025-12-13 05:00:00,28.6,23.6,262.0,457,21.9,11.1,48.0,1.0,0.0,76,19.0,83,5.6,299,0
2025-12-13 06:00:00,31.7,26.6,949.0,469,29.6,13.0,36.0,1.0,0.0,75,18.3,85,4.4,322,3
2025-12-13 07:00:00,39.3,34.7,1893.0,486,39.7,15.7,20.0,1.0,0.0,75,17.1,87,5.9,2,13
2025-12-13 08:00:00,51.1,48.4,2395.0,494,44.3,18.4,17.0,1.0,0.3,75,16.6,89,6.7,14,17
2025-12-13 09:00:00,45.1,43.7,2017.0,485,38.2,20.9,39.0,1.0,1.2,76,18.8,80,4.2,12,29
2025-12-13 10:00:00,33.8,32.1,1196.0,466,26.5,23.4,73.0,1.0,2.9,76,22.0,67,2.7,352,73
2025-12-13 11:00:00,20.1,17.0,550.0,452,16.8,25.4,102.0,1.0,4.55,77,24.0,65,4.1,272,89
2025-12-13 12:00:00,15.6,13.6,326.0,447,11.7,26.8,118.0,1.0,5.4,76,25.5,56,6.4,254,75
2025-12-13 13:00:00,14.6,13.3,276.0,445,8.5,27.7,129.0,1.0,5.15,76,26.3,50,8.1,249,33
2025-12-13 14:00:00,14.5,13.4,270.0,445,7.2,28.4,133.0,1.0,3.95,75,26.5,48,9.5,249,4
2025-12-13 15:00:00,14.3,13.3,240.0,444,6.5,28.9,132.0,1.0,2.25,75,26.3,47,10.1,253,0
2025-12-13 16:00:00,14.0,13.0,254.0,444,7.6,29.2,125.0,1.0,0.85,75,25.5,51,10.1,259,0
2025-12-13 17:00:00,8.1,8.1,392.0,446,13.2,28.3,109.0,0.0,0.15,75,24.6,55,9.5,269,0
2025-12-13 18:00:00,14.7,14.6,758.0,453,28.8,26.7,83.0,0.0,0.0,75,23.5,66,8.1,275,0
2025-12-13 19:00:00,21.6,20.9,1248.0,463,50.3,24.5,48.0,0.0,0.0,74,22.5,74,6.8,287,0
2025-12-13 20:00:00,24.0,23.2,1629.0,472,66.5,23.0,21.0,0.0,0.0,74,21.9,78,4.8,297,0
2025-12-13 21:00:00,26.0,25.1,1830.0,479,72.6,23.1,11.0,0.0,0.0,74,21.3,81,3.7,309,0
2025-12-13 22:00:00,29.2,28.1,1921.0,485,73.4,23.9,9.0,0.0,0.0,74,20.8,83,3.4,342,0
2025-12-13 23:00:00,32.4,31.0,1880.0,488,72.5,24.1,8.0,0.0,0.0,74,19.6,88,2.5,8,0
2025-12-14 00:00:00,34.3,32.9,1645.0,487,70.7,23.0,7.0,0.0,0.0,74,19.6,87,4.8,13,0
2025-12-14 01:00:00,34.0,32.5,1278.0,484,67.2,21.2,6.0,0.0,0.0,74,19.0,89,5.4,20,55
2025-12-14 02:00:00,31.7,30.0,946.0,481,62.6,19.4,7.0,0.0,0.0,75,18.4,91,5.6,21,83
2025-12-14 03:00:00,29.9,28.2,662.0,477,56.0,17.3,9.0,0.0,0.0,76,17.6,94,6.2,21,100
2025-12-14 04:00:00,30.2,28.3,413.0,474,48.4,15.2,11.0,0.0,0.0,76,17.0,94,6.0,17,99
2025-12-14 05:00:00,33.6,32.2,321.0,471,47.4,16.2,6.0,0.0,0.0,77,16.5,92,6.5,14,100
2025-12-14 06:00:00,32.5,31.8,526.0,471,47.0,16.6,4.0,0.0,0.0,78,16.3,89,7.1,21,2
2025-12-14 07:00:00,37.1,36.3,889.0,472,46.2,17.4,3.0,0.0,0.0,78,16.1,89,7.3,28,0
2025-12-14 08:00:00,45.9,45.2,1116.0,472,43.0,19.1,11.0,0.0,0.3,79,16.5,84,7.8,26,6
2025-12-14 09:00:00,34.9,34.1,1053.0,469,35.3,22.2,37.0,1.0,1.3,78,18.4,72,7.2,25,20
2025-12-14 10:00:00,22.5,20.4,853.0,465,25.3,26.3,72.0,2.0,2.8,78,21.4,57,5.9,38,93
2025-12-14 11:00:00,17.9,15.4,687.0,461,17.3,30.6,102.0,3.0,4.25,76,23.2,51,6.4,43,95
2025-12-14 12:00:00,16.9,14.6,596.0,458,12.8,35.2,121.0,3.0,4.9,76,24.6,39,4.5,61,100
2025-12-14 13:00:00,17.9,15.9,537.0,457,10.4,40.0,134.0,3.0,4.7,76,25.6,33,3.5,99,96
2025-12-14 14:00:00,19.4,17.5,556.0,456,9.6,43.9,143.0,3.0,3.6,77,26.4,29,2.9,137,100
2025-12-14 15:00:00,20.9,19.0,654.0,456,8.3,47.1,151.0,3.0,2.05,77,26.5,28,3.4,183,98
2025-12-14 16:00:00,22.2,20.4,829.0,458,8.8,49.4,155.0,3.0,0.8,78,26.2,32,5.0,210,99
2025-12-14 17:00:00,55.1,44.5,1118.0,463,18.5,51.7,144.0,17.0,0.1,78,25.4,43,7.3,224,87
2025-12-14 18:00:00,61.9,52.0,1703.0,475,43.3,49.7,108.0,16.0,0.0,84,24.0,55,8.1,241,40
2025-12-14 19:00:00,68.5,59.5,2401.0,489,77.0,46.9,58.0,15.0,0.0,92,23.0,59,6.4,260,0
2025-12-14 20:00:00,70.8,62.4,2705.0,497,99.8,43.7,22.0,13.0,0.0,88,22.5,59,2.8,320,0
2025-12-14 21:00:00,77.1,69.4,2248.0,491,102.6,40.5,10.0,11.0,0.0,92,22.0,53,8.3,56,0
2025-12-14 22:00:00,81.5,75.4,1396.0,478,94.4,37.0,12.0,9.0,0.0,96,21.0,47,9.6,62,0
2025-12-14 23:00:00,77.8,73.1,737.0,468,81.9,32.8,18.0,8.0,0.0,100,19.9,51,9.9,55,0
2025-12-15 00:00:00,78.0,73.3,519.0,464,64.5,26.8,29.0,8.0,0.0,104,19.1,53,10.3,50,0
2025-12-15 01:00:00,78.9,74.0,494.0,463,42.9,20.1,45.0,9.0,0.0,108,18.5,56,10.7,46,0
2025-12-15 02:00:00,78.7,73.6,500.0,462,25.7,15.1,58.0,9.0,0.0,113,18.0,58,10.4,42,0
2025-12-15 03:00:00,76.8,71.9,469.0,462,16.0,12.9,65.0,9.0,0.0,117,17.6,60,10.7,36,0
2025-12-15 04:00:00,73.6,68.9,470.0,463,10.6,12.4,70.0,9.0,0.0,122,17.3,61,11.1,32,0
2025-12-15 05:00:00,71.0,66.4,545.0,464,8.8,12.2,69.0,8.0,0.0,126,17.0,61,11.1,34,0
2025-12-15 06:00:00,68.7,64.0,763.0,467,15.1,13.2,63.0,8.0,0.0,129,16.8,62,10.5,33,0
2025-12-15 07:00:00,68.7,64.0,1056.0,471,23.6,14.6,55.0,8.0,0.0,133,16.5,63,10.4,32,0
2025-12-15 08:00:00,70.1,65.4,1265.0,473,28.7,16.2,55.0,8.0,0.3,136,16.5,62,10.0,38,0
2025-12-15 09:00:00,69.6,65.7,1328.0,472,27.3,17.8,69.0,9.0,1.1,138,18.1,56,8.0,42,9
2025-12-15 10:00:00,67.8,63.1,1308.0,470,22.4,19.5,91.0,11.0,2.4,141,20.8,47,6.7,46,19
2025-12-15 11:00:00,64.3,57.9,1228.0,467,17.6,21.2,112.0,12.0,3.75,146,23.5,39,6.4,54,73
2025-12-15 12:00:00,56.0,49.9,1046.0,463,13.4,23.3,130.0,11.0,4.5,150,25.5,31,6.5,66,56
2025-12-15 13:00:00,46.9,42.3,805.0,457,9.2,25.4,147.0,9.0,4.35,151,26.6,28,5.2,76,96
2025-12-15 14:00:00,41.8,38.0,660.0,454,7.1,26.8,157.0,7.0,3.3,151,27.3,26,4.4,81,98
2025-12-15 15:00:00,39.1,35.6,690.0,454,6.6,26.9,161.0,6.0,1.9,152,27.5,25,3.6,99,88
2025-12-15 16:00:00,38.0,34.8,816.0,456,8.2,26.1,158.0,6.0,0.75,152,27.4,25,3.1,118,32
2025-12-15 17:00:00,35.2,33.3,953.0,458,15.0,27.8,144.0,3.0,0.1,152,27.0,27,4.1,92,0
2025-12-15 18:00:00,51.9,50.3,1101.0,461,37.3,26.9,111.0,3.0,0.0,152,25.7,31,2.0,180,5
2025-12-15 19:00:00,63.1,61.5,1259.0,464,67.2,25.5,65.0,2.0,0.0,152,24.8,33,5.2,84,0
2025-12-15 20:00:00,57.5,56.3,1345.0,466,82.9,23.7,36.0,2.0,0.0,152,23.7,35,10.0,72,0
2025-12-15 21:00:00,56.0,54.6,1301.0,466,70.9,21.1,39.0,3.0,0.0,152,22.1,42,11.0,62,1
2025-12-15 22:00:00,58.1,56.1,1184.0,465,44.7,18.0,59.0,4.0,0.0,152,21.0,47,11.0,58,0
2025-12-15 23:00:00,60.1,57.5,1078.0,464,23.7,15.7,75.0,5.0,0.0,151,20.1,51,11.0,56,0
2025-12-16 00:00:00,60.5,57.6,1014.0,462,15.5,14.7,79.0,6.0,0.0,151,19.5,54,11.1,53,0
2025-12-16 01:00:00,59.6,56.6,962.0,458,12.5,14.5,80.0,6.0,0.0,151,19.1,56,11.2,52,0
2025-12-16 02:00:00,57.9,54.7,915.0,456,10.5,14.6,81.0,6.0,0.0,150,18.7,58,11.1,47,0
2025-12-16 03:00:00,55.9,52.7,852.0,455,7.9,14.7,84.0,6.0,0.0,149,18.3,58,11.6,42,0
2025-12-16 04:00:00,54.1,51.0,795.0,454,6.4,15.0,88.0,5.0,0.0,147,18.0,58,11.9,39,0
2025-12-16 05:00:00,53.2,50.1,804.0,454,7.1,15.1,87.0,5.0,0.0,146,17.8,58,11.9,42,0
2025-12-16 06:00:00,52.7,49.7,953.0,455,11.6,16.7,84.0,5.0,0.0,144,17.6,57,11.7,44,0
2025-12-16 07:00:00,54.5,51.7,1169.0,458,17.7,18.9,82.0,5.0,0.0,142,17.5,57,11.8,47,0
2025-12-16 08:00:00,57.6,54.8,1293.0,459,21.1,21.2,85.0,5.0,0.3,141,17.8,55,11.9,51,0
2025-12-16 09:00:00,59.8,57.5,1240.0,459,19.3,23.9,100.0,6.0,1.25,140,19.5,49,11.1,53,0
2025-12-16 10:00:00,61.2,58.3,1096.0,457,14.9,26.6,121.0,7.0,2.7,139,22.1,42,10.7,55,0
2025-12-16 11:00:00,57.4,53.9,957.0,456,11.0,28.0,138.0,7.0,4.2,139,24.6,36,11.6,64,0
2025-12-16 12:00:00,47.0,44.0,840.0,454,8.4,26.8,148.0,6.0,5.05,138,26.3,30,14.1,74,0
2025-12-16 13:00:00,38.0,35.7,729.0,453,6.4,24.2,153.0,4.0,4.85,138,27.3,28,14.1,80,0
2025-12-16 14:00:00,33.3,31.5,672.0,452,5.6,22.1,155.0,3.0,3.7,137,27.9,26,13.5,82,0
2025-12-16 15:00:00,30.7,29.3,701.0,452,6.4,21.3,154.0,2.0,2.15,136,28.1,25,12.2,82,0
2025-12-16 16:00:00,29.5,28.2,785.0,453,8.5,21.0,148.0,2.0,0.8,136,27.9,26,11.7,77,0
2025-12-16 17:00:00,48.2,45.8,878.0,455,12.3,21.8,139.0,5.0,0.15,135,27.0,28,11.4,69,0
2025-12-16 18:00:00,54.5,52.7,987.0,457,17.0,20.9,125.0,4.0,0.0,136,25.6,31,11.1,61,0
2025-12-16 19:00:00,57.2,55.5,1106.0,460,23.4,19.7,105.0,4.0,0.0,136,24.4,35,12.2,61,0
2025-12-16 20:00:00,58.1,56.2,1165.0,462,27.0,19.0,90.0,3.0,0.0,136,23.0,38,12.1,58,0
2025-12-16 21:00:00,60.1,58.0,1122.0,462,25.4,19.3,84.0,3.0,0.0,136,21.9,43,12.5,50,0
2025-12-16 22:00:00,62.4,60.1,1019.0,461,21.1,20.2,83.0,4.0,0.0,136,21.0,46,12.7,46,0
2025-12-16 23:00:00,64.3,61.7,918.0,460,17.0,21.1,84.0,4.0,0.0,137,20.4,49,12.7,44,0
2025-12-17 00:00:00,65.0,62.4,833.0,459,14.0,22.0,86.0,4.0,0.0,137,20.1,49,12.4,47,0
2025-12-17 01:00:00,64.7,62.2,749.0,457,11.2,22.9,90.0,5.0,0.0,138,19.9,49,11.5,51,0
2025-12-17 02:00:00,64.0,61.5,682.0,456,9.1,23.9,93.0,5.0,0.0,138,19.5,49,10.9,52,0
2025-12-17 03:00:00,62.9,60.5,609.0,456,7.3,24.7,94.0,5.0,0.0,139,19.1,49,10.4,53,0
2025-12-17 04:00:00,62.2,59.8,553.0,457,6.2,25.4,95.0,4.0,0.0,140,18.7,50,10.2,58,0
2025-12-17 05:00:00,60.8,58.6,595.0,459,7.1,24.9,92.0,4.0,0.0,141,18.1,50,8.6,54,0
2025-12-17 06:00:00,61.0,58.8,841.0,462,11.7,26.8,90.0,4.0,0.0,141,17.5,51,9.2,59,0
2025-12-17 07:00:00,62.6,60.5,1186.0,467,17.8,29.3,88.0,3.0,0.0,142,17.0,53,9.8,64,0
2025-12-17 08:00:00,65.0,63.1,1398.0,469,21.2,31.1,91.0,3.0,0.3,143,17.4,52,10.7,65,0
2025-12-17 09:00:00,65.7,64.3,1356.0,468,19.4,31.7,103.0,3.0,1.2,144,19.2,47,10.5,71,0
2025-12-17 10:00:00,63.6,61.9,1182.0,465,14.9,31.5,120.0,3.0,2.6,145,22.0,41,9.7,74,0
2025-12-17 11:00:00,49.5,47.7,1007.0,462,11.0,30.5,135.0,3.0,4.05,145,24.6,35,10.8,75,0
2025-12-17 12:00:00,35.0,33.4,851.0,460,8.4,28.1,145.0,4.0,4.85,145,26.2,30,12.8,81,0
2025-12-17 13:00:00,32.5,30.2,694.0,458,6.4,24.8,152.0,4.0,4.65,143,27.2,28,10.8,86,0
2025-12-17 14:00:00,32.7,29.9,615.0,457,5.8,22.7,155.0,5.0,3.55,143,27.8,26,10.0,103,0
2025-12-17 15:00:00,32.7,29.9,632.0,457,4.9,22.6,158.0,5.0,2.05,143,28.0,25,9.3,119,0
2025-12-17 16:00:00,32.9,30.0,725.0,459,5.4,23.5,157.0,5.0,0.8,143,27.6,25,9.4,128,0
2025-12-17 17:00:00,38.3,34.9,920.0,462,13.3,22.9,136.0,6.0,0.15,143,26.9,28,8.0,130,0
2025-12-17 18:00:00,51.1,48.5,1340.0,469,35.7,24.5,102.0,5.0,0.0,142,25.6,33,7.0,130,1
2025-12-17 19:00:00,63.1,60.8,1860.0,477,65.8,26.6,55.0,4.0,0.0,141,25.0,34,7.5,98,57
2025-12-17 20:00:00,62.9,61.0,2130.0,482,83.7,27.0,24.0,3.0,0.0,142,24.1,35,8.9,76,4
2025-12-17 21:00:00,50.8,49.5,1923.0,480,77.9,24.1,24.0,2.0,0.0,142,22.9,39,10.6,60,17
2025-12-17 22:00:00,40.9,39.8,1467.0,475,59.7,19.5,39.0,2.0,0.0,142,22.0,42,10.1,61,38
2025-12-17 23:00:00,34.5,33.5,1092.0,471,43.1,15.8,53.0,2.0,0.0,139,21.0,44,9.2,59,74
2025-12-18 00:00:00,30.6,29.7,932.0,470,32.4,14.0,60.0,2.0,0.0,137,20.1,47,9.0,60,100
2025-12-18 01:00:00,28.6,27.8,855.0,470,23.3,13.2,65.0,2.0,0.0,133,19.4,50,8.6,54,98
2025-12-18 02:00:00,28.0,27.1,793.0,470,16.6,13.0,68.0,2.0,0.0,130,18.6,53,8.4,47,76
2025-12-18 03:00:00,28.2,27.2,699.0,470,12.3,13.4,69.0,2.0,0.0,126,18.0,54,8.4,35,34
2025-12-18 04:00:00,28.9,27.8,621.0,470,10.5,14.3,68.0,2.0,0.0,122,17.5,56,8.5,32,20
2025-12-18 05:00:00,28.2,27.1,634.0,471,13.3,13.9,59.0,2.0,0.0,119,17.1,55,8.4,23,38
2025-12-18 06:00:00,29.8,28.6,812.0,474,22.0,15.3,49.0,2.0,0.0,116,16.8,56,8.5,28,95
2025-12-18 07:00:00,34.0,32.5,1082.0,478,33.8,17.3,36.0,2.0,0.0,113,16.2,57,8.5,21,98
2025-12-18 08:00:00,41.1,39.5,1300.0,481,40.9,20.0,34.0,3.0,0.25,110,16.4,55,8.3,20,100
2025-12-18 09:00:00,44.8,43.1,1440.0,482,39.2,23.5,52.0,4.0,1.05,107,18.2,49,7.7,30,100
2025-12-18 10:00:00,45.9,43.9,1529.0,481,32.9,27.7,82.0,6.0,2.35,105,21.0,42,7.0,23,100
2025-12-18 11:00:00,39.2,35.6,1506.0,478,26.4,32.1,109.0,7.0,3.65,103,24.4,33,3.9,34,100
2025-12-18 12:00:00,40.3,35.7,1260.0,472,20.4,37.0,132.0,9.0,4.4,102,26.1,29,2.3,51,100
2025-12-18 13:00:00,42.6,37.3,901.0,464,14.3,42.2,152.0,10.0,4.25,102,27.0,26,0.8,153,99
2025-12-18 14:00:00,44.2,38.4,700.0,459,11.0,46.5,167.0,11.0,3.3,103,27.5,25,2.7,184,98
2025-12-18 15:00:00,45.1,39.3,811.0,460,9.1,49.9,177.0,11.0,1.95,104,27.5,26,6.2,201,100
2025-12-18 16:00:00,46.1,40.7,1079.0,464,9.9,52.4,181.0,10.0,0.75,105,26.5,37,9.5,216,95
2025-12-18 17:00:00,50.1,45.6,1316.0,469,20.7,59.9,171.0,8.0,0.15,106,25.3,45,9.7,235,33
2025-12-18 18:00:00,68.2,65.0,1452.0,473,49.7,56.4,129.0,7.0,0.0,116,24.0,50,7.9,253,43
2025-12-18 19:00:00,74.3,71.7,1556.0,478,89.2,51.3,70.0,5.0,0.0,126,23.1,50,7.3,290,88
2025-12-18 20:00:00,73.1,70.8,1642.0,483,115.7,46.4,26.0,4.0,0.0,117,22.4,51,7.8,310,20
2025-12-18 21:00:00,71.9,70.1,1753.0,490,117.7,42.4,11.0,3.0,0.0,111,21.8,51,7.9,333,23
2025-12-18 22:00:00,71.9,70.3,1845.0,496,106.8,38.6,10.0,2.0,0.0,113,21.4,48,7.6,357,38
2025-12-18 23:00:00,67.8,66.6,1805.0,499,94.0,34.2,13.0,2.0,0.0,116,20.9,44,6.9,30,23
2025-12-19 00:00:00,59.4,58.1,1522.0,494,82.4,28.4,16.0,2.0,0.0,120,20.4,44,7.5,40,13
2025-12-19 01:00:00,51.2,49.7,1106.0,486,68.9,22.0,23.0,3.0,0.0,123,19.9,45,7.4,45,0
2025-12-19 02:00:00,45.3,43.5,776.0,479,55.8,17.2,30.0,3.0,0.0,125,19.4,47,6.8,53,0
2025-12-19 03:00:00,41.8,40.0,592.0,477,42.1,14.7,39.0,3.0,0.0,127,19.0,49,6.6,49,2
2025-12-19 04:00:00,40.0,38.2,495.0,478,28.7,13.7,49.0,3.0,0.0,128,18.5,50,6.9,47,2
2025-12-19 05:00:00,38.4,36.6,522.0,479,22.0,13.2,52.0,3.0,0.0,129,18.1,51,6.9,39,4
2025-12-19 06:00:00,38.9,37.0,748.0,481,26.1,14.5,48.0,3.0,0.0,130,17.9,51,7.7,39,4
2025-12-19 07:00:00,41.8,39.8,1099.0,484,31.6,16.3,44.0,4.0,0.0,131,17.7,51,7.3,38,5
2025-12-19 08:00:00,46.8,44.8,1390.0,486,34.3,18.3,48.0,4.0,0.3,132,17.9,50,7.3,40,12
2025-12-19 09:00:00,50.9,49.2,1581.0,487,31.6,20.0,68.0,5.0,1.15,132,19.5,45,5.5,36,33
2025-12-19 10:00:00,50.6,48.4,1712.0,486,26.1,21.9,97.0,5.0,2.55,133,22.0,39,4.4,58,44
2025-12-19 11:00:00,46.7,43.4,1724.0,484,20.9,25.0,123.0,6.0,4.0,133,24.4,34,3.8,95,55
2025-12-19 12:00:00,43.1,39.2,1508.0,478,16.4,30.7,142.0,7.0,4.8,134,26.0,29,3.7,119,63
2025-12-19 13:00:00,42.7,38.8,1173.0,470,12.2,37.6,157.0,7.0,4.6,135,27.1,27,3.1,144,59
2025-12-19 14:00:00,41.9,38.3,984.0,465,10.5,42.6,166.0,7.0,3.5,135,27.9,26,2.4,163,4
2025-12-19 15:00:00,40.7,37.5,989.0,463,11.4,44.3,170.0,7.0,2.0,135,28.5,24,2.9,180,13
2025-12-19 16:00:00,41.1,38.2,1140.0,464,14.7,44.0,169.0,6.0,0.75,135,28.4,26,4.6,198,0
2025-12-19 17:00:00,43.9,41.3,1556.0,471,19.9,47.8,168.0,5.0,0.15,134,27.4,33,6.9,233,1
2025-12-19 18:00:00,61.0,59.0,2539.0,490,42.2,44.2,135.0,4.0,0.0,134,25.5,46,7.7,249,0
2025-12-19 19:00:00,67.1,65.4,3787.0,515,73.1,39.3,88.0,4.0,0.0,133,24.4,52,6.5,283,0
2025-12-19 20:00:00,69.4,67.5,4515.0,531,98.3,36.8,51.0,3.0,0.0,133,23.6,53,6.6,305,1
2025-12-19 21:00:00,72.9,71.2,4283.0,531,113.3,39.7,32.0,3.0,0.0,132,23.1,55,4.6,329,1
2025-12-19 22:00:00,79.2,77.1,3530.0,522,122.6,44.9,21.0,3.0,0.0,132,22.7,56,5.6,345,0
2025-12-19 23:00:00,86.8,84.8,2787.0,512,124.7,47.0,15.0,3.0,0.0,133,22.3,57,4.5,360,18
2025-12-20 00:00:00,87.5,85.7,2189.0,503,116.6,42.8,12.0,3.0,0.0,135,22.1,54,4.7,28,85
2025-12-20 01:00:00,81.0,79.4,1600.0,494,101.3,35.5,13.0,3.0,0.0,138,22.0,49,4.5,43,100
2025-12-20 02:00:00,73.6,71.9,1143.0,488,87.3,29.0,14.0,3.0,0.0,141,21.8,47,2.8,15,100
2025-12-20 03:00:00,67.5,66.1,812.0,486,76.7,24.2,15.0,3.0,0.0,144,21.1,48,3.3,6,100
2025-12-20 04:00:00,61.9,60.3,613.0,487,67.4,20.3,16.0,3.0,0.0,147,20.9,48,2.6,34,100
2025-12-20 05:00:00,63.1,61.5,684.0,492,65.3,18.6,13.0,3.0,0.0,149,20.5,48,2.1,31,98
2025-12-20 06:00:00,60.5,58.6,1277.0,506,64.1,18.9,10.0,3.0,0.0,150,19.4,53,1.9,29,64
2025-12-20 07:00:00,63.1,61.0,2140.0,525,62.2,19.8,7.0,3.0,0.0,151,19.1,51,2.4,36,91
2025-12-20 08:00:00,73.8,71.9,2653.0,533,58.4,23.8,17.0,3.0,0.25,151,19.0,51,4.1,38,84
2025-12-20 09:00:00,76.4,75.0,2462.0,521,51.8,34.7,52.0,4.0,1.1,152,20.9,45,2.7,28,77
2025-12-20 10:00:00,61.0,58.3,1921.0,499,43.4,48.8,99.0,5.0,2.45,152,23.7,36,1.9,29,99
2025-12-20 11:00:00,58.0,54.9,1477.0,482,34.9,57.5,136.0,5.0,3.7,153,25.9,32,1.2,153,99
2025-12-20 12:00:00,48.2,45.8,1309.0,475,25.6,56.0,154.0,5.0,4.35,153,26.9,30,3.8,172,99
2025-12-20 13:00:00,41.1,39.0,1237.0,473,16.2,49.1,162.0,4.0,4.15,153,27.5,29,6.0,190,100
2025-12-20 14:00:00,38.2,36.4,1167.0,471,10.8,42.7,164.0,3.0,3.2,153,27.6,30,7.7,204,100
2025-12-20 15:00:00,36.8,35.2,1038.0,469,10.7,38.8,161.0,3.0,1.85,153,27.5,31,8.3,219,100
2025-12-20 16:00:00,37.4,35.6,912.0,467,14.5,35.5,152.0,3.0,0.75,153,26.7,36,8.5,235,100
2025-12-20 17:00:00,51.3,48.9,876.0,467,21.3,43.6,162.0,4.0,0.15,153,26.1,49,8.5,263,100
2025-12-20 18:00:00,59.1,57.3,966.0,469,35.0,40.5,133.0,4.0,0.0,153,25.1,55,8.4,280,100
2025-12-20 19:00:00,63.8,61.9,1146.0,473,53.9,36.2,94.0,3.0,0.0,153,24.2,60,7.0,296,100
2025-12-20 20:00:00,65.2,63.1,1398.0,480,68.6,32.6,61.0,3.0,0.0,153,23.5,65,5.3,294,99
2025-12-20 21:00:00,65.9,63.8,1854.0,494,76.1,31.0,42.0,3.0,0.0,153,22.9,69,4.7,293,99
2025-12-20 22:00:00,67.1,65.0,2382.0,512,79.4,30.2,31.0,3.0,0.0,153,22.2,72,5.4,291,99
2025-12-20 23:00:00,68.9,66.6,2567.0,520,77.5,28.6,26.0,3.0,0.0,152,21.5,75,5.4,291,100
2025-12-21 00:00:00,66.4,64.0,2088.0,511,67.7,25.1,30.0,3.0,0.0,152,21.0,78,5.4,310,98
2025-12-21 01:00:00,59.5,57.2,1265.0,493,52.7,20.8,41.0,3.0,0.0,152,20.5,80,5.1,328,98
2025-12-21 02:00:00,52.5,50.1,646.0,480,39.5,17.2,50.0,3.0,0.0,151,20.3,82,5.2,333,100
2025-12-21 03:00:00,48.8,45.9,402.0,477,29.0,14.8,57.0,3.0,0.0,151,20.2,83,4.7,332,100
2025-12-21 04:00:00,44.7,41.9,361.0,480,20.3,13.2,63.0,2.0,0.0,150,20.0,87,4.2,350,91
2025-12-21 05:00:00,40.3,37.5,556.0,485,17.1,11.5,63.0,2.0,0.0,149,19.0,91,2.1,20,48
2025-12-21 06:00:00,40.9,38.1,1225.0,498,28.9,13.0,47.0,1.0,0.0,146,19.0,92,1.4,50,98
2025-12-21 07:00:00,48.4,45.5,2130.0,514,44.6,15.1,26.0,1.0,0.0,144,18.9,94,1.9,29,92
2025-12-21 08:00:00,61.2,58.3,2593.0,519,52.3,17.4,18.0,2.0,0.25,142,19.1,93,3.2,19,93
2025-12-21 09:00:00,56.9,54.5,2181.0,504,44.3,20.0,36.0,7.0,1.05,141,21.1,85,2.2,24,73
2025-12-21 10:00:00,44.0,39.3,1326.0,479,28.3,22.6,68.0,13.0,2.5,139,23.5,75,1.1,342,77
2025-12-21 11:00:00,38.0,25.1,654.0,459,15.5,24.3,92.0,21.0,3.8,137,25.1,68,5.2,236,84
2025-12-21 12:00:00,40.9,20.4,417.0,451,10.2,24.1,101.0,31.0,4.4,134,26.3,57,6.9,229,100
2025-12-21 13:00:00,45.5,19.4,362.0,449,8.1,22.9,102.0,42.0,4.05,131,26.6,54,9.2,231,100
2025-12-21 14:00:00,45.6,18.5,351.0,448,7.7,22.0,101.0,48.0,3.1,129,26.6,52,10.5,246,100
2025-12-21 15:00:00,43.8,17.3,330.0,447,7.7,22.0,98.0,47.0,1.9,127,26.6,50,10.8,267,100
2025-12-21 16:00:00,40.9,16.5,354.0,447,9.5,22.4,93.0,41.0,0.8,125,26.1,49,10.8,281,99
2025-12-21 17:00:00,41.1,18.3,445.0,450,14.5,23.8,88.0,40.0,0.15,123,25.5,46,8.7,266,95
2025-12-21 18:00:00,36.3,22.8,683.0,457,28.6,22.9,69.0,32.0,0.0,120,24.2,55,7.7,261,95
2025-12-21 19:00:00,35.6,25.9,989.0,466,47.7,21.6,43.0,21.0,0.0,117,23.3,65,7.1,260,87
2025-12-21 20:00:00,34.3,26.7,1150.0,471,60.0,20.2,26.0,12.0,0.0,113,22.6,72,6.8,272,55
2025-12-21 21:00:00,32.5,25.7,1035.0,470,59.6,18.6,25.0,9.0,0.0,109,22.0,77,7.0,291,89
2025-12-21 22:00:00,30.5,24.4,774.0,465,52.5,16.9,32.0,8.0,0.0,105,21.5,79,7.6,295,6
2025-12-21 23:00:00,28.3,22.4,548.0,461,44.5,15.1,40.0,8.0,0.0,101,21.4,67,8.1,299,1
2025-12-22 00:00:00,25.6,19.6,415.0,457,36.6,13.0,46.0,7.0,0.0,97,21.4,62,7.7,311,0
2025-12-22 01:00:00,23.2,17.3,316.0,454,27.7,10.8,53.0,7.0,0.0,93,21.0,61,8.1,317,0
2025-12-22 02:00:00,21.8,16.1,252.0,452,21.0,9.3,57.0,7.0,0.0,89,20.7,60,8.6,321,0
2025-12-22 03:00:00,20.7,15.3,204.0,452,16.9,8.7,57.0,6.0,0.0,86,20.4,56,8.5,328,0
2025-12-22 04:00:00,19.2,14.5,191.0,454,14.8,8.8,54.0,5.0,0.0,84,19.9,55,7.8,345,0
2025-12-22 05:00:00,18.7,16.0,268.0,457,19.4,9.8,42.0,2.0,0.0,81,18.8,70,8.5,354,0
2025-12-22 06:00:00,18.7,15.7,513.0,463,27.6,11.2,33.0,2.0,0.0,79,18.5,69,8.7,354,0
2025-12-22 07:00:00,23.1,19.6,849.0,470,38.4,13.3,21.0,3.0,0.0,77,18.0,68,8.7,8,0
2025-12-22 08:00:00,31.4,27.2,1099.0,474,43.6,15.4,20.0,6.0,0.3,75,17.9,64,7.5,37,0
2025-12-22 09:00:00,33.3,27.9,1196.0,474,37.7,17.7,40.0,12.0,1.15,72,19.4,56,6.0,25,0
2025-12-22 10:00:00,34.6,25.8,1208.0,472,26.1,20.2,71.0,21.0,2.6,70,22.0,46,3.4,32,0
2025-12-22 11:00:00,43.3,28.2,1159.0,469,16.4,21.9,97.0,28.0,4.0,69,24.8,33,2.7,62,0
2025-12-22 12:00:00,50.4,27.7,1019.0,464,11.1,22.2,111.0,34.0,4.8,69,25.9,30,1.5,144,0
2025-12-22 13:00:00,51.5,27.8,818.0,458,7.7,21.9,119.0,38.0,4.6,70,26.5,30,4.1,178,0
2025-12-22 14:00:00,49.4,28.0,672.0,454,6.3,22.1,124.0,40.0,3.5,70,26.8,31,6.7,189,0
2025-12-22 15:00:00,48.0,28.5,613.0,453,5.3,23.5,131.0,38.0,2.0,71,26.7,33,8.5,205,0
2025-12-22 16:00:00,47.5,29.8,609.0,454,6.3,25.5,135.0,34.0,0.8,72,26.0,36,9.3,229,0
2025-12-22 17:00:00,66.4,42.3,675.0,456,14.8,32.3,130.0,44.0,0.15,73,25.0,43,9.7,266,0
2025-12-22 18:00:00,75.2,57.5,876.0,461,40.6,32.4,95.0,37.0,0.0,75,23.6,48,8.5,298,0
2025-12-22 19:00:00,75.9,63.1,1148.0,468,75.9,32.5,48.0,28.0,0.0,79,22.6,50,6.8,325,0
2025-12-22 20:00:00,77.1,66.1,1317.0,472,99.2,32.2,15.0,20.0,0.0,82,22.0,50,7.0,360,0
2025-12-22 21:00:00,82.2,72.9,1291.0,473,101.1,31.6,9.0,14.0,0.0,85,21.9,48,8.3,13,0
2025-12-22 22:00:00,85.2,79.4,1161.0,471,91.0,30.6,17.0,10.0,0.0,90,22.0,51,8.5,24,0
2025-12-22 23:00:00,84.8,81.0,1031.0,469,76.5,29.1,30.0,7.0,0.0,94,21.1,58,9.5,33,0
2025-12-23 00:00:00,86.8,84.1,923.0,466,56.3,26.5,49.0,6.0,0.0,100,20.4,61,9.9,37,1
2025-12-23 01:00:00,86.6,83.6,815.0,462,31.6,23.3,74.0,6.0,0.0,106,20.0,63,9.9,33,9
2025-12-23 02:00:00,83.4,79.9,742.0,459,13.2,21.3,92.0,6.0,0.0,113,19.5,65,10.4,34,15
2025-12-23 03:00:00,78.9,75.4,710.0,457,5.7,21.4,100.0,6.0,0.0,120,19.1,66,10.7,33,73
2025-12-23 04:00:00,74.7,71.5,714.0,457,4.5,22.6,101.0,5.0,0.0,126,18.8,67,11.0,28,98
2025-12-23 05:00:00,72.6,69.4,773.0,457,6.4,23.7,98.0,5.0,0.0,132,18.5,66,11.4,27,36
2025-12-23 06:00:00,69.8,66.8,952.0,460,12.8,25.1,90.0,5.0,0.0,138,18.1,67,11.7,25,0
2025-12-23 07:00:00,69.2,65.9,1186.0,464,21.4,27.0,80.0,5.0,0.0,143,17.7,68,11.5,30,0
2025-12-23 08:00:00,69.6,66.4,1300.0,466,26.4,28.7,77.0,6.0,0.25,148,17.7,68,11.6,33,0
2025-12-23 09:00:00,68.2,65.0,1186.0,464,24.5,30.5,89.0,8.0,1.1,150,19.2,62,9.8,38,0
2025-12-23 10:00:00,65.0,60.5,951.0,460,19.0,32.0,108.0,10.0,2.45,151,21.6,51,8.9,43,0
2025-12-23 11:00:00,58.4,52.0,748.0,456,13.9,31.9,123.0,12.0,3.95,152,24.0,41,10.7,54,0
2025-12-23 12:00:00,48.1,39.7,620.0,453,10.2,28.4,129.0,13.0,4.8,152,25.5,34,10.3,61,0
2025-12-23 13:00:00,41.1,32.7,523.0,450,6.9,23.2,131.0,14.0,4.65,153,26.2,30,9.4,59,0
2025-12-23 14:00:00,38.2,30.4,476.0,449,5.4,19.6,131.0,14.0,3.6,153,26.7,27,8.5,55,0
2025-12-23 15:00:00,37.5,29.9,499.0,449,4.7,19.1,132.0,14.0,2.1,153,26.9,26,8.0,56,0
2025-12-23 16:00:00,37.4,30.2,571.0,450,5.9,20.2,131.0,13.0,0.85,153,26.7,26,8.2,61,0
2025-12-23 17:00:00,29.7,25.4,653.0,452,12.4,20.8,119.0,8.0,0.15,153,26.1,26,8.6,64,0
2025-12-23 18:00:00,43.0,39.1,751.0,455,28.4,20.6,94.0,7.0,0.0,153,25.1,29,8.9,71,0
2025-12-23 19:00:00,49.5,46.2,859.0,458,49.8,20.3,60.0,7.0,0.0,152,24.3,32,11.0,71,0
2025-12-23 20:00:00,47.6,43.8,913.0,460,61.7,19.4,38.0,7.0,0.0,152,23.3,36,11.4,67,0
2025-12-23 21:00:00,46.2,41.4,877.0,461,54.8,17.5,38.0,9.0,0.0,151,21.9,43,10.9,66,0
2025-12-23 22:00:00,45.3,39.3,788.0,461,38.4,15.1,50.0,11.0,0.0,151,20.9,48,10.0,56,0
2025-12-23 23:00:00,44.9,37.8,693.0,460,24.9,12.9,59.0,13.0,0.0,149,20.0,54,9.4,50,0
2025-12-24 00:00:00,44.1,36.4,598.0,459,19.2,11.2,61.0,14.0,0.0,144,19.4,57,9.1,38,0
2025-12-24 01:00:00,42.4,34.5,496.0,457,16.4,9.8,62.0,15.0,0.0,139,18.8,58,9.5,33,0
2025-12-24 02:00:00,40.4,32.2,417.0,456,14.3,8.8,62.0,15.0,0.0,134,18.3,58,9.6,34,0
2025-12-24 03:00:00,38.6,30.4,347.0,456,11.2,8.2,64.0,15.0,0.0,129,17.8,57,10.0,34,0
2025-12-24 04:00:00,37.1,29.0,300.0,456,8.7,8.0,67.0,15.0,0.0,124,17.4,56,10.2,28,0
2025-12-24 05:00:00,35.6,28.0,347.0,458,9.8,8.0,65.0,14.0,0.0,120,16.9,56,10.1,24,0
2025-12-24 06:00:00,35.3,28.0,573.0,462,18.5,9.1,54.0,13.0,0.0,116,16.7,56,9.8,28,0
2025-12-24 07:00:00,38.1,30.9,892.0,467,30.2,10.8,40.0,12.0,0.0,112,16.4,56,9.5,33,0
2025-12-24 08:00:00,43.1,36.1,1119.0,470,36.8,12.8,36.0,12.0,0.25,108,16.4,55,9.3,41,0
2025-12-24 09:00:00,45.3,40.0,1179.0,469,33.5,15.3,51.0,13.0,1.15,105,17.6,50,7.3,48,0
2025-12-24 10:00:00,43.8,36.0,1148.0,466,25.1,18.2,77.0,15.0,2.55,102,20.2,40,6.1,67,0
2025-12-24 11:00:00,42.1,33.3,1061.0,462,17.7,20.6,99.0,16.0,4.05,100,22.8,34,5.6,88,0
2025-12-24 12:00:00,36.9,29.2,879.0,458,13.1,22.2,114.0,16.0,4.9,98,24.4,28,5.2,96,0
2025-12-24 13:00:00,34.9,27.4,642.0,454,9.6,23.5,125.0,15.0,4.75,97,25.4,24,3.6,93,0
2025-12-24 14:00:00,34.3,27.1,508.0,451,8.0,24.8,133.0,14.0,3.7,97,26.1,22,1.2,141,0
2025-12-24 15:00:00,34.0,27.0,566.0,451,6.1,26.3,140.0,14.0,2.15,96,26.4,21,2.1,195,0
2025-12-24 16:00:00,34.3,27.4,727.0,453,6.2,27.9,142.0,13.0,0.85,96,26.0,23,5.5,224,0
2025-12-24 17:00:00,33.2,27.3,879.0,456,16.2,35.5,138.0,11.0,0.15,96,24.5,39,10.5,248,0
2025-12-24 18:00:00,53.6,48.4,973.0,458,43.4,35.2,102.0,10.0,0.0,96,23.0,45,10.4,268,0
2025-12-24 19:00:00,62.2,57.6,1058.0,461,80.5,35.0,52.0,9.0,0.0,97,21.9,49,9.1,292,2
2025-12-24 20:00:00,62.6,58.1,1174.0,466,105.8,35.1,16.0,8.0,0.0,98,21.0,54,7.8,307,61
2025-12-24 21:00:00,64.7,59.8,1402.0,474,108.3,36.8,6.0,8.0,0.0,99,20.2,57,6.4,317,59
2025-12-24 22:00:00,68.9,63.8,1660.0,484,98.9,39.0,10.0,8.0,0.0,101,19.5,59,6.9,330,43
2025-12-24 23:00:00,68.7,64.3,1740.0,490,89.1,38.7,14.0,8.0,0.0,104,18.6,61,7.1,345,91
2025-12-25 00:00:00,64.5,61.2,1487.0,489,82.3,33.6,13.0,7.0,0.0,106,18.4,57,7.0,359,91
2025-12-25 01:00:00,58.0,54.8,1056.0,485,75.0,26.0,13.0,6.0,0.0,109,17.8,54,7.2,4,70
2025-12-25 02:00:00,52.2,49.1,710.0,482,68.3,19.8,12.0,5.0,0.0,111,17.0,54,7.4,7,5
2025-12-25 03:00:00,48.3,45.2,509.0,483,62.5,16.3,11.0,5.0,0.0,113,16.4,55,7.4,357,0
2025-12-25 04:00:00,45.4,42.4,391.0,485,57.2,14.2,11.0,5.0,0.0,114,15.8,58,7.2,356,0
2025-12-25 05:00:00,42.5,39.5,436.0,487,52.6,13.1,11.0,5.0,0.0,116,15.2,60,5.0,38,32
2025-12-25 06:00:00,41.2,38.4,779.0,491,53.0,13.7,8.0,5.0,0.0,117,14.9,62,5.1,48,100
2025-12-25 07:00:00,45.6,42.8,1285.0,495,53.3,15.1,5.0,5.0,0.0,118,14.8,63,5.7,49,100
2025-12-25 08:00:00,55.4,52.6,1624.0,496,51.7,19.6,11.0,5.0,0.25,119,15.0,61,6.0,37,100
2025-12-25 09:00:00,54.6,51.8,1641.0,490,47.3,30.2,34.0,6.0,1.1,121,16.7,56,4.9,24,100
2025-12-25 10:00:00,48.7,45.1,1491.0,481,41.0,44.0,67.0,8.0,2.45,122,19.8,46,3.1,28,99
2025-12-25 11:00:00,42.5,37.4,1307.0,473,34.3,54.9,96.0,9.0,3.7,123,22.0,47,1.4,90,95
2025-12-25 12:00:00,40.9,36.1,1103.0,467,26.5,60.2,118.0,9.0,4.3,124,23.5,44,2.5,172,94
2025-12-25 13:00:00,38.4,34.7,865.0,461,18.2,62.6,136.0,8.0,4.15,124,24.1,42,5.1,184,100
2025-12-25 14:00:00,39.1,35.5,687.0,457,13.1,63.9,148.0,7.0,3.2,125,24.1,45,6.9,187,100
2025-12-25 15:00:00,40.5,36.9,600.0,455,12.1,65.2,155.0,7.0,1.95,126,24.0,48,7.9,200,100
2025-12-25 16:00:00,41.8,38.3,573.0,454,14.3,65.4,157.0,6.0,0.8,127,23.6,52,7.9,219,85
2025-12-25 17:00:00,40.4,37.4,607.0,455,17.7,56.5,150.0,5.0,0.15,128,23.1,52,8.9,245,100
2025-12-25 18:00:00,50.4,48.1,737.0,458,32.4,50.5,120.0,5.0,0.0,129,22.3,55,8.9,264,100
2025-12-25 19:00:00,51.8,49.6,928.0,463,52.6,42.1,77.0,4.0,0.0,129,21.6,60,7.9,286,91
2025-12-25 20:00:00,49.6,47.1,1076.0,467,66.6,34.8,45.0,4.0,0.0,128,20.8,66,6.0,311,100
2025-12-25 21:00:00,47.6,45.2,1137.0,470,68.7,30.1,32.0,4.0,0.0,127,20.0,71,5.9,333,100
2025-12-25 22:00:00,46.4,43.9,1156.0,473,64.6,26.5,29.0,4.0,0.0,126,19.6,74,6.2,352,100
2025-12-25 23:00:00,46.0,43.3,1163.0,476,59.8,23.4,27.0,4.0,0.0,123,19.4,78,4.9,358,100
2025-12-26 00:00:00,45.6,43.0,1192.0,480,56.1,20.6,24.0,4.0,0.0,121,19.1,79,4.0,360,63
2025-12-26 01:00:00,44.9,42.1,1209.0,484,51.8,18.3,23.0,4.0,0.0,119,18.4,83,5.2,360,11
2025-12-26 02:00:00,42.8,40.2,1149.0,486,46.5,16.5,24.0,4.0,0.0,118,17.4,88,5.9,360,58
2025-12-26 03:00:00,39.9,37.4,902.0,484,38.5,15.3,28.0,4.0,0.0,117,16.8,90,6.5,360,14
2025-12-26 04:00:00,36.7,34.2,577.0,480,29.6,14.6,34.0,3.0,0.0,116,16.1,91,6.3,5,0
2025-12-26 05:00:00,36.8,34.5,435.0,477,28.0,14.2,29.0,3.0,0.0,115,15.5,92,5.9,12,1
2025-12-26 06:00:00,35.6,33.5,678.0,479,33.5,14.5,20.0,3.0,0.0,115,15.1,91,7.1,6,0
2025-12-26 07:00:00,40.0,38.1,1105.0,483,40.7,15.4,8.0,3.0,0.0,114,14.9,89,7.3,16,0
2025-12-26 08:00:00,50.2,48.5,1368.0,483,43.5,19.7,10.0,3.0,0.25,114,15.1,83,7.4,26,0
2025-12-26 09:00:00,48.5,46.6,1285.0,477,37.7,31.0,36.0,4.0,1.15,114,17.0,70,7.1,41,0
2025-12-26 10:00:00,40.9,37.6,1038.0,468,27.5,45.6,75.0,5.0,2.6,113,20.2,54,5.4,42,1
2025-12-26 11:00:00,36.2,32.7,834.0,461,18.9,55.7,108.0,6.0,4.05,112,22.2,55,2.4,42,1
2025-12-26 12:00:00,36.4,33.3,741.0,458,14.0,57.1,129.0,6.0,4.9,112,23.5,43,1.0,112,1
2025-12-26 13:00:00,36.4,33.6,690.0,457,10.8,54.0,144.0,5.0,4.75,111,24.2,39,3.6,150,0
2025-12-26 14:00:00,37.1,34.6,677.0,456,9.5,50.9,153.0,4.0,3.65,111,24.5,39,6.2,165,5
2025-12-26 15:00:00,37.6,35.2,705.0,456,9.2,50.0,157.0,4.0,2.15,111,24.4,40,7.9,181,23
2025-12-26 16:00:00,38.1,35.5,770.0,456,10.7,49.2,156.0,4.0,0.85,111,23.8,45,8.7,198,13
2025-12-26 17:00:00,35.9,33.1,857.0,457,15.9,47.4,140.0,5.0,0.15,111,22.9,51,8.2,212,0
2025-12-26 18:00:00,47.1,44.9,984.0,459,33.6,43.1,108.0,5.0,0.0,110,22.0,58,6.6,244,5
2025-12-26 19:00:00,49.9,47.7,1131.0,462,58.0,37.0,63.0,4.0,0.0,110,21.3,63,6.3,288,70
2025-12-26 20:00:00,48.7,46.1,1228.0,464,75.5,32.0,28.0,4.0,0.0,110,20.6,65,5.8,309,88
2025-12-26 21:00:00,49.0,46.1,1245.0,466,79.8,29.3,14.0,4.0,0.0,110,20.0,67,6.8,318,29
2025-12-26 22:00:00,50.9,47.7,1210.0,467,77.2,27.7,10.0,5.0,0.0,110,19.4,69,6.3,340,60
2025-12-26 23:00:00,53.7,50.6,1137.0,469,73.6,26.1,8.0,5.0,0.0,110,18.6,70,5.2,4,48
2025-12-27 00:00:00,55.6,52.9,1009.0,472,71.0,24.1,6.0,4.0,0.0,111,18.4,71,6.5,3,73
2025-12-27 01:00:00,55.9,53.6,843.0,475,67.4,22.0,6.0,4.0,0.0,112,18.1,71,7.2,18,27
2025-12-27 02:00:00,54.4,52.4,698.0,477,62.4,20.4,9.0,3.0,0.0,113,17.6,69,7.9,27,17
2025-12-27 03:00:00,52.3,50.4,563.0,476,54.4,19.2,15.0,3.0,0.0,114,17.2,65,7.8,32,11
2025-12-27 04:00:00,49.8,48.1,449.0,473,45.0,18.4,24.0,3.0,0.0,116,16.7,61,8.1,31,0
2025-12-27 05:00:00,47.5,45.4,454.0,472,41.2,17.9,26.0,3.0,0.0,117,15.9,57,8.1,24,0
2025-12-27 06:00:00,46.1,44.2,684.0,474,45.2,18.2,22.0,3.0,0.0,118,15.4,59,8.4,28,0
2025-12-27 07:00:00,49.6,47.7,1032.0,478,50.3,18.8,17.0,3.0,0.0,119,15.1,61,8.3,27,0
2025-12-27 08:00:00,56.3,54.7,1279.0,480,51.2,21.1,24.0,3.0,0.25,120,15.2,61,8.0,16,0
2025-12-27 09:00:00,54.6,53.0,1336.0,478,44.0,26.8,53.0,4.0,1.05,121,16.8,56,7.9,21,0
2025-12-27 10:00:00,49.8,47.5,1291.0,474,32.5,34.2,94.0,5.0,2.35,122,19.8,46,5.0,41,0
2025-12-27 11:00:00,42.8,39.5,1188.0,470,22.7,39.6,128.0,6.0,3.7,123,22.5,36,4.8,65,0
2025-12-27 12:00:00,42.3,38.6,989.0,465,16.4,40.8,148.0,6.0,4.45,124,24.2,30,4.3,88,0
2025-12-27 13:00:00,41.3,37.8,732.0,459,11.8,40.0,162.0,6.0,4.4,124,25.0,28,2.8,130,0
2025-12-27 14:00:00,41.2,37.8,579.0,456,9.5,39.7,171.0,6.0,3.45,125,25.5,26,3.6,177,0
2025-12-27 15:00:00,41.7,38.3,617.0,456,7.9,41.1,179.0,6.0,2.05,125,25.5,27,6.0,196,0
2025-12-27 16:00:00,42.4,39.1,759.0,458,8.6,43.0,182.0,6.0,0.85,125,25.1,30,8.2,218,0
2025-12-27 17:00:00,29.5,28.1,908.0,461,16.4,39.9,165.0,3.0,0.15,126,23.9,39,10.5,243,0
2025-12-27 18:00:00,53.1,51.7,1051.0,464,52.4,41.4,122.0,3.0,0.0,128,22.6,44,9.9,268,0
2025-12-27 19:00:00,63.6,62.4,1200.0,467,101.6,43.4,63.0,2.0,0.0,134,21.9,43,7.3,301,0
2025-12-27 20:00:00,65.7,64.3,1302.0,470,135.0,44.4,20.0,2.0,0.0,127,21.2,46,7.3,320,0
2025-12-27 21:00:00,67.8,66.1,1347.0,474,138.5,43.9,7.0,2.0,0.0,129,20.7,50,7.0,347,0
2025-12-27 22:00:00,68.5,67.1,1343.0,478,126.3,42.4,10.0,1.0,0.0,131,20.2,52,7.0,3,0
2025-12-27 23:00:00,65.2,64.5,1261.0,481,112.1,39.3,13.0,1.0,0.0,133,19.3,53,7.1,6,0
2025-12-28 00:00:00,55.1,54.6,1042.0,481,99.8,33.5,12.0,1.0,0.0,135,18.8,48,8.6,26,0
2025-12-28 01:00:00,45.4,45.2,744.0,478,85.6,26.2,13.0,0.0,0.0,135,18.4,44,7.2,32,0
2025-12-28 02:00:00,38.1,37.8,514.0,476,71.9,20.5,15.0,0.0,0.0,134,17.7,46,7.8,29,0
2025-12-28 03:00:00,32.8,32.6,385.0,474,58.2,17.7,21.0,0.0,0.0,132,17.0,49,7.6,31,0
2025-12-28 04:00:00,29.3,29.2,323.0,472,45.1,16.6,29.0,0.0,0.0,131,16.4,51,7.0,42,0
2025-12-28 05:00:00,28.1,27.9,377.0,471,49.5,15.8,19.0,0.0,0.0,129,16.0,52,6.7,38,0
2025-12-28 06:00:00,27.4,27.2,624.0,473,49.4,16.6,16.0,0.0,0.0,127,15.8,52,7.9,27,0
2025-12-28 07:00:00,31.3,31.1,987.0,477,49.0,17.9,14.0,0.0,0.0,125,15.6,51,8.3,24,0
2025-12-28 08:00:00,39.2,39.0,1274.0,479,46.3,20.3,21.0,0.0,0.25,123,15.7,51,7.9,27,0
2025-12-28 09:00:00,42.0,41.7,1435.0,479,39.4,24.6,46.0,1.0,1.1,122,17.0,47,7.5,37,13
2025-12-28 10:00:00,42.5,42.0,1521.0,478,30.3,30.0,81.0,1.0,2.45,121,20.0,39,4.3,48,20
2025-12-28 11:00:00,35.0,33.9,1496.0,475,22.5,34.3,110.0,2.0,3.85,120,22.9,31,4.5,76,46
2025-12-28 12:00:00,29.7,28.5,1277.0,470,16.9,36.2,128.0,2.0,4.65,119,24.5,27,3.6,117,58
2025-12-28 13:00:00,27.7,26.5,948.0,463,12.7,37.1,139.0,2.0,4.45,118,25.2,26,3.8,161,87
2025-12-28 14:00:00,29.0,27.6,721.0,459,10.7,38.6,148.0,2.0,3.4,117,25.5,26,4.9,180,89
2025-12-28 15:00:00,31.3,29.9,696.0,458,10.0,42.2,157.0,2.0,2.0,116,25.6,26,5.5,193,74
2025-12-28 16:00:00,33.6,32.4,775.0,460,11.6,46.5,162.0,2.0,0.85,115,25.4,27,6.3,204,32
2025-12-28 17:00:00,32.4,31.5,871.0,462,17.8,49.0,159.0,1.0,0.15,115,24.4,34,8.6,241,19
2025-12-28 18:00:00,50.6,50.1,967.0,464,39.1,48.9,129.0,1.0,0.0,115,22.9,42,8.1,271,43
2025-12-28 19:00:00,59.0,58.6,1081.0,467,68.3,48.6,88.0,1.0,0.0,115,22.0,45,6.6,315,47
2025-12-28 20:00:00,61.7,61.2,1186.0,470,88.6,48.0,56.0,1.0,0.0,114,21.1,48,6.4,335,9
2025-12-28 21:00:00,64.5,64.0,1307.0,475,91.7,47.1,44.0,1.0,0.0,114,20.4,52,7.0,318,18
2025-12-28 22:00:00,68.0,67.3,1420.0,481,86.0,45.9,43.0,1.0,0.0,114,20.0,53,6.8,349,0
2025-12-28 23:00:00,68.9,68.2,1424.0,485,78.9,43.3,41.0,1.0,0.0,114,19.2,54,6.9,5,0
2025-12-29 00:00:00,67.1,66.4,1232.0,486,72.7,38.4,35.0,1.0,0.0,114,19.1,49,7.4,360,0
2025-12-29 01:00:00,62.2,61.5,933.0,485,65.3,32.2,30.0,1.0,0.0,115,18.7,46,7.7,11,0
2025-12-29 02:00:00,56.3,55.8,690.0,484,57.9,26.8,26.0,1.0,0.0,117,18.1,45,7.3,20,0
2025-12-29 03:00:00,51.6,51.0,528.0,483,49.7,22.7,25.0,1.0,0.0,119,17.4,47,7.6,31,0
2025-12-29 04:00:00,47.7,47.3,422.0,483,41.6,19.4,27.0,1.0,0.0,121,16.6,51,6.9,43,0
2025-12-29 05:00:00,42.7,42.1,471.0,483,33.5,18.2,28.0,1.0,0.0,123,16.0,55,6.2,41,0
2025-12-29 06:00:00,41.7,41.2,804.0,486,38.5,18.5,21.0,1.0,0.0,124,15.5,58,6.6,43,0
2025-12-29 07:00:00,44.8,44.2,1291.0,490,45.1,19.1,13.0,1.0,0.0,126,15.1,60,7.2,39,0
2025-12-29 08:00:00,52.0,51.5,1636.0,491,48.0,20.4,17.0,1.0,0.25,127,15.1,60,7.4,45,0
2025-12-29 09:00:00,51.1,50.5,1719.0,488,44.0,22.6,41.0,1.0,1.0,128,16.9,54,6.0,51,0
2025-12-29 10:00:00,47.8,47.1,1661.0,482,36.3,25.7,77.0,2.0,2.25,129,19.6,44,4.2,65,0
2025-12-29 11:00:00,41.0,39.9,1524.0,476,28.7,29.8,110.0,2.0,3.55,130,22.2,38,4.1,90,0
2025-12-29 12:00:00,39.5,38.3,1273.0,470,21.7,36.1,136.0,2.0,4.3,130,24.1,33,4.1,105,0
2025-12-29 13:00:00,39.9,38.6,944.0,464,14.9,43.6,158.0,3.0,4.15,131,25.1,32,4.3,147,0
2025-12-29 14:00:00,42.6,41.0,711.0,460,10.8,48.9,173.0,3.0,3.2,133,25.5,32,6.5,175,0
2025-12-29 15:00:00,45.2,43.4,643.0,458,10.2,50.9,180.0,3.0,1.9,134,25.3,33,7.6,188,0
2025-12-29 16:00:00,46.7,44.8,672.0,458,12.4,50.8,179.0,3.0,0.75,136,25.0,34,7.9,193,0
2025-12-29 17:00:00,39.7,38.4,763.0,460,15.4,54.4,177.0,2.0,0.15,137,24.0,36,7.6,199,0
2025-12-29 18:00:00,49.5,48.5,963.0,464,26.7,50.5,150.0,2.0,0.0,138,22.8,43,7.7,219,0
2025-12-29 19:00:00,50.5,49.7,1227.0,471,42.2,44.9,112.0,1.0,0.0,137,22.0,51,8.1,258,0
2025-12-29 20:00:00,47.7,46.8,1382.0,475,51.9,39.3,83.0,1.0,0.0,136,21.1,59,8.5,269,0
2025-12-29 21:00:00,45.6,44.6,1318.0,476,50.8,34.1,71.0,1.0,0.0,135,20.6,62,7.6,278,0
2025-12-29 22:00:00,44.7,43.4,1147.0,475,44.1,28.9,68.0,2.0,0.0,133,20.2,63,7.8,304,0
2025-12-29 23:00:00,44.8,43.4,1027.0,475,37.5,24.5,66.0,2.0,0.0,130,19.4,65,6.7,333,0
2025-12-30 00:00:00,44.9,43.5,1054.0,478,32.9,21.1,63.0,2.0,0.0,128,18.7,67,6.1,360,0
2025-12-30 01:00:00,44.4,43.0,1133.0,482,28.5,18.4,62.0,2.0,0.0,125,18.0,70,6.7,16,2
2025-12-30 02:00:00,43.5,42.1,1143.0,484,24.6,16.5,61.0,2.0,0.0,124,17.8,70,5.1,32,1
2025-12-30 03:00:00,43.0,41.4,964.0,483,19.8,15.4,63.0,2.0,0.0,122,17.5,71,4.8,31,0
2025-12-30 04:00:00,42.3,40.7,716.0,482,15.5,15.1,66.0,2.0,0.0,121,17.0,73,5.2,14,0
2025-12-30 05:00:00,45.9,44.4,632.0,481,19.4,14.6,52.0,2.0,0.0,120,16.8,70,4.4,35,6
2025-12-30 06:00:00,47.8,46.4,898.0,484,30.0,15.6,37.0,2.0,0.0,121,16.4,70,5.3,38,5
2025-12-30 07:00:00,55.3,53.8,1328.0,489,44.2,17.3,17.0,1.0,0.0,121,16.1,69,6.0,39,5
2025-12-30 08:00:00,70.5,69.2,1597.0,490,51.2,20.4,13.0,1.0,0.2,122,16.4,66,4.9,28,8
2025-12-30 09:00:00,73.6,72.2,1546.0,485,44.4,27.0,41.0,2.0,0.85,124,18.1,58,4.4,27,4
2025-12-30 10:00:00,62.9,59.6,1333.0,476,30.5,35.2,85.0,4.0,1.95,126,21.3,48,3.3,36,8
2025-12-30 11:00:00,57.4,52.9,1111.0,469,18.9,39.4,119.0,5.0,3.15,128,23.0,51,2.5,159,9
2025-12-30 12:00:00,54.9,50.6,898.0,464,12.9,36.3,134.0,5.0,3.85,129,24.0,52,6.7,178,6
2025-12-30 13:00:00,51.9,47.8,675.0,460,9.2,29.3,140.0,5.0,3.15,130,24.4,53,8.5,193,9
2025-12-30 14:00:00,50.4,46.1,537.0,457,7.2,23.6,141.0,5.0,2.0,131,24.2,56,10.7,193,11
2025-12-30 15:00:00,50.3,45.9,507.0,456,6.3,21.3,139.0,4.0,1.25,132,23.9,60,10.1,191,17
2025-12-30 16:00:00,49.9,46.1,561.0,457,7.2,20.2,133.0,4.0,0.55,132,23.4,66,11.9,185,32
2025-12-30 17:00:00,41.8,38.6,721.0,460,11.0,16.0,112.0,3.0,0.15,132,22.6,72,10.3,186,35
2025-12-30 18:00:00,40.9,38.8,1089.0,465,22.6,16.0,93.0,2.0,0.0,132,22.5,75,7.9,159,14
2025-12-30 19:00:00,41.8,39.8,1563.0,472,38.5,15.9,68.0,2.0,0.0,131,22.1,79,7.2,148,20
2025-12-30 20:00:00,43.3,41.3,1863.0,476,49.6,15.6,49.0,1.0,0.0,130,22.0,80,9.1,162,21
2025-12-30 21:00:00,42.7,40.7,1868.0,477,52.2,15.1,42.0,1.0,0.0,130,21.7,84,11.8,153,16
2025-12-30 22:00:00,39.3,37.3,1699.0,476,50.0,14.3,42.0,1.0,0.0,129,21.4,86,12.1,153,24
2025-12-30 23:00:00,35.0,32.8,1441.0,472,44.9,13.1,46.0,2.0,0.0,128,21.4,86,9.2,160,43
2025-12-31 00:00:00,28.8,26.5,1040.0,464,35.6,10.9,55.0,3.0,0.0,127,21.6,83,8.9,236,59
2025-12-31 01:00:00,25.0,21.5,550.0,454,23.5,8.2,67.0,4.0,0.0,126,19.2,83,19.7,282,100
2025-12-31 02:00:00,21.0,15.5,220.0,447,14.7,6.6,75.0,6.0,0.0,123,19.1,88,6.8,305,20
2025-12-31 03:00:00,19.9,13.3,185.0,448,11.1,6.8,75.0,7.0,0.0,121,18.5,91,0.7,256,5
2025-12-31 04:00:00,20.8,13.6,310.0,453,10.8,8.1,71.0,9.0,0.0,118,18.5,90,0.7,166,31
2025-12-31 05:00:00,24.4,14.4,444.0,457,11.9,8.1,66.0,14.0,0.0,115,20.4,85,9.1,232,13
2025-12-31 06:00:00,27.2,17.1,569.0,457,25.8,11.0,48.0,13.0,0.0,112,20.3,83,9.1,253,0
2025-12-31 07:00:00,34.2,24.2,702.0,456,44.4,14.9,25.0,12.0,0.0,109,20.2,82,9.0,250,20
2025-12-31 08:00:00,45.6,35.7,744.0,454,53.7,18.2,15.0,14.0,0.15,106,20.5,80,12.4,239,19
2025-12-31 09:00:00,44.7,33.8,613.0,451,44.8,20.2,33.0,22.0,0.85,102,22.4,61,13.0,272,5
2025-12-31 10:00:00,43.5,23.1,392.0,447,26.6,21.5,64.0,33.0,2.15,98,23.0,49,17.2,286,9
2025-12-31 11:00:00,43.8,20.0,229.0,444,12.2,21.8,90.0,39.0,3.5,95,24.1,46,12.8,275,30
2025-12-31 12:00:00,39.9,18.0,191.0,443,6.8,20.5,103.0,37.0,4.65,92,24.1,47,13.6,288,6
2025-12-31 13:00:00,34.9,16.2,212.0,444,5.1,18.2,110.0,30.0,4.95,89,24.1,46,12.3,273,2
2025-12-31 14:00:00,29.9,14.3,241.0,444,4.8,16.3,113.0,25.0,4.05,87,24.1,44,11.1,262,0
2025-12-31 15:00:00,26.5,12.7,233.0,444,4.4,15.6,111.0,24.0,2.5,84,23.8,42,12.2,270,0
2025-12-31 16:00:00,25.2,11.9,234.0,443,5.3,15.3,105.0,24.0,1.05,81,23.1,39,13.2,277,0
2025-12-31 17:00:00,26.5,13.1,333.0,445,10.2,18.4,98.0,23.0,0.2,78,22.3,48,12.4,287,0
2025-12-31 18:00:00,27.1,16.8,616.0,450,21.5,17.7,80.0,21.0,0.0,75,21.2,54,9.8,288,0
2025-12-31 19:00:00,30.0,20.7,997.0,457,37.2,16.8,56.0,17.0,0.0,74,20.6,58,5.9,297,0
2025-12-31 20:00:00,31.8,22.6,1304.0,463,49.7,16.4,36.0,15.0,0.0,72,20.0,60,4.7,328,0
2025-12-31 21:00:00,32.9,24.1,1491.0,468,56.2,16.9,26.0,15.0,0.0,70,19.5,60,6.0,316,0
2025-12-31 22:00:00,35.4,26.1,1605.0,473,59.5,17.9,22.0,16.0,0.0,69,19.0,61,6.0,343,0
2025-12-31 23:00:00,40.3,29.7,1615.0,476,60.3,18.4,20.0,17.0,0.0,68,18.5,66,4.1,326,0
2026-01-01 00:00:00,42.6,31.4,1477.0,476,58.1,18.0,21.0,17.0,0.0,67,18.7,64,5.0,341,0
2026-01-01 01:00:00,41.1,30.3,1236.0,474,53.3,17.2,24.0,18.0,0.0,68,18.3,66,2.8,35,5
2026-01-01 02:00:00,39.9,29.2,987.0,471,48.1,16.1,26.0,17.0,0.0,69,17.6,69,6.6,53,0
2026-01-01 03:00:00,37.7,27.9,702.0,468,42.0,14.5,26.0,14.0,0.0,70,17.1,71,7.0,55,0
2026-01-01 04:00:00,31.4,24.4,411.0,464,35.4,12.7,25.0,11.0,0.0,71,16.8,73,7.3,48,0
2026-01-01 05:00:00,22.9,21.2,299.0,462,35.1,13.1,23.0,1.0,0.0,72,16.2,77,8.7,40,0
2026-01-01 06:00:00,25.1,22.2,533.0,465,35.9,13.8,24.0,5.0,0.0,73,16.1,78,8.4,48,0
2026-01-01 07:00:00,40.5,34.7,946.0,471,36.7,14.9,27.0,10.0,0.0,73,15.9,80,8.0,50,0
2026-01-01 08:00:00,61.9,53.4,1221.0,474,35.2,16.4,37.0,15.0,0.25,74,16.0,79,8.0,50,0
2026-01-01 09:00:00,77.3,67.5,1211.0,472,29.4,18.9,59.0,20.0,1.05,76,17.5,69,6.9,57,0
2026-01-01 10:00:00,90.8,77.1,1064.0,467,21.3,21.8,88.0,26.0,2.35,79,19.5,59,6.7,66,0
2026-01-01 11:00:00,90.6,74.0,905.0,462,14.6,23.7,112.0,30.0,3.8,83,21.3,53,6.7,81,0
2026-01-01 12:00:00,75.0,57.0,752.0,458,10.3,23.5,125.0,32.0,4.65,88,22.7,46,5.6,84,0
2026-01-01 13:00:00,63.3,46.1,588.0,454,7.4,22.3,132.0,33.0,4.5,92,23.6,42,3.7,101,0
2026-01-01 14:00:00,59.8,41.1,484.0,452,6.3,21.9,137.0,34.0,3.5,94,24.4,39,3.6,127,5
2026-01-01 15:00:00,60.8,40.4,463.0,451,3.9,22.8,143.0,36.0,2.1,97,24.7,37,3.3,158,13
2026-01-01 16:00:00,61.9,41.0,504.0,452,3.3,24.4,147.0,39.0,0.85,99,24.5,38,4.6,219,84
2026-01-01 17:00:00,65.4,43.2,610.0,454,13.5,23.8,126.0,41.0,0.15,102,23.8,40,5.7,261,5
2026-01-01 18:00:00,74.0,53.1,814.0,458,41.7,29.8,93.0,40.0,0.0,105,21.9,57,10.4,279,11
2026-01-01 19:00:00,93.4,72.9,1085.0,464,80.1,37.9,49.0,39.0,0.0,109,20.9,62,9.1,302,0
2026-01-01 20:00:00,106.6,87.1,1332.0,470,105.1,42.9,16.0,36.0,0.0,114,20.5,63,6.4,352,0
2026-01-01 21:00:00,108.3,90.1,1574.0,476,104.0,42.3,7.0,31.0,0.0,121,20.1,62,7.3,10,0
2026-01-01 22:00:00,98.3,82.4,1792.0,482,89.4,38.7,11.0,25.0,0.0,128,19.9,58,7.3,23,0
2026-01-01 23:00:00,85.0,73.3,1843.0,484,75.9,33.9,15.0,21.0,0.0,134,19.2,55,8.2,38,0
2026-01-02 00:00:00,74.3,63.8,1601.0,479,69.4,27.8,15.0,20.0,0.0,138,18.5,57,8.5,36,0
2026-01-02 01:00:00,67.5,56.5,1193.0,471,63.8,20.6,15.0,21.0,0.0,142,17.9,61,7.7,49,0
2026-01-02 02:00:00,64.5,51.8,853.0,464,55.7,15.2,19.0,23.0,0.0,145,17.5,64,7.6,56,0
2026-01-02 03:00:00,63.3,49.2,646.0,460,40.7,13.0,31.0,25.0,0.0,147,17.0,66,8.4,55,0
2026-01-02 04:00:00,63.1,47.7,508.0,458,23.1,12.7,46.0,27.0,0.0,149,16.5,68,9.3,53,0
2026-01-02 05:00:00,64.3,49.5,484.0,457,23.1,13.0,40.0,26.0,0.0,150,15.9,71,8.5,44,0
2026-01-02 06:00:00,65.2,48.9,663.0,459,28.3,14.2,35.0,27.0,0.0,151,15.8,70,8.8,41,0
2026-01-02 07:00:00,68.9,51.8,955.0,464,35.1,15.9,28.0,28.0,0.0,152,15.5,68,9.0,43,0
2026-01-02 08:00:00,74.7,56.8,1137.0,466,37.8,17.6,30.0,32.0,0.2,152,15.6,65,9.3,46,0
2026-01-02 09:00:00,73.8,59.0,1100.0,464,32.6,19.4,47.0,40.0,0.95,152,17.1,58,7.5,50,0
2026-01-02 10:00:00,75.2,52.4,953.0,460,23.4,21.2,71.0,51.0,2.2,152,19.4,48,6.7,59,0
2026-01-02 11:00:00,73.6,42.0,802.0,457,15.6,22.7,94.0,58.0,3.6,151,21.5,41,6.8,73,0
2026-01-02 12:00:00,77.3,42.0,657.0,454,11.0,23.5,113.0,60.0,4.5,151,22.9,38,5.1,67,0
2026-01-02 13:00:00,76.1,44.0,507.0,452,7.9,24.0,129.0,59.0,4.45,150,23.8,35,3.5,75,0
2026-01-02 14:00:00,75.2,44.2,427.0,451,6.6,24.6,140.0,57.0,3.5,150,24.4,33,2.5,111,0
2026-01-02 15:00:00,74.5,44.2,447.0,451,4.7,25.1,146.0,56.0,2.15,150,24.5,32,2.1,149,0
2026-01-02 16:00:00,73.8,44.2,537.0,452,4.7,25.9,147.0,55.0,0.9,150,24.4,32,2.9,187,0
2026-01-02 17:00:00,69.6,43.2,674.0,454,14.7,29.1,139.0,48.0,0.2,150,23.8,36,6.7,216,0
2026-01-02 18:00:00,73.1,48.0,850.0,458,47.7,35.5,104.0,48.0,0.0,150,22.2,50,11.6,242,0
2026-01-02 19:00:00,93.6,68.7,1074.0,463,92.8,44.2,55.0,47.0,0.0,150,21.2,54,10.8,269,0
2026-01-02 20:00:00,111.1,86.4,1351.0,469,123.2,50.4,19.0,45.0,0.0,150,20.7,57,6.5,304,0
2026-01-02 21:00:00,119.7,95.9,1797.0,478,125.5,52.6,9.0,41.0,0.0,150,20.1,60,4.0,360,0
2026-01-02 22:00:00,112.0,90.6,2297.0,488,113.1,52.4,12.0,35.0,0.0,150,19.5,61,5.7,9,0
2026-01-02 23:00:00,96.6,79.9,2507.0,493,100.0,49.2,15.0,30.0,0.0,150,19.0,56,5.9,38,0
2026-01-03 00:00:00,80.6,68.7,2180.0,489,90.1,41.4,14.0,25.0,0.0,151,18.5,52,6.6,33,0
2026-01-03 01:00:00,69.4,58.9,1563.0,480,79.4,30.6,14.0,21.0,0.0,151,17.6,52,6.5,39,0
2026-01-03 02:00:00,61.5,51.5,1058.0,474,70.1,22.0,14.0,18.0,0.0,151,16.8,54,6.5,46,0
2026-01-03 03:00:00,55.8,45.6,779.0,473,62.9,17.4,15.0,17.0,0.0,151,16.2,56,6.5,56,0
2026-01-03 04:00:00,52.3,41.7,611.0,474,57.1,14.9,16.0,18.0,0.0,151,15.8,59,5.9,63,1
2026-01-03 05:00:00,48.8,38.9,612.0,476,49.6,13.9,17.0,18.0,0.0,151,15.2,62,4.9,66,0
2026-01-03 06:00:00,48.0,38.0,910.0,480,50.1,14.2,12.0,17.0,0.0,150,14.9,64,5.3,62,0
2026-01-03 07:00:00,53.0,43.1,1378.0,484,50.5,15.1,7.0,16.0,0.0,150,14.6,65,5.9,67,0
2026-01-03 08:00:00,64.5,55.1,1687.0,486,48.2,18.8,12.0,17.0,0.25,150,14.6,65,6.9,76,0
2026-01-03 09:00:00,61.2,51.1,1689.0,482,41.3,28.2,36.0,20.0,1.05,149,16.1,61,5.8,86,1
2026-01-03 10:00:00,52.4,40.2,1534.0,475,31.7,40.3,71.0,25.0,2.5,149,18.6,53,4.9,100,2
2026-01-03 11:00:00,53.2,36.9,1341.0,468,23.3,48.6,104.0,29.0,4.0,147,20.6,47,5.3,118,0
2026-01-03 12:00:00,63.6,43.3,1117.0,463,17.0,49.8,132.0,33.0,4.95,147,21.8,48,3.2,142,0
2026-01-03 13:00:00,67.3,46.1,857.0,459,11.9,47.1,157.0,36.0,4.85,147,22.6,47,4.0,190,2
2026-01-03 14:00:00,68.2,47.5,662.0,456,8.9,44.2,173.0,37.0,3.8,147,23.0,46,6.6,206,2
2026-01-03 15:00:00,67.5,48.1,546.0,453,7.5,42.3,180.0,36.0,2.3,147,23.0,48,8.0,216,2
2026-01-03 16:00:00,66.4,48.0,496.0,452,8.2,40.2,177.0,33.0,0.95,148,22.9,50,7.8,236,2
2026-01-03 17:00:00,81.3,57.5,575.0,453,13.9,35.9,161.0,42.0,0.2,148,22.4,52,8.2,256,0
2026-01-03 18:00:00,81.0,64.0,876.0,458,33.6,33.7,126.0,36.0,0.0,150,21.6,55,7.7,271,0
2026-01-03 19:00:00,84.3,70.3,1307.0,466,60.7,30.6,78.0,28.0,0.0,150,20.8,61,6.7,278,0
2026-01-03 20:00:00,85.2,71.7,1649.0,474,80.6,28.1,40.0,23.0,0.0,150,20.0,67,5.0,289,0
2026-01-03 21:00:00,86.1,71.9,1829.0,480,87.0,27.1,23.0,23.0,0.0,150,19.2,71,4.3,312,0
2026-01-03 22:00:00,86.8,71.2,1921.0,486,86.2,26.7,17.0,27.0,0.0,148,18.5,74,3.6,354,0
2026-01-03 23:00:00,89.6,71.7,1930.0,490,82.6,25.8,15.0,30.0,0.0,146,17.6,79,2.1,20,0
2026-01-04 00:00:00,92.2,72.4,1849.0,492,77.2,23.7,15.0,33.0,0.0,145,17.9,78,3.5,12,0
2026-01-04 01:00:00,92.4,71.0,1685.0,493,69.1,21.0,18.0,36.0,0.0,145,17.5,80,4.0,18,0
2026-01-04 02:00:00,90.1,67.5,1467.0,492,60.0,18.5,22.0,38.0,0.0,146,16.9,84,4.6,21,0
2026-01-04 03:00:00,84.1,62.9,1115.0,487,48.6,16.1,26.0,37.0,0.0,148,16.1,88,5.4,26,0
2026-01-04 04:00:00,77.5,58.3,709.0,479,36.4,13.8,31.0,34.0,0.0,150,15.7,89,5.7,37,0
2026-01-04 05:00:00,77.8,58.9,519.0,475,34.1,13.7,28.0,32.0,0.0,150,14.9,88,5.9,31,0
2026-01-04 06:00:00,77.5,59.4,756.0,477,37.3,13.6,19.0,28.0,0.0,151,14.6,88,6.4,32,0
2026-01-04 07:00:00,83.4,65.4,1209.0,482,41.6,13.8,8.0,25.0,0.0,151,14.5,88,7.0,42,0
2026-01-04 08:00:00,95.5,77.3,1514.0,484,42.9,16.0,9.0,31.0,0.25,152,14.8,84,7.0,55,0
2026-01-04 09:00:00,94.5,74.3,1506.0,480,39.0,21.4,32.0,58.0,1.1,152,16.4,74,6.0,73,0
2026-01-04 10:00:00,101.3,57.5,1351.0,473,32.2,28.9,66.0,94.0,2.55,153,18.9,59,5.3,100,0
2026-01-04 11:00:00,123.4,54.7,1184.0,467,25.8,36.1,97.0,120.0,4.05,153,21.0,55,6.4,117,0
2026-01-04 12:00:00,129.5,53.4,1028.0,463,20.2,43.1,120.0,124.0,5.0,153,22.3,54,4.7,130,0
2026-01-04 13:00:00,121.5,52.9,860.0,460,15.1,49.8,139.0,118.0,4.9,154,23.2,49,4.9,156,0
2026-01-04 14:00:00,112.2,51.0,746.0,458,12.1,54.4,153.0,110.0,3.85,154,23.7,48,6.3,173,0
2026-01-04 15:00:00,108.5,52.4,720.0,457,11.2,56.3,162.0,105.0,2.3,154,23.5,50,7.6,188,0
2026-01-04 16:00:00,106.9,53.8,747.0,457,12.6,56.1,165.0,99.0,0.95,154,23.0,55,8.9,209,0
2026-01-04 17:00:00,96.6,48.4,791.0,457,16.1,47.9,145.0,87.0,0.2,154,22.0,52,7.8,228,0
2026-01-04 18:00:00,92.7,54.9,823.0,458,31.2,42.9,115.0,79.0,0.0,154,21.0,60,7.3,261,0
2026-01-04 19:00:00,91.5,57.5,872.0,459,52.1,35.9,73.0,68.0,0.0,154,20.2,70,7.6,292,0
2026-01-04 20:00:00,93.1,57.7,990.0,462,67.8,30.2,40.0,60.0,0.0,153,19.8,76,6.8,295,0
2026-01-04 21:00:00,93.4,58.0,1283.0,470,73.8,27.4,25.0,60.0,0.0,153,19.4,80,5.6,315,0
2026-01-04 22:00:00,96.2,59.6,1645.0,480,74.6,25.8,19.0,64.0,0.0,153,18.9,82,4.6,349,0
2026-01-04 23:00:00,99.7,61.2,1813.0,486,72.4,24.2,16.0,66.0,0.0,153,18.0,87,2.7,8,0
2026-01-05 00:00:00,100.6,61.0,1616.0,485,67.1,21.7,16.0,63.0,0.0,152,17.9,88,4.5,23,0
2026-01-05 01:00:00,93.1,57.6,1223.0,480,58.8,19.1,19.0,58.0,0.0,152,17.4,91,5.3,28,0
2026-01-05 02:00:00,84.1,52.2,883.0,476,50.5,17.1,22.0,54.0,0.0,152,16.9,93,5.7,18,4
2026-01-05 03:00:00,84.8,49.6,641.0,473,41.9,15.8,25.0,54.0,0.0,151,16.5,93,6.6,13,0
2026-01-05 04:00:00,84.1,48.8,450.0,471,33.2,15.0,29.0,56.0,0.0,151,16.2,93,7.2,14,0
2026-01-05 05:00:00,85.2,49.8,420.0,470,33.7,14.6,22.0,59.0,0.0,151,15.8,92,7.1,24,0
2026-01-05 06:00:00,82.2,48.7,688.0,474,36.6,15.4,16.0,56.0,0.0,151,15.8,88,6.9,31,0
2026-01-05 07:00:00,82.9,51.5,1116.0,479,40.4,16.8,8.0,52.0,0.0,151,15.6,86,7.1,45,2
2026-01-05 08:00:00,89.9,59.1,1403.0,482,41.4,19.5,13.0,51.0,0.25,150,15.4,85,6.8,55,2
2026-01-05 09:00:00,85.7,59.6,1404.0,478,37.4,24.8,39.0,55.0,1.1,149,17.0,75,5.1,58,0
2026-01-05 10:00:00,86.1,53.3,1262.0,472,30.7,31.5,76.0,62.0,2.5,148,19.3,60,5.0,75,0
2026-01-05 11:00:00,81.5,43.8,1110.0,466,24.2,36.8,111.0,65.0,4.0,147,21.4,49,4.9,98,0
2026-01-05 12:00:00,72.4,41.7,968.0,462,18.3,39.7,139.0,59.0,4.85,146,22.6,45,3.6,108,0
2026-01-05 13:00:00,67.8,42.6,815.0,459,12.6,41.3,164.0,49.0,4.75,145,23.6,40,2.4,138,0
2026-01-05 14:00:00,64.3,42.0,715.0,457,9.2,42.0,181.0,41.0,3.75,144,24.3,37,2.9,169,0
2026-01-05 15:00:00,61.9,41.6,682.0,456,6.2,41.9,192.0,37.0,2.25,143,24.4,37,4.2,198,0
2026-01-05 16:00:00,61.0,41.6,703.0,456,5.5,40.9,195.0,35.0,0.95,142,23.9,43,6.8,222,0
2026-01-05 17:00:00,86.1,53.4,798.0,458,14.3,34.3,173.0,60.0,0.2,141,22.9,52,7.9,240,0
2026-01-05 18:00:00,96.4,65.4,1043.0,463,48.7,37.8,129.0,61.0,0.0,141,21.7,57,8.9,257,0
2026-01-05 19:00:00,118.7,86.1,1363.0,469,95.6,42.4,69.0,62.0,0.0,142,21.0,61,7.1,285,0
2026-01-05 20:00:00,123.4,90.8,1551.0,473,125.9,44.2,25.0,59.0,0.0,145,20.6,65,4.9,327,0
2026-01-05 21:00:00,121.1,90.8,1500.0,474,125.7,41.0,13.0,48.0,0.0,149,20.5,66,5.2,27,0
2026-01-05 22:00:00,103.8,83.4,1317.0,473,108.9,35.0,17.0,32.0,0.0,150,19.9,59,8.2,36,1
2026-01-05 23:00:00,78.5,67.5,1120.0,471,88.9,28.8,26.0,20.0,0.0,151,19.2,57,9.4,38,0
2026-01-06 00:00:00,61.7,54.5,926.0,467,67.1,22.5,39.0,15.0,0.0,151,18.6,60,9.4,40,0
2026-01-06 01:00:00,53.8,46.7,718.0,463,42.0,16.0,56.0,14.0,0.0,151,18.2,62,9.3,34,9
2026-01-06 02:00:00,50.5,42.5,562.0,460,22.6,11.3,71.0,14.0,0.0,151,18.0,62,9.3,36,12
2026-01-06 03:00:00,48.8,39.8,460.0,460,12.5,9.6,80.0,15.0,0.0,150,17.5,64,9.2,33,10
2026-01-06 04:00:00,47.7,38.1,410.0,462,8.1,9.7,86.0,17.0,0.0,150,17.1,66,9.1,32,8
2026-01-06 05:00:00,46.4,37.1,471.0,464,8.4,10.1,84.0,17.0,0.0,150,16.4,70,8.8,26,5
2026-01-06 06:00:00,46.9,37.3,753.0,468,14.4,11.2,77.0,17.0,0.0,149,16.1,71,8.3,27,3
2026-01-06 07:00:00,49.4,39.8,1146.0,474,22.5,12.7,69.0,16.0,0.0,148,15.8,72,7.4,39,5
2026-01-06 08:00:00,52.2,43.3,1376.0,476,26.8,14.1,68.0,16.0,0.2,147,15.9,71,8.2,58,0
2026-01-06 09:00:00,51.6,44.4,1293.0,473,23.8,15.4,81.0,16.0,1.05,145,17.2,63,7.0,61,1
2026-01-06 10:00:00,50.1,41.4,1047.0,466,17.0,16.7,101.0,15.0,2.45,143,19.0,54,8.6,60,0
2026-01-06 11:00:00,43.8,35.5,819.0,460,11.3,17.1,117.0,15.0,4.0,142,21.2,47,8.7,53,0
2026-01-06 12:00:00,37.0,28.2,656.0,456,8.1,16.0,125.0,14.0,5.05,141,23.1,36,11.4,63,1
2026-01-06 13:00:00,30.4,22.6,511.0,452,6.0,14.0,129.0,13.0,5.05,140,24.2,29,11.8,70,1
2026-01-06 14:00:00,27.4,20.3,424.0,450,5.1,12.7,131.0,13.0,4.0,138,24.8,27,11.2,72,0
2026-01-06 15:00:00,27.2,20.1,417.0,450,5.4,12.7,132.0,13.0,2.45,135,24.8,26,10.2,67,0
2026-01-06 16:00:00,28.2,20.8,467.0,451,6.9,13.2,131.0,14.0,1.05,133,24.6,26,10.2,64,0
2026-01-06 17:00:00,41.7,30.9,545.0,452,11.2,15.3,126.0,20.0,0.2,131,24.0,27,10.1,61,0
2026-01-06 18:00:00,47.0,39.7,674.0,454,19.5,15.3,110.0,17.0,0.0,129,22.9,30,10.9,63,0
2026-01-06 19:00:00,50.6,44.6,831.0,457,30.8,15.2,88.0,13.0,0.0,126,22.0,34,12.7,65,0
2026-01-06 20:00:00,50.8,44.7,923.0,459,37.3,15.1,72.0,11.0,0.0,122,21.0,37,12.8,64,0
2026-01-06 21:00:00,52.2,45.3,898.0,459,34.7,14.9,69.0,12.0,0.0,117,20.0,41,12.5,67,4
2026-01-06 22:00:00,54.9,47.1,807.0,459,27.4,14.7,73.0,14.0,0.0,112,19.2,46,12.0,62,5
2026-01-06 23:00:00,58.1,49.4,718.0,458,20.7,14.5,77.0,16.0,0.0,108,18.5,50,11.6,57,1
2026-01-07 00:00:00,60.1,50.9,647.0,458,16.4,14.1,80.0,17.0,0.0,106,17.8,54,10.3,44,0
2026-01-07 01:00:00,61.0,51.5,577.0,457,12.8,13.7,84.0,17.0,0.0,106,17.2,57,9.9,46,0
2026-01-07 02:00:00,61.5,52.0,521.0,457,10.0,13.6,87.0,17.0,0.0,107,16.8,59,10.3,49,0
2026-01-07 03:00:00,61.2,52.5,468.0,457,7.4,13.8,91.0,15.0,0.0,108,16.4,60,11.3,47,0
2026-01-07 04:00:00,60.1,52.7,430.0,457,5.7,14.3,95.0,12.0,0.0,109,16.0,62,11.7,44,0
2026-01-07 05:00:00,58.8,52.9,456.0,457,6.6,14.7,92.0,11.0,0.0,110,15.6,62,10.8,47,0
2026-01-07 06:00:00,56.8,52.2,615.0,459,12.4,15.4,85.0,9.0,0.0,112,15.4,62,10.6,44,0
2026-01-07 07:00:00,56.6,52.9,839.0,461,20.2,16.4,77.0,7.0,0.0,114,15.2,62,11.2,44,0
2026-01-07 08:00:00,57.7,54.6,968.0,462,24.5,17.4,76.0,6.0,0.2,115,15.4,61,11.5,42,0
2026-01-07 09:00:00,57.3,54.8,915.0,461,21.9,18.8,90.0,6.0,1.05,116,16.9,56,9.8,46,0
2026-01-07 10:00:00,55.4,52.2,768.0,458,15.8,20.2,111.0,7.0,2.45,117,18.9,49,10.2,48,0
2026-01-07 11:00:00,49.0,44.6,635.0,455,10.5,20.4,128.0,8.0,4.05,118,20.8,42,11.3,57,0
2026-01-07 12:00:00,36.7,32.0,546.0,453,7.5,18.2,134.0,8.0,5.1,119,22.4,32,12.4,62,0
2026-01-07 13:00:00,29.4,24.6,472.0,450,5.4,14.7,135.0,9.0,5.1,120,23.3,27,12.2,65,0
2026-01-07 14:00:00,27.5,22.5,432.0,449,4.5,12.1,135.0,9.0,4.05,120,23.8,25,11.6,66,0
2026-01-07 15:00:00,27.1,22.2,436.0,449,4.7,11.3,135.0,9.0,2.5,120,23.8,25,11.8,67,0
2026-01-07 16:00:00,26.8,22.2,475.0,450,6.0,11.3,133.0,9.0,1.05,120,23.5,25,12.3,63,0
2026-01-07 17:00:00,31.7,27.6,543.0,451,9.9,12.5,128.0,7.0,0.25,121,22.7,27,12.1,57,0
2026-01-07 18:00:00,37.0,33.8,669.0,453,16.8,12.7,113.0,6.0,0.0,120,21.8,28,12.2,61,0
2026-01-07 19:00:00,40.3,37.4,823.0,456,26.1,12.9,93.0,6.0,0.0,120,20.9,29,13.7,67,0
2026-01-07 20:00:00,39.6,36.6,914.0,458,32.2,13.0,77.0,5.0,0.0,119,19.9,33,13.6,66,0
2026-01-07 21:00:00,39.2,36.2,890.0,458,32.3,12.9,71.0,5.0,0.0,118,18.7,40,12.9,58,0
2026-01-07 22:00:00,39.8,36.9,803.0,457,29.1,12.8,69.0,5.0,0.0,117,17.6,47,13.6,50,0
2026-01-07 23:00:00,40.7,38.0,714.0,456,25.0,12.6,71.0,5.0,0.0,116,17.0,50,14.4,50,0
2026-01-08 00:00:00,40.9,38.4,637.0,455,20.2,12.4,77.0,4.0,0.0,115,16.7,50,14.1,56,0
2026-01-08 01:00:00,40.3,38.1,557.0,453,14.5,12.3,87.0,4.0,0.0,113,16.2,50,13.7,57,0
2026-01-08 02:00:00,39.2,37.4,496.0,452,10.0,12.3,94.0,3.0,0.0,112,15.9,50,13.5,54,0
2026-01-08 03:00:00,38.2,36.7,448.0,451,7.2,12.6,96.0,3.0,0.0,111,15.6,50,13.4,50,0
2026-01-08 04:00:00,37.6,36.2,418.0,451,5.6,13.1,96.0,2.0,0.0,109,15.2,51,14.4,50,0
2026-01-08 05:00:00,39.1,38.0,443.0,451,6.1,14.7,95.0,2.0,0.0,107,15.0,51,14.2,49,0
2026-01-08 06:00:00,39.7,38.3,579.0,453,10.8,15.0,88.0,2.0,0.0,106,14.9,52,14.3,54,5
2026-01-08 07:00:00,41.3,39.9,771.0,455,17.1,15.5,78.0,3.0,0.0,104,14.6,53,13.2,52,14
2026-01-08 08:00:00,44.0,42.6,886.0,456,20.5,15.9,76.0,3.0,0.25,103,14.6,53,13.1,54,4
2026-01-08 09:00:00,44.9,43.4,855.0,455,18.1,16.4,88.0,3.0,1.05,102,15.7,50,10.0,52,0
2026-01-08 10:00:00,42.3,40.6,748.0,454,12.7,16.8,107.0,2.0,2.45,100,17.6,45,11.4,53,0
2026-01-08 11:00:00,35.2,33.8,645.0,452,8.3,16.6,123.0,2.0,3.95,99,19.5,36,12.6,56,30
2026-01-08 12:00:00,28.1,27.1,563.0,451,6.2,15.3,130.0,2.0,4.95,98,20.8,26,13.4,59,0
2026-01-08 13:00:00,23.5,22.6,484.0,450,5.0,13.5,134.0,1.0,4.95,98,21.9,21,12.4,62,0
2026-01-08 14:00:00,21.1,20.3,440.0,449,4.8,12.2,135.0,1.0,4.0,98,22.5,18,10.8,58,0
2026-01-08 15:00:00,20.1,19.3,431.0,449,4.9,11.8,135.0,1.0,2.5,98,22.6,18,10.5,51,0
2026-01-08 16:00:00,20.1,19.3,457.0,449,6.0,12.0,133.0,2.0,1.05,97,22.5,19,10.5,49,0
2026-01-08 17:00:00,11.9,11.7,544.0,450,9.9,12.6,124.0,0.0,0.25,97,21.9,20,10.4,48,0
2026-01-08 18:00:00,18.2,17.9,757.0,453,19.7,12.8,106.0,0.0,0.0,96,21.0,22,9.7,50,0
2026-01-08 19:00:00,24.0,23.6,1031.0,458,33.0,13.0,82.0,1.0,0.0,94,20.0,25,11.4,65,0
2026-01-08 20:00:00,24.0,23.6,1199.0,461,41.5,13.1,64.0,1.0,0.0,93,19.0,28,12.2,66,0
2026-01-08 21:00:00,23.8,23.2,1170.0,461,40.9,13.0,59.0,1.0,0.0,92,18.0,32,12.1,65,0
2026-01-08 22:00:00,24.6,23.8,1034.0,460,35.4,12.8,60.0,2.0,0.0,91,17.0,39,10.9,63,0
2026-01-08 23:00:00,25.9,25.0,901.0,458,29.7,12.5,62.0,2.0,0.0,90,16.0,45,10.5,59,0
2026-01-09 00:00:00,26.9,25.8,800.0,456,25.0,12.0,64.0,2.0,0.0,88,15.6,48,10.7,53,0
2026-01-09 01:00:00,26.9,25.8,700.0,454,20.1,11.5,68.0,2.0,0.0,87,15.1,49,10.4,51,0
2026-01-09 02:00:00,26.7,25.4,620.0,453,15.9,11.2,72.0,2.0,0.0,86,14.8,49,10.3,47,0
2026-01-09 03:00:00,26.7,25.3,534.0,453,11.7,11.4,77.0,2.0,0.0,85,14.5,49,9.9,48,0
2026-01-09 04:00:00,27.0,25.5,467.0,453,8.2,11.9,83.0,3.0,0.0,84,14.2,49,9.4,55,0
2026-01-09 05:00:00,26.1,24.7,511.0,454,8.0,11.9,84.0,2.0,0.0,83,13.8,48,8.9,54,0
2026-01-09 06:00:00,26.9,25.5,779.0,458,15.0,13.0,76.0,2.0,0.0,82,13.4,48,8.8,46,0
2026-01-09 07:00:00,29.6,28.2,1159.0,462,24.4,14.5,65.0,2.0,0.0,81,13.1,49,8.5,46,0
2026-01-09 08:00:00,34.3,32.9,1402.0,465,29.7,16.0,63.0,2.0,0.25,80,13.2,49,8.0,59,0
2026-01-09 09:00:00,36.4,35.2,1389.0,464,27.0,17.4,76.0,2.0,1.1,79,14.6,45,6.2,69,0
2026-01-09 10:00:00,33.1,31.5,1240.0,461,20.2,18.7,98.0,2.0,2.55,78,16.8,38,6.6,69,0
2026-01-09 11:00:00,27.0,25.4,1063.0,458,14.2,19.7,117.0,3.0,4.1,77,19.1,31,7.3,73,0
2026-01-09 12:00:00,24.1,22.4,860.0,455,10.5,20.1,130.0,4.0,5.2,77,21.0,25,7.1,75,0
2026-01-09 13:00:00,24.0,21.7,629.0,452,7.7,20.1,140.0,5.0,5.2,76,22.1,22,6.4,74,0
2026-01-09 14:00:00,25.0,21.8,476.0,450,6.3,20.1,146.0,6.0,4.2,76,22.8,21,5.5,63,0
2026-01-09 15:00:00,25.1,21.6,420.0,449,5.2,20.2,149.0,6.0,2.6,76,23.0,21,5.2,49,0
2026-01-09 16:00:00,24.8,21.3,443.0,449,5.5,20.3,148.0,6.0,1.15,76,23.1,21,4.8,42,0
2026-01-09 17:00:00,11.3,10.6,593.0,451,11.5,21.2,136.0,1.0,0.25,80,22.6,21,4.2,20,0
2026-01-09 18:00:00,20.7,20.3,1019.0,457,34.5,20.8,103.0,1.0,0.0,93,21.8,23,2.0,280,0
2026-01-09 19:00:00,33.5,33.2,1573.0,465,65.4,20.2,58.0,0.0,0.0,94,20.6,28,1.5,291,0
2026-01-09 20:00:00,25.4,25.3,1860.0,469,82.2,19.0,29.0,0.0,0.0,81,19.5,27,6.2,73,0
2026-01-09 21:00:00,18.2,18.0,1626.0,466,71.4,16.6,34.0,0.0,0.0,78,18.6,26,9.2,79,0
2026-01-09 22:00:00,14.8,14.6,1124.0,460,46.5,13.5,55.0,0.0,0.0,77,17.3,31,11.0,72,0
2026-01-09 23:00:00,13.8,13.4,721.0,455,26.4,11.3,72.0,0.0,0.0,77,16.5,35,11.6,68,0
2026-01-10 00:00:00,14.2,13.8,566.0,453,18.5,10.7,76.0,1.0,0.0,75,16.1,37,11.1,68,0
2026-01-10 01:00:00,15.3,14.7,511.0,452,15.3,10.9,77.0,1.0,0.0,74,15.4,40,10.6,62,0
2026-01-10 02:00:00,16.5,15.5,472.0,451,13.1,11.4,77.0,2.0,0.0,73,14.9,43,10.8,54,0
2026-01-10 03:00:00,17.6,16.4,400.0,450,10.0,12.1,80.0,2.0,0.0,73,14.3,46,10.6,43,5
2026-01-10 04:00:00,18.6,17.4,345.0,450,7.9,13.1,84.0,2.0,0.0,72,14.1,46,10.7,40,2
2026-01-10 05:00:00,21.0,19.7,377.0,451,8.8,14.1,82.0,2.0,0.0,71,13.7,47,11.2,42,0
2026-01-10 06:00:00,22.7,21.4,583.0,454,15.1,15.3,75.0,2.0,0.0,71,13.6,46,10.7,45,0
2026-01-10 07:00:00,26.1,24.8,877.0,458,23.5,17.1,67.0,2.0,0.0,70,13.4,46,10.6,51,0
2026-01-10 08:00:00,31.4,30.3,1066.0,460,28.2,19.1,66.0,2.0,0.25,70,13.5,45,10.3,55,0
2026-01-10 09:00:00,33.9,32.7,1058.0,459,25.7,21.7,80.0,3.0,1.1,70,14.9,41,9.2,57,0
2026-01-10 10:00:00,32.7,31.2,946.0,457,19.6,24.4,102.0,3.0,2.6,69,17.4,35,8.2,54,0
2026-01-10 11:00:00,32.6,30.4,820.0,455,14.1,26.1,121.0,4.0,4.2,69,19.5,30,8.3,60,0
2026-01-10 12:00:00,30.9,28.0,688.0,453,10.6,25.7,133.0,5.0,5.25,70,21.2,24,6.8,58,0
2026-01-10 13:00:00,28.7,25.7,542.0,450,7.7,24.1,142.0,5.0,5.2,70,22.3,22,5.2,46,0
2026-01-10 14:00:00,28.2,25.1,449.0,449,6.4,23.0,147.0,6.0,4.1,71,23.0,23,5.4,30,0
2026-01-10 15:00:00,28.5,25.1,368.0,448,4.3,22.9,152.0,6.0,2.5,71,23.3,23,6.1,23,0
2026-01-10 16:00:00,28.9,25.6,340.0,448,3.7,23.2,153.0,6.0,1.1,71,23.3,23,5.9,14,0
2026-01-10 17:00:00,26.0,24.6,556.0,451,12.1,25.8,143.0,2.0,0.25,86,23.0,26,7.1,21,0
2026-01-10 18:00:00,35.3,34.1,1315.0,462,39.1,28.3,106.0,2.0,0.0,99,22.3,27,4.7,43,0
2026-01-10 19:00:00,55.6,54.7,2317.0,477,75.4,31.5,55.0,1.0,0.0,100,21.5,29,4.1,135,0
2026-01-10 20:00:00,58.4,57.7,2856.0,485,97.0,32.3,21.0,1.0,0.0,86,20.0,34,8.6,120,0
2026-01-10 21:00:00,46.9,46.3,2486.0,481,90.2,28.5,21.0,1.0,0.0,79,18.9,32,8.0,95,0
2026-01-10 22:00:00,40.2,39.6,1653.0,471,68.6,22.4,37.0,2.0,0.0,81,17.5,35,9.7,75,0
2026-01-10 23:00:00,37.6,36.7,990.0,462,48.5,17.3,53.0,2.0,0.0,84,16.5,39,8.8,71,0
2026-01-11 00:00:00,37.1,35.9,755.0,459,34.6,14.6,62.0,2.0,0.0,86,15.7,44,9.3,63,0
2026-01-11 01:00:00,37.3,35.6,690.0,457,22.3,13.0,70.0,3.0,0.0,88,14.9,48,9.6,57,0
2026-01-11 02:00:00,37.4,35.5,648.0,456,13.3,12.1,76.0,3.0,0.0,90,14.3,52,9.1,56,0
2026-01-11 03:00:00,38.0,35.9,556.0,455,8.6,11.9,79.0,3.0,0.0,91,13.8,54,9.1,51,0
2026-01-11 04:00:00,38.6,36.6,488.0,455,7.3,12.5,79.0,4.0,0.0,93,13.4,55,9.6,47,0
2026-01-11 05:00:00,39.9,37.8,516.0,455,10.2,13.2,70.0,3.0,0.0,95,12.9,54,9.8,47,0
2026-01-11 06:00:00,41.1,39.0,735.0,457,16.3,14.1,63.0,3.0,0.0,96,12.4,57,10.0,56,0
2026-01-11 07:00:00,43.8,41.6,1050.0,460,24.5,15.3,55.0,4.0,0.0,98,12.1,58,10.6,58,0
2026-01-11 08:00:00,48.3,46.1,1253.0,461,29.1,16.8,55.0,4.0,0.2,99,12.1,58,10.5,61,0
2026-01-11 09:00:00,50.4,48.4,1249.0,460,26.9,18.9,71.0,5.0,1.05,101,13.6,52,9.1,63,0
2026-01-11 10:00:00,46.7,44.0,1134.0,458,21.2,21.3,96.0,5.0,2.45,103,16.1,43,8.8,59,0
2026-01-11 11:00:00,44.4,41.0,985.0,456,15.9,22.5,116.0,6.0,4.0,104,19.1,32,7.6,59,0
2026-01-11 12:00:00,39.6,36.1,790.0,453,11.9,21.7,128.0,6.0,5.0,105,21.2,24,7.6,56,0
2026-01-11 13:00:00,33.8,30.3,562.0,449,8.2,19.7,136.0,6.0,5.05,106,22.6,21,8.2,41,1
2026-01-11 14:00:00,29.7,26.6,418.0,447,6.2,17.8,140.0,6.0,4.1,106,23.5,17,8.3,42,4
2026-01-11 15:00:00,27.1,24.2,416.0,447,5.7,16.1,140.0,5.0,2.55,107,23.8,16,8.5,44,2
2026-01-11 16:00:00,25.3,22.7,499.0,448,6.9,14.4,136.0,5.0,1.1,106,23.6,16,8.8,47,1
2026-01-11 17:00:00,24.9,22.7,612.0,450,11.3,13.2,127.0,4.0,0.25,106,23.0,16,9.5,54,2
2026-01-11 18:00:00,31.9,30.5,775.0,453,22.6,12.8,107.0,3.0,0.0,106,21.6,19,9.5,68,0
2026-01-11 19:00:00,37.5,36.4,967.0,456,37.0,12.8,82.0,3.0,0.0,106,20.4,23,10.8,79,1
2026-01-11 20:00:00,36.6,35.6,1073.0,458,45.3,12.9,65.0,2.0,0.0,104,19.0,27,11.6,74,57
2026-01-11 21:00:00,36.6,35.4,1020.0,459,41.7,13.0,63.0,2.0,0.0,101,17.5,32,11.8,66,23
2026-01-11 22:00:00,38.1,36.8,880.0,458,31.9,13.2,70.0,2.0,0.0,100,16.4,39,11.5,61,32
2026-01-11 23:00:00,40.3,38.9,757.0,458,23.5,13.1,75.0,2.0,0.0,100,15.4,42,10.8,58,0
2026-01-12 00:00:00,42.1,40.5,690.0,457,19.4,12.6,76.0,2.0,0.0,100,14.7,46,10.5,59,0
2026-01-12 01:00:00,43.1,41.3,640.0,457,16.6,11.9,76.0,3.0,0.0,101,14.1,48,9.8,52,0
2026-01-12 02:00:00,43.3,41.4,594.0,456,14.4,11.3,76.0,3.0,0.0,101,13.6,49,9.6,49,0
2026-01-12 03:00:00,43.2,41.3,504.0,456,11.3,10.8,78.0,3.0,0.0,102,13.2,49,8.9,45,0
2026-01-12 04:00:00,42.5,40.6,418.0,455,8.6,10.5,80.0,3.0,0.0,102,12.8,48,8.9,43,0
2026-01-12 05:00:00,42.5,40.4,466.0,457,9.2,10.2,79.0,4.0,0.0,103,12.5,47,8.9,36,0
2026-01-12 06:00:00,43.5,41.3,769.0,462,18.6,11.2,67.0,4.0,0.0,103,11.9,48,8.7,43,0
2026-01-12 07:00:00,46.9,44.6,1205.0,469,31.3,12.6,51.0,4.0,0.0,103,11.4,48,8.0,54,0
2026-01-12 08:00:00,54.4,52.2,1540.0,473,39.2,14.1,46.0,4.0,0.2,104,11.2,49,7.9,69,0
2026-01-12 09:00:00,59.4,57.4,1700.0,474,37.8,15.1,60.0,5.0,1.05,104,12.7,44,5.7,79,0
2026-01-12 10:00:00,57.4,54.5,1758.0,472,31.6,16.1,85.0,6.0,2.45,105,15.2,39,4.5,85,0
2026-01-12 11:00:00,58.2,54.1,1698.0,470,25.5,18.7,109.0,7.0,3.95,106,18.2,32,3.1,93,0
2026-01-12 12:00:00,54.4,50.2,1441.0,466,20.5,24.1,130.0,7.0,4.9,108,20.5,28,1.8,127,0
2026-01-12 13:00:00,49.8,46.1,1065.0,462,15.6,31.0,150.0,6.0,4.85,109,22.0,29,1.4,203,14
2026-01-12 14:00:00,48.1,44.5,790.0,458,12.8,36.7,165.0,6.0,3.85,111,22.8,33,4.1,214,46
2026-01-12 15:00:00,47.5,43.9,683.0,456,9.6,40.1,177.0,6.0,2.35,113,22.8,40,7.3,218,45
2026-01-12 16:00:00,47.3,43.7,678.0,455,8.6,42.3,183.0,6.0,1.05,115,22.2,45,9.0,223,76
2026-01-12 17:00:00,28.5,27.4,794.0,456,17.2,38.6,168.0,2.0,0.25,117,21.2,50,8.7,220,100
2026-01-12 18:00:00,43.8,42.6,1070.0,460,50.5,38.5,124.0,2.0,0.0,117,20.2,57,6.5,226,99
2026-01-12 19:00:00,59.8,58.7,1468.0,466,96.0,38.3,64.0,2.0,0.0,123,19.7,62,5.6,255,84
2026-01-12 20:00:00,68.5,67.1,1891.0,475,126.7,38.8,20.0,2.0,0.0,121,19.4,65,4.5,270,1
2026-01-12 21:00:00,78.7,77.1,2433.0,489,128.8,41.3,8.0,2.0,0.0,124,18.9,74,0.9,281,0
2026-01-12 22:00:00,80.6,79.2,3000.0,505,116.2,44.4,12.0,1.0,0.0,129,18.5,73,1.0,59,0
2026-01-12 23:00:00,72.4,71.5,3219.0,513,103.8,44.3,16.0,1.0,0.0,133,17.2,75,2.8,72,0
2026-01-13 00:00:00,63.1,62.9,2811.0,507,97.8,37.9,15.0,1.0,0.0,136,17.0,69,4.6,72,0
2026-01-13 01:00:00,54.1,53.9,2054.0,494,92.0,28.3,15.0,0.0,0.0,139,16.0,62,6.1,67,0
2026-01-13 02:00:00,47.5,47.4,1410.0,483,82.7,20.8,18.0,0.0,0.0,140,15.1,52,6.2,57,0
2026-01-13 03:00:00,43.5,43.3,1010.0,479,65.5,17.7,29.0,0.0,0.0,141,14.4,48,7.7,62,0
2026-01-13 04:00:00,41.1,41.0,723.0,477,44.9,16.6,43.0,0.0,0.0,141,13.9,47,8.1,66,0
2026-01-13 05:00:00,39.0,38.8,620.0,476,32.8,16.4,51.0,0.0,0.0,141,13.3,48,7.6,65,0
2026-01-13 06:00:00,36.8,36.6,820.0,476,34.8,17.0,49.0,0.0,0.0,141,12.9,49,7.6,63,0
2026-01-13 07:00:00,36.8,36.6,1203.0,477,37.2,17.8,46.0,1.0,0.0,140,12.6,51,8.3,60,0
2026-01-13 08:00:00,39.6,39.2,1481.0,477,37.1,19.0,51.0,1.0,0.25,139,12.6,51,8.2,57,1
2026-01-13 09:00:00,39.8,39.6,1549.0,474,32.3,20.7,69.0,1.0,1.05,138,14.2,46,6.2,60,1
2026-01-13 10:00:00,32.1,31.7,1512.0,469,25.1,22.7,94.0,1.0,2.45,136,16.7,41,5.7,66,0
2026-01-13 11:00:00,28.3,27.5,1393.0,465,18.6,24.4,116.0,1.0,4.05,134,19.7,36,5.9,78,0
2026-01-13 12:00:00,26.8,25.3,1135.0,460,13.7,25.4,131.0,3.0,5.1,131,22.0,31,6.0,81,1
2026-01-13 13:00:00,27.4,24.6,796.0,456,9.7,26.0,143.0,5.0,5.15,128,23.2,32,4.5,90,0
2026-01-13 14:00:00,28.8,25.0,571.0,453,7.5,26.6,150.0,7.0,4.15,126,24.0,32,3.1,100,1
2026-01-13 15:00:00,30.2,25.7,498.0,452,4.4,26.7,154.0,8.0,2.55,124,24.4,33,1.6,153,0
2026-01-13 16:00:00,31.3,26.7,541.0,452,3.2,26.8,153.0,8.0,1.1,122,24.2,34,2.3,203,2
2026-01-13 17:00:00,31.4,27.4,781.0,455,13.2,28.7,138.0,7.0,0.25,121,23.0,42,9.1,234,2
2026-01-13 18:00:00,42.4,38.9,1379.0,464,38.7,31.0,105.0,6.0,0.0,121,21.2,50,9.8,246,0
2026-01-13 19:00:00,59.6,56.6,2176.0,476,73.4,34.1,58.0,6.0,0.0,120,20.5,51,5.1,266,0
2026-01-13 20:00:00,65.7,63.1,2776.0,486,96.7,36.6,24.0,5.0,0.0,120,20.3,52,0.5,45,0
2026-01-13 21:00:00,70.8,68.7,3022.0,493,97.6,38.4,13.0,4.0,0.0,120,19.9,53,4.3,88,0
2026-01-13 22:00:00,75.2,73.3,3071.0,499,87.0,39.6,15.0,4.0,0.0,119,19.2,52,4.3,68,0
2026-01-13 23:00:00,75.9,74.5,3002.0,502,76.8,38.5,16.0,3.0,0.0,118,17.8,53,3.4,74,0
2026-01-14 00:00:00,72.2,71.2,2813.0,502,70.9,33.6,14.0,3.0,0.0,118,18.1,45,4.6,81,0
2026-01-14 01:00:00,68.0,67.1,2505.0,501,65.3,26.4,12.0,2.0,0.0,119,17.4,46,4.4,78,0
2026-01-14 02:00:00,64.7,63.6,2160.0,499,59.8,20.6,11.0,2.0,0.0,121,16.5,49,3.7,39,0
2026-01-14 03:00:00,62.2,61.0,1678.0,497,53.4,17.1,11.0,2.0,0.0,122,15.9,52,4.0,21,5
2026-01-14 04:00:00,59.6,58.6,1159.0,494,46.9,15.0,11.0,2.0,0.0,124,15.4,55,4.7,23,3
2026-01-14 05:00:00,56.0,54.7,985.0,495,46.0,15.8,13.0,2.0,0.0,126,14.7,55,4.0,30,2
2026-01-14 06:00:00,55.4,54.1,1527.0,504,47.3,17.5,9.0,2.0,0.0,128,14.4,57,3.3,22,0
2026-01-14 07:00:00,59.0,57.6,2413.0,517,48.7,19.9,5.0,1.0,0.0,129,14.2,58,2.3,45,0
2026-01-14 08:00:00,70.5,69.2,2917.0,522,47.4,22.4,13.0,2.0,0.2,132,14.4,58,3.1,54,0
2026-01-14 09:00:00,71.2,69.8,2647.0,511,41.4,25.2,42.0,4.0,1.05,135,16.4,52,2.5,60,0
2026-01-14 10:00:00,51.3,48.1,1993.0,491,32.6,28.1,83.0,8.0,2.55,138,19.4,49,1.1,90,0
2026-01-14 11:00:00,40.2,32.2,1402.0,474,24.6,29.6,115.0,12.0,4.15,140,21.6,50,2.9,176,0
2026-01-14 12:00:00,37.8,26.3,1001.0,464,17.9,28.5,130.0,17.0,5.25,140,23.0,51,5.4,200,0
2026-01-14 13:00:00,38.0,24.2,663.0,456,11.9,26.0,136.0,22.0,5.3,140,23.7,52,8.6,210,0
2026-01-14 14:00:00,37.5,23.0,443.0,451,8.3,23.9,137.0,25.0,4.3,140,23.9,56,10.4,219,0
2026-01-14 15:00:00,36.6,21.9,358.0,449,6.8,23.0,134.0,26.0,2.7,140,23.6,60,10.8,222,0
2026-01-14 16:00:00,35.2,21.1,392.0,450,7.8,22.6,127.0,25.0,1.2,140,23.2,65,10.7,221,0
2026-01-14 17:00:00,32.5,19.6,557.0,453,12.9,20.8,106.0,22.0,0.3,139,22.9,66,9.6,237,0
2026-01-14 18:00:00,32.5,22.2,962.0,459,28.4,20.0,82.0,19.0,0.0,138,21.8,71,7.3,239,0
2026-01-14 19:00:00,37.4,28.5,1498.0,467,49.7,19.0,49.0,16.0,0.0,136,21.1,76,6.0,226,0
2026-01-14 20:00:00,39.3,30.7,1849.0,473,64.8,18.1,24.0,13.0,0.0,133,20.8,78,5.5,232,0
2026-01-14 21:00:00,40.3,31.9,1866.0,476,68.7,17.7,16.0,12.0,0.0,130,20.5,81,4.8,257,0
2026-01-14 22:00:00,40.4,32.2,1698.0,477,66.4,17.6,17.0,12.0,0.0,126,20.0,86,4.2,263,0
2026-01-14 23:00:00,40.9,31.7,1482.0,477,61.4,16.9,21.0,12.0,0.0,122,19.8,86,5.8,277,0
2026-01-15 00:00:00,40.0,30.2,1225.0,474,53.4,15.3,28.0,12.0,0.0,118,19.6,84,7.5,287,0
2026-01-15 01:00:00,37.8,28.1,919.0,469,42.6,13.3,37.0,11.0,0.0,113,19.4,85,7.5,300,0
2026-01-15 02:00:00,35.6,26.1,674.0,466,33.5,11.5,45.0,11.0,0.0,109,19.2,85,7.1,304,0
2026-01-15 03:00:00,36.1,26.4,442.0,465,26.7,10.0,50.0,11.0,0.0,105,18.7,88,4.6,312,0
2026-01-15 04:00:00,38.0,27.8,271.0,465,21.7,8.7,53.0,10.0,0.0,102,18.4,89,5.0,311,2
2026-01-15 05:00:00,41.4,31.9,419.0,469,18.9,7.9,53.0,9.0,0.0,99,16.8,91,2.7,352,0
2026-01-15 06:00:00,45.5,36.2,1247.0,481,25.3,9.9,39.0,8.0,0.0,97,16.4,93,1.8,11,0
2026-01-15 07:00:00,52.6,45.8,2394.0,495,34.1,12.7,20.0,8.0,0.0,95,16.0,95,0.9,53,0
2026-01-15 08:00:00,68.0,62.4,3028.0,502,40.7,15.6,13.0,7.0,0.15,94,16.4,95,1.3,74,9
2026-01-15 09:00:00,72.6,67.8,2656.0,493,44.3,18.5,29.0,7.0,0.8,93,17.8,92,2.6,74,2
2026-01-15 10:00:00,69.4,64.7,1772.0,475,45.6,21.4,57.0,7.0,2.15,93,20.7,78,2.8,101,5
2026-01-15 11:00:00,47.7,41.2,1030.0,461,42.9,23.9,82.0,7.0,4.25,95,22.9,70,3.6,186,26
2026-01-15 12:00:00,34.7,26.0,666.0,454,32.6,26.0,102.0,7.0,5.3,96,24.0,64,7.7,219,25
2026-01-15 13:00:00,28.3,21.1,444.0,450,18.2,27.5,120.0,8.0,5.3,96,24.5,60,11.4,232,18
2026-01-15 14:00:00,24.9,18.7,309.0,448,8.0,27.9,130.0,8.0,4.35,95,24.6,55,12.1,242,13
2026-01-15 15:00:00,23.5,17.3,218.0,446,3.9,26.2,130.0,8.0,2.75,95,24.5,56,11.1,247,5
2026-01-15 16:00:00,22.6,16.0,215.0,446,3.9,23.2,121.0,8.0,1.25,94,24.1,58,11.0,244,5
2026-01-15 17:00:00,17.1,12.3,377.0,448,10.0,18.5,104.0,4.0,0.3,94,23.8,61,11.3,241,9
2026-01-15 18:00:00,19.8,15.5,807.0,454,28.3,18.6,78.0,4.0,0.0,93,22.9,67,9.5,241,0
2026-01-15 19:00:00,29.5,25.4,1403.0,462,53.4,18.8,43.0,4.0,0.0,93,22.1,73,8.0,242,0
2026-01-15 20:00:00,36.3,32.0,1938.0,472,72.3,20.1,16.0,4.0,0.0,92,21.6,75,6.8,252,1
2026-01-15 21:00:00,44.7,39.3,2381.0,484,78.6,23.5,7.0,5.0,0.0,93,21.2,77,5.2,272,0
2026-01-15 22:00:00,53.1,46.8,2762.0,496,78.5,27.8,6.0,6.0,0.0,93,20.6,79,5.5,314,0
2026-01-15 23:00:00,59.3,52.3,2953.0,505,77.6,30.7,6.0,7.0,0.0,95,19.1,84,3.2,313,0
2026-01-16 00:00:00,62.9,55.3,2863.0,508,77.5,30.8,5.0,8.0,0.0,96,19.2,81,4.2,295,0
2026-01-16 01:00:00,63.6,55.5,2583.0,507,76.7,29.3,5.0,8.0,0.0,99,18.9,82,4.0,302,0
2026-01-16 02:00:00,63.6,55.1,2247.0,505,75.6,27.7,6.0,9.0,0.0,101,18.5,82,3.5,294,19
2026-01-16 03:00:00,61.7,53.0,1795.0,502,74.6,26.0,8.0,10.0,0.0,104,18.1,85,2.5,330,77
2026-01-16 04:00:00,58.8,49.4,1287.0,498,73.4,24.2,12.0,11.0,0.0,107,17.7,86,1.9,34,95
2026-01-16 05:00:00,59.8,48.9,1046.0,496,56.2,16.4,26.0,11.0,0.0,109,16.9,89,3.5,39,100
2026-01-16 06:00:00,66.1,54.7,1353.0,499,57.1,18.3,19.0,11.0,0.0,111,16.8,89,5.1,51,94
2026-01-16 07:00:00,73.6,63.3,1927.0,505,58.1,20.9,11.0,11.0,0.0,113,16.9,88,5.1,58,100
2026-01-16 08:00:00,85.4,76.8,2240.0,505,56.6,23.7,13.0,12.0,0.15,115,17.2,86,4.1,45,95
2026-01-16 09:00:00,81.5,74.0,2019.0,495,51.2,27.0,33.0,14.0,0.85,116,18.7,79,3.5,28,100
2026-01-16 10:00:00,74.5,66.6,1538.0,480,43.3,30.5,62.0,17.0,2.3,117,21.1,69,2.3,18,98
2026-01-16 11:00:00,53.9,37.8,1092.0,467,34.7,31.7,87.0,19.0,3.8,117,23.2,62,4.8,257,98
2026-01-16 12:00:00,38.5,24.6,757.0,458,24.6,28.9,103.0,18.0,4.55,117,24.4,57,9.8,252,88
2026-01-16 13:00:00,32.9,21.7,456.0,451,13.8,23.9,114.0,16.0,4.7,117,24.9,53,11.6,255,93
2026-01-16 14:00:00,28.5,19.5,259.0,446,6.6,20.1,119.0,14.0,3.9,117,24.8,53,11.5,250,56
2026-01-16 15:00:00,25.8,18.0,182.0,444,3.7,19.0,118.0,13.0,2.55,117,25.0,51,11.1,243,24
2026-01-16 16:00:00,24.0,16.6,208.0,445,4.4,19.1,110.0,12.0,1.2,117,24.8,50,11.9,247,12
2026-01-16 17:00:00,22.7,14.9,352.0,448,9.8,17.2,94.0,11.0,0.3,117,24.0,54,11.8,257,11
2026-01-16 18:00:00,24.2,17.1,729.0,454,23.5,16.9,75.0,10.0,0.0,117,22.8,67,8.5,246,0
2026-01-16 19:00:00,29.9,23.1,1225.0,462,42.4,16.4,48.0,9.0,0.0,117,21.8,76,6.9,229,3
2026-01-16 20:00:00,34.3,27.1,1508.0,467,56.1,16.0,28.0,9.0,0.0,117,21.5,79,7.0,235,27
2026-01-16 21:00:00,37.8,29.7,1386.0,467,60.4,15.9,22.0,11.0,0.0,117,21.3,79,7.3,239,4
2026-01-16 22:00:00,41.3,31.7,1051.0,463,59.5,15.8,22.0,13.0,0.0,116,21.1,79,7.2,248,2
2026-01-16 23:00:00,44.4,32.9,754.0,460,55.7,15.2,26.0,16.0,0.0,114,20.9,78,7.0,260,9
2026-01-17 00:00:00,46.2,33.1,577.0,458,48.5,13.5,32.0,18.0,0.0,112,21.0,77,8.8,265,1
2026-01-17 01:00:00,44.7,31.2,437.0,456,38.4,11.3,42.0,20.0,0.0,110,20.9,78,8.5,272,4
2026-01-17 02:00:00,44.1,29.5,333.0,454,29.5,9.5,50.0,22.0,0.0,107,20.6,81,7.5,281,16
2026-01-17 03:00:00,45.5,28.4,252.0,453,21.7,8.5,58.0,23.0,0.0,104,20.5,83,8.0,293,27
2026-01-17 04:00:00,44.4,26.8,207.0,452,15.1,8.0,65.0,24.0,0.0,102,20.5,83,9.1,295,26
2026-01-17 05:00:00,42.4,25.9,239.0,452,14.9,8.4,64.0,24.0,0.0,100,20.0,83,7.4,319,36
2026-01-17 06:00:00,41.6,25.3,427.0,454,25.7,9.4,51.0,22.0,0.0,98,19.6,86,7.6,346,34
2026-01-17 07:00:00,45.6,28.9,691.0,457,40.1,10.9,35.0,19.0,0.0,95,19.3,87,7.7,351,37
2026-01-17 08:00:00,53.8,37.6,836.0,458,46.9,12.7,30.0,24.0,0.2,92,19.5,83,6.8,343,25
2026-01-17 09:00:00,54.1,41.6,740.0,457,38.7,15.4,49.0,43.0,0.95,88,20.8,75,5.2,333,35
2026-01-17 10:00:00,55.4,33.3,525.0,454,23.0,18.5,80.0,68.0,2.35,86,22.7,68,5.7,314,16
2026-01-17 11:00:00,80.6,30.7,352.0,451,10.6,20.2,105.0,87.0,3.8,83,23.8,65,8.1,276,16
2026-01-17 12:00:00,82.2,29.9,284.0,449,6.0,19.4,116.0,93.0,4.75,82,25.0,56,9.6,256,25
2026-01-17 13:00:00,80.1,29.6,258.0,448,4.7,17.2,121.0,92.0,4.85,82,25.4,52,12.0,248,26
2026-01-17 14:00:00,80.3,29.4,253.0,447,4.6,15.5,122.0,90.0,3.9,83,25.2,51,13.0,250,28
2026-01-17 15:00:00,79.9,28.8,233.0,446,4.3,15.1,119.0,89.0,2.5,84,25.1,50,12.7,247,40
2026-01-17 16:00:00,77.1,27.6,234.0,446,5.1,15.2,113.0,87.0,1.15,85,24.5,52,12.2,244,33
2026-01-17 17:00:00,73.1,26.6,336.0,447,9.6,17.7,104.0,83.0,0.3,86,23.9,53,11.8,243,67
2026-01-17 18:00:00,59.0,24.9,636.0,452,18.6,17.1,89.0,67.0,0.0,87,23.0,60,11.0,247,18
2026-01-17 19:00:00,48.5,26.0,1037.0,458,31.0,16.4,68.0,45.0,0.0,88,22.2,65,8.8,253,2
2026-01-17 20:00:00,44.1,26.8,1333.0,464,40.9,15.8,52.0,28.0,0.0,88,21.6,68,7.5,262,1
2026-01-17 21:00:00,41.1,27.4,1417.0,469,45.9,15.7,44.0,20.0,0.0,88,21.2,70,6.5,264,1
2026-01-17 22:00:00,39.3,27.8,1396.0,473,48.3,15.7,40.0,16.0,0.0,88,20.8,72,6.5,270,6
2026-01-17 23:00:00,38.2,28.2,1381.0,477,48.8,15.5,38.0,14.0,0.0,87,20.0,74,4.0,275,0
2026-01-18 00:00:00,37.6,28.1,1443.0,480,47.1,14.6,38.0,13.0,0.0,87,19.9,74,3.9,286,0
2026-01-18 01:00:00,38.1,28.1,1512.0,483,43.5,13.3,39.0,14.0,0.0,87,19.2,75,4.8,333,0
2026-01-18 02:00:00,38.9,28.1,1488.0,484,39.8,12.4,40.0,15.0,0.0,86,18.7,77,4.1,13,1
2026-01-18 03:00:00,39.1,27.9,1252.0,483,35.9,12.1,39.0,15.0,0.0,86,18.2,79,3.1,36,2
2026-01-18 04:00:00,38.8,27.6,922.0,480,31.9,12.2,36.0,15.0,0.0,86,17.8,80,4.6,42,2
2026-01-18 05:00:00,47.0,33.9,754.0,478,35.8,13.1,23.0,18.0,0.0,86,17.2,84,6.0,44,0
2026-01-18 06:00:00,49.1,35.6,925.0,478,37.9,13.0,15.0,19.0,0.0,87,17.2,84,6.0,51,2
2026-01-18 07:00:00,56.0,42.5,1258.0,479,40.4,13.2,5.0,21.0,0.0,88,17.0,85,6.0,51,2
2026-01-18 08:00:00,72.4,56.2,1473.0,478,39.9,16.0,7.0,26.0,0.2,89,16.8,85,6.9,62,2
2026-01-18 09:00:00,70.8,56.2,1449.0,475,33.6,24.5,33.0,37.0,1.05,91,18.1,79,6.4,68,1
2026-01-18 10:00:00,68.7,44.0,1309.0,470,24.2,35.6,72.0,51.0,2.4,92,20.8,66,5.1,94,0
2026-01-18 11:00:00,69.6,33.5,1138.0,465,16.4,42.7,104.0,62.0,3.9,93,22.4,60,5.5,122,3
2026-01-18 12:00:00,77.1,32.8,937.0,461,11.8,42.0,122.0,67.0,4.85,93,23.3,56,5.1,153,19
2026-01-18 13:00:00,72.4,31.3,707.0,457,8.9,37.3,133.0,69.0,4.85,93,23.7,53,6.8,178,34
2026-01-18 14:00:00,67.5,29.5,535.0,454,7.4,33.3,139.0,67.0,3.75,94,23.6,54,8.6,192,27
2026-01-18 15:00:00,61.0,27.9,446.0,451,7.0,32.4,143.0,62.0,2.25,94,23.5,56,9.2,196,20
2026-01-18 16:00:00,55.5,26.7,415.0,449,8.0,32.2,143.0,53.0,1.0,93,23.3,56,8.7,202,17
2026-01-18 17:00:00,61.7,30.2,462.0,449,11.4,31.2,134.0,52.0,0.25,93,22.9,58,10.0,206,15
2026-01-18 18:00:00,48.4,28.5,605.0,450,19.5,27.7,112.0,43.0,0.0,94,22.2,66,9.5,209,9
2026-01-18 19:00:00,43.0,27.8,825.0,453,30.7,22.9,82.0,32.0,0.0,94,21.9,71,8.0,218,1
2026-01-18 20:00:00,44.1,27.5,1083.0,458,39.8,19.1,58.0,26.0,0.0,94,21.7,69,7.1,221,0
2026-01-18 21:00:00,49.5,29.5,1427.0,466,44.7,17.4,45.0,30.0,0.0,94,21.6,68,6.3,235,0
2026-01-18 22:00:00,56.2,32.4,1809.0,476,47.4,16.8,38.0,39.0,0.0,94,21.4,69,7.7,240,0
2026-01-18 23:00:00,63.8,35.3,2047.0,483,49.2,16.3,33.0,49.0,0.0,95,21.1,68,6.2,244,0
2026-01-19 00:00:00,74.0,38.8,2052.0,486,50.4,15.7,29.0,61.0,0.0,95,21.1,68,4.8,236,0
2026-01-19 01:00:00,84.5,41.8,1914.0,486,50.6,15.3,27.0,74.0,0.0,96,20.2,76,0.5,90,0
2026-01-19 02:00:00,90.6,43.1,1717.0,486,49.5,14.9,25.0,82.0,0.0,98,19.3,79,1.5,54,0
2026-01-19 03:00:00,92.2,43.4,1402.0,485,46.0,14.5,24.0,82.0,0.0,99,18.5,80,4.1,29,0
2026-01-19 04:00:00,88.5,42.0,1028.0,482,41.3,14.1,23.0,78.0,0.0,100,17.3,85,5.0,26,0
2026-01-19 05:00:00,104.5,44.0,858.0,483,36.8,16.2,30.0,104.0,0.0,102,16.9,85,3.0,57,0
2026-01-19 06:00:00,95.0,44.0,1109.0,490,40.7,16.3,21.0,91.0,0.0,103,16.9,85,4.0,60,0
2026-01-19 07:00:00,89.9,47.3,1565.0,500,45.6,16.7,9.0,73.0,0.0,104,16.5,85,4.8,53,0
2026-01-19 08:00:00,97.3,58.4,1840.0,504,46.4,18.5,9.0,67.0,0.2,104,16.5,85,4.3,45,0
2026-01-19 09:00:00,95.2,57.6,1739.0,496,39.3,23.4,29.0,85.0,0.95,105,18.4,76,3.6,41,0
2026-01-19 10:00:00,109.4,47.6,1456.0,481,28.0,29.6,60.0,115.0,2.3,105,20.9,66,3.2,63,0
2026-01-19 11:00:00,114.6,40.0,1189.0,469,18.4,33.2,88.0,133.0,3.8,105,22.5,63,3.2,137,0
2026-01-19 12:00:00,105.5,39.6,998.0,463,12.4,31.5,109.0,126.0,4.8,106,23.6,55,5.6,165,13
2026-01-19 13:00:00,95.0,39.1,824.0,460,8.2,27.2,127.0,107.0,4.8,106,24.1,52,7.7,181,10
2026-01-19 14:00:00,89.6,38.1,683.0,457,5.8,23.9,138.0,92.0,3.9,107,24.3,50,9.4,192,5
2026-01-19 15:00:00,86.1,37.1,549.0,454,4.7,23.5,142.0,87.0,2.5,108,24.2,50,10.4,200,1
2026-01-19 16:00:00,85.0,37.0,449.0,452,5.6,24.2,139.0,87.0,1.1,109,23.4,57,10.7,213,0
2026-01-19 17:00:00,75.9,34.2,481.0,452,9.9,25.0,129.0,73.0,0.3,110,22.5,58,9.8,226,0
2026-01-19 18:00:00,70.5,35.5,773.0,457,20.8,23.0,103.0,69.0,0.0,111,21.6,66,8.6,231,0
2026-01-19 19:00:00,70.3,37.4,1198.0,464,35.7,20.2,67.0,63.0,0.0,111,21.2,69,6.7,239,0
2026-01-19 20:00:00,70.1,37.0,1467.0,470,46.4,17.9,40.0,58.0,0.0,112,21.0,68,6.3,267,0
2026-01-19 21:00:00,69.4,36.9,1414.0,471,49.2,16.8,31.0,56.0,0.0,113,20.8,64,6.2,278,0
2026-01-19 22:00:00,68.2,36.9,1206.0,470,47.8,16.2,30.0,54.0,0.0,114,20.2,63,7.4,288,0
2026-01-19 23:00:00,66.1,36.0,1057.0,470,44.8,15.3,32.0,53.0,0.0,115,19.7,63,6.6,287,0
2026-01-20 00:00:00,63.8,34.5,1080.0,473,40.2,13.7,35.0,51.0,0.0,115,19.5,62,6.4,297,0
2026-01-20 01:00:00,61.2,33.1,1162.0,477,34.0,11.8,39.0,48.0,0.0,114,18.9,62,5.0,311,0
2026-01-20 02:00:00,57.6,31.0,1180.0,480,28.4,10.4,43.0,46.0,0.0,113,18.2,64,3.0,343,0
2026-01-20 03:00:00,54.9,29.0,1011.0,480,23.2,9.7,45.0,45.0,0.0,112,17.5,67,4.2,355,0
2026-01-20 04:00:00,53.6,27.6,779.0,480,18.6,9.5,46.0,45.0,0.0,111,16.9,69,4.0,18,0
2026-01-20 05:00:00,58.0,28.6,731.0,481,19.6,10.4,43.0,50.0,0.0,109,15.8,74,3.9,28,0
2026-01-20 06:00:00,56.3,29.2,1099.0,488,27.5,11.8,31.0,45.0,0.0,107,15.8,74,4.0,36,0
2026-01-20 07:00:00,57.6,33.3,1652.0,497,38.0,14.0,14.0,38.0,0.0,106,15.6,76,4.1,34,0
2026-01-20 08:00:00,66.1,44.7,1943.0,499,42.7,16.9,11.0,37.0,0.2,104,15.6,77,5.2,27,0
2026-01-20 09:00:00,68.7,45.2,1705.0,488,36.0,21.5,31.0,49.0,1.0,103,17.5,68,4.5,14,0
2026-01-20 10:00:00,74.7,38.3,1205.0,471,23.5,26.7,64.0,67.0,2.45,102,20.6,56,3.5,28,35
2026-01-20 11:00:00,74.3,29.3,796.0,458,13.4,30.0,92.0,79.0,4.0,101,22.4,51,2.2,215,0
2026-01-20 12:00:00,76.4,31.9,614.0,453,8.9,29.6,110.0,78.0,5.05,100,23.5,44,5.3,204,0
2026-01-20 13:00:00,75.9,33.8,522.0,451,6.8,27.1,124.0,72.0,5.1,99,23.9,42,8.5,198,0
2026-01-20 14:00:00,71.5,33.2,463.0,450,6.0,24.9,131.0,65.0,4.2,99,24.0,40,10.5,200,1
2026-01-20 15:00:00,66.4,31.7,372.0,448,4.9,23.7,132.0,61.0,2.7,98,23.7,39,10.5,207,0
2026-01-20 16:00:00,62.4,30.3,314.0,447,5.1,22.8,127.0,57.0,1.2,98,23.2,44,9.8,215,0
2026-01-20 17:00:00,52.4,25.3,430.0,449,9.1,20.4,117.0,47.0,0.3,97,22.8,45,8.6,213,0
2026-01-20 18:00:00,49.7,26.7,841.0,454,22.2,19.6,94.0,43.0,0.0,96,22.0,52,7.0,220,0
2026-01-20 19:00:00,52.2,31.1,1426.0,462,40.3,18.4,61.0,38.0,0.0,95,21.4,58,6.0,229,0
2026-01-20 20:00:00,54.1,33.9,1958.0,471,54.4,17.6,36.0,34.0,0.0,95,21.2,58,5.4,233,0
2026-01-20 21:00:00,55.9,36.1,2442.0,484,61.4,17.7,24.0,32.0,0.0,95,20.9,59,6.1,240,0
2026-01-20 22:00:00,57.3,38.1,2873.0,498,64.4,18.2,18.0,32.0,0.0,95,20.5,61,4.5,254,0
2026-01-20 23:00:00,55.4,37.0,3009.0,506,63.1,18.0,17.0,31.0,0.0,95,19.7,62,3.8,270,0
2026-01-21 00:00:00,51.6,33.6,2648.0,503,55.6,16.2,22.0,30.0,0.0,95,19.3,64,5.0,300,0
2026-01-21 01:00:00,47.5,30.4,1992.0,493,43.8,13.7,31.0,28.0,0.0,95,18.0,68,4.8,331,0
2026-01-21 02:00:00,44.6,28.0,1401.0,484,33.9,11.7,38.0,27.0,0.0,94,17.2,73,5.5,9,0
2026-01-21 03:00:00,42.3,26.3,954.0,478,27.1,10.7,41.0,26.0,0.0,94,16.9,74,5.8,14,0
2026-01-21 04:00:00,39.6,24.6,573.0,472,22.2,10.2,42.0,24.0,0.0,94,16.6,76,5.5,11,0
2026-01-21 05:00:00,39.9,25.1,378.0,469,23.9,10.6,35.0,24.0,0.0,94,15.6,81,5.2,4,0
2026-01-21 06:00:00,39.5,25.4,512.0,470,30.4,11.2,26.0,22.0,0.0,93,15.2,83,5.9,12,0
2026-01-21 07:00:00,42.0,28.5,834.0,473,38.9,12.3,15.0,20.0,0.0,93,14.9,83,6.6,17,0
2026-01-21 08:00:00,49.2,36.7,1039.0,474,42.4,15.2,15.0,20.0,0.25,93,15.2,79,6.8,18,0
2026-01-21 09:00:00,49.9,38.5,983.0,469,36.2,21.9,36.0,24.0,1.1,92,17.0,69,7.0,12,0
2026-01-21 10:00:00,48.2,30.0,811.0,461,25.0,30.5,69.0,29.0,2.6,91,20.1,55,5.3,10,0
2026-01-21 11:00:00,44.8,24.3,653.0,455,15.7,36.0,98.0,33.0,4.25,91,21.6,50,2.0,333,0
2026-01-21 12:00:00,42.8,24.5,545.0,452,10.9,36.0,119.0,32.0,5.35,90,22.9,44,3.9,214,0
2026-01-21 13:00:00,42.8,26.6,452.0,450,8.1,33.0,135.0,29.0,5.45,89,23.5,42,6.7,207,0
2026-01-21 14:00:00,41.9,27.0,396.0,449,6.8,30.0,145.0,27.0,4.45,89,23.7,42,7.6,208,0
2026-01-21 15:00:00,41.1,26.6,374.0,448,5.9,28.1,146.0,26.0,2.8,88,23.6,43,7.6,208,0
2026-01-21 16:00:00,40.2,26.1,389.0,448,6.5,26.3,141.0,25.0,1.3,88,23.2,46,7.2,215,0
2026-01-21 17:00:00,45.1,27.0,473.0,449,10.8,25.7,123.0,32.0,0.3,87,22.6,50,8.4,239,0
2026-01-21 18:00:00,43.2,27.8,691.0,453,24.2,24.4,97.0,29.0,0.0,88,21.7,55,8.9,261,7
2026-01-21 19:00:00,45.1,31.1,977.0,459,42.8,22.6,60.0,25.0,0.0,88,21.0,59,7.7,282,1
2026-01-21 20:00:00,46.3,32.9,1165.0,463,57.2,21.1,31.0,22.0,0.0,88,20.4,63,7.0,302,0
2026-01-21 21:00:00,49.0,35.2,1176.0,465,64.0,20.5,17.0,22.0,0.0,88,20.0,64,5.7,305,0
2026-01-21 22:00:00,51.8,37.5,1088.0,466,66.6,20.2,12.0,23.0,0.0,88,19.7,67,6.7,297,0
2026-01-21 23:00:00,52.7,37.8,976.0,466,66.5,19.4,10.0,24.0,0.0,87,19.2,71,4.3,270,0
2026-01-22 00:00:00,52.6,37.0,825.0,464,63.1,17.4,12.0,26.0,0.0,88,19.4,72,6.7,284,0
2026-01-22 01:00:00,52.4,35.5,649.0,462,56.9,15.0,18.0,28.0,0.0,88,19.0,73,6.5,298,0
2026-01-22 02:00:00,52.9,33.9,563.0,463,50.8,13.4,24.0,31.0,0.0,88,18.4,79,2.3,331,1
2026-01-22 03:00:00,53.7,32.2,598.0,469,44.1,13.3,31.0,34.0,0.0,89,18.2,79,0.4,63,0
2026-01-22 04:00:00,55.1,31.9,723.0,478,37.4,14.0,38.0,38.0,0.0,89,18.1,80,0.4,63,3
2026-01-22 05:00:00,58.4,34.1,964.0,486,39.9,16.3,34.0,39.0,0.0,90,16.9,82,3.6,72,4
2026-01-22 06:00:00,60.5,35.5,1499.0,493,48.7,19.3,25.0,39.0,0.0,91,16.8,83,4.3,62,9
2026-01-22 07:00:00,71.5,46.0,2150.0,498,60.1,23.2,13.0,40.0,0.0,92,16.6,85,4.9,98,22
2026-01-22 08:00:00,82.7,56.9,2402.0,496,63.1,25.0,13.0,41.0,0.2,93,17.8,84,5.5,148,30
2026-01-22 09:00:00,66.6,50.2,1870.0,482,49.6,22.8,35.0,44.0,0.85,95,20.5,79,7.3,216,49
2026-01-22 10:00:00,52.9,27.9,940.0,461,27.7,18.5,69.0,47.0,1.9,96,22.2,66,17.6,217,55
2026-01-22 11:00:00,51.5,22.8,252.0,446,11.0,14.8,94.0,48.0,2.45,96,23.0,63,20.9,223,96
2026-01-22 12:00:00,47.7,21.7,91.0,442,5.5,12.3,101.0,44.0,3.0,96,23.5,58,20.7,225,84
2026-01-22 13:00:00,45.4,20.8,171.0,444,5.3,10.4,99.0,39.0,2.5,95,21.6,72,15.4,260,99
2026-01-22 14:00:00,43.1,20.5,280.0,446,6.1,9.6,95.0,37.0,2.3,95,19.9,80,23.2,256,98
2026-01-22 15:00:00,34.7,18.1,366.0,447,6.6,10.5,92.0,40.0,2.3,94,20.3,81,23.8,243,79
2026-01-22 16:00:00,36.8,17.3,481.0,449,8.2,12.5,88.0,47.0,1.3,94,19.2,76,14.5,328,23
2026-01-22 17:00:00,39.5,19.2,564.0,451,13.1,14.7,77.0,34.0,0.3,93,19.3,69,9.5,328,23
2026-01-22 18:00:00,42.8,21.7,594.0,452,21.8,15.9,66.0,54.0,0.0,92,18.9,59,10.2,312,48
2026-01-22 19:00:00,57.5,28.0,592.0,453,33.4,17.5,52.0,82.0,0.0,92,18.6,53,12.2,315,7
2026-01-22 20:00:00,85.9,30.9,557.0,453,39.0,18.3,45.0,100.0,0.0,91,17.7,44,15.2,313,13
2026-01-22 21:00:00,109.4,31.5,470.0,452,32.9,17.6,53.0,102.0,0.0,91,16.7,45,17.7,327,1
2026-01-22 22:00:00,97.8,28.2,350.0,450,20.8,16.1,69.0,95.0,0.0,91,14.8,39,18.0,335,0
2026-01-22 23:00:00,72.9,25.4,258.0,448,11.3,14.5,80.0,85.0,0.0,90,14.1,37,17.9,329,0
2026-01-23 00:00:00,58.6,23.5,219.0,448,8.0,12.9,82.0,71.0,0.0,89,13.3,38,17.4,330,0
2026-01-23 01:00:00,50.5,21.3,207.0,448,7.4,11.3,80.0,54.0,0.0,88,12.8,39,16.1,335,0
2026-01-23 02:00:00,46.0,19.8,202.0,448,7.1,10.3,77.0,46.0,0.0,86,12.4,39,16.6,338,0
2026-01-23 03:00:00,42.6,18.5,188.0,448,5.9,10.2,75.0,48.0,0.0,85,12.1,41,16.5,340,0
2026-01-23 04:00:00,46.6,18.3,180.0,448,5.1,10.6,72.0,60.0,0.0,84,11.5,44,14.3,343,0
2026-01-23 05:00:00,65.2,20.1,210.0,449,6.0,11.1,68.0,80.0,0.0,83,10.7,50,13.1,342,0
2026-01-23 06:00:00,111.3,27.5,320.0,451,11.5,11.2,60.0,133.0,0.0,82,10.4,51,13.5,337,0
2026-01-23 07:00:00,161.1,37.3,466.0,453,19.0,11.4,49.0,205.0,0.0,81,10.0,53,13.5,330,0
2026-01-23 08:00:00,195.6,47.3,549.0,454,23.2,12.1,44.0,262.0,0.25,80,9.8,54,14.8,330,0
2026-01-23 09:00:00,235.6,53.7,505.0,453,21.0,13.5,52.0,291.0,1.05,79,10.8,51,13.0,336,0
2026-01-23 10:00:00,247.7,52.7,397.0,450,15.6,15.3,66.0,304.0,2.55,80,12.9,40,12.8,338,0
2026-01-23 11:00:00,214.2,47.7,312.0,448,11.1,17.1,79.0,298.0,4.2,82,14.9,34,11.0,332,0
2026-01-23 12:00:00,173.7,41.2,282.0,447,9.0,18.9,90.0,262.0,5.35,84,16.1,29,12.8,332,0
2026-01-23 13:00:00,143.9,36.4,274.0,446,7.9,20.8,101.0,207.0,5.5,86,16.8,28,13.3,327,0
2026-01-23 14:00:00,124.3,33.1,282.0,446,7.8,22.5,108.0,165.0,4.55,87,17.2,30,11.8,321,0
2026-01-23 15:00:00,118.0,32.2,299.0,446,7.6,24.2,110.0,153.0,2.95,88,17.5,29,10.5,311,8
2026-01-23 16:00:00,115.7,32.0,332.0,446,8.3,25.6,109.0,154.0,1.35,89,17.1,32,10.9,304,0
2026-01-23 17:00:00,115.3,32.6,388.0,447,12.4,25.1,102.0,149.0,0.35,91,16.4,38,10.8,296,57
2026-01-23 18:00:00,98.3,35.3,492.0,449,23.5,23.1,83.0,125.0,0.0,92,15.3,46,10.8,298,27
2026-01-23 19:00:00,85.2,37.3,620.0,451,38.9,20.3,56.0,92.0,0.0,93,14.5,49,9.7,313,20
2026-01-23 20:00:00,74.7,36.2,708.0,453,50.7,18.4,35.0,68.0,0.0,94,14.1,50,6.8,323,5
2026-01-23 21:00:00,71.2,35.5,728.0,455,55.7,18.4,25.0,62.0,0.0,94,14.1,50,5.5,319,3
2026-01-23 22:00:00,74.5,37.6,708.0,456,57.1,19.2,20.0,66.0,0.0,95,13.6,54,4.2,340,23
2026-01-23 23:00:00,81.3,41.4,667.0,457,57.1,19.4,17.0,70.0,0.0,96,12.1,60,3.8,8,37
2026-01-24 00:00:00,88.2,44.2,601.0,457,56.5,18.1,14.0,72.0,0.0,97,12.4,58,3.6,30,48
2026-01-24 01:00:00,90.1,44.1,513.0,456,54.5,16.1,12.0,75.0,0.0,99,12.2,56,6.1,40,9
2026-01-24 02:00:00,88.0,41.9,433.0,455,50.3,14.4,13.0,80.0,0.0,101,11.9,55,5.9,35,24
2026-01-24 03:00:00,87.3,38.8,346.0,454,41.9,13.4,19.0,90.0,0.0,103,11.2,57,6.6,55,45
2026-01-24 04:00:00,88.2,35.9,267.0,454,31.2,12.7,27.0,101.0,0.0,105,10.6,59,7.8,56,38
2026-01-24 05:00:00,89.4,33.5,266.0,454,27.3,11.8,27.0,97.0,0.0,107,9.7,60,8.7,53,34
2026-01-24 06:00:00,87.8,32.0,421.0,455,28.4,12.3,26.0,89.0,0.0,109,9.2,56,10.5,53,8
2026-01-24 07:00:00,83.8,32.7,655.0,457,29.7,12.9,27.0,79.0,0.0,109,9.9,50,12.2,65,9
2026-01-24 08:00:00,74.5,34.9,807.0,458,29.1,13.2,33.0,68.0,0.25,109,10.6,47,12.5,63,42
2026-01-24 09:00:00,58.0,35.0,798.0,458,24.8,12.9,51.0,58.0,1.1,107,12.1,45,12.5,63,57
2026-01-24 10:00:00,50.8,29.0,706.0,457,18.6,12.2,76.0,49.0,2.6,105,14.3,45,12.2,65,13
2026-01-24 11:00:00,46.8,22.8,606.0,455,13.2,11.4,96.0,41.0,4.3,103,16.5,41,12.7,65,55
2026-01-24 12:00:00,37.5,17.2,503.0,453,9.5,10.4,109.0,36.0,5.45,100,18.1,28,15.8,71,70
2026-01-24 13:00:00,32.8,14.9,391.0,450,6.6,9.3,118.0,33.0,5.5,98,18.9,25,16.5,66,81
2026-01-24 14:00:00,33.2,15.3,330.0,448,5.1,8.7,123.0,31.0,4.35,96,19.4,26,16.2,66,100
2026-01-24 15:00:00,34.1,16.2,354.0,448,5.2,8.9,124.0,30.0,2.75,95,19.5,26,16.3,63,100
2026-01-24 16:00:00,34.8,16.9,429.0,449,6.8,9.7,122.0,30.0,1.25,93,19.4,26,15.7,58,97
2026-01-24 17:00:00,33.8,17.2,506.0,450,9.7,10.5,112.0,29.0,0.35,92,18.8,29,15.3,56,100
2026-01-24 18:00:00,29.6,18.8,586.0,451,14.6,10.7,99.0,25.0,0.0,91,17.9,32,14.5,56,100
2026-01-24 19:00:00,28.5,19.6,669.0,452,21.2,11.0,82.0,18.0,0.0,89,16.9,37,14.7,57,99
2026-01-24 20:00:00,25.3,17.9,703.0,452,24.9,11.1,69.0,13.0,0.0,88,16.1,39,14.7,54,84
2026-01-24 21:00:00,21.7,16.1,647.0,451,22.9,10.8,66.0,9.0,0.0,86,15.4,41,15.0,53,98
2026-01-24 22:00:00,18.7,14.8,543.0,450,17.9,10.2,67.0,7.0,0.0,84,14.7,43,15.3,51,100
2026-01-24 23:00:00,17.0,14.1,458.0,449,13.4,9.7,70.0,5.0,0.0,82,14.4,42,16.9,52,99
2026-01-25 00:00:00,16.6,14.0,420.0,448,10.4,9.1,73.0,4.0,0.0,80,14.1,42,17.5,50,100
2026-01-25 01:00:00,17.2,14.6,402.0,448,7.9,8.5,76.0,4.0,0.0,77,13.8,43,17.5,50,100
2026-01-25 02:00:00,18.2,15.9,393.0,448,6.0,8.2,79.0,4.0,0.0,74,13.5,44,17.1,52,100
2026-01-25 03:00:00,19.3,17.4,381.0,448,4.7,8.3,81.0,4.0,0.0,72,13.1,45,16.9,52,99
2026-01-25 04:00:00,20.9,18.9,379.0,448,4.1,8.7,82.0,5.0,0.0,70,12.8,45,16.6,51,100
2026-01-25 05:00:00,22.8,20.0,414.0,448,4.6,9.0,83.0,5.0,0.0,69,12.4,47,16.9,54,100
2026-01-25 06:00:00,25.1,21.7,528.0,449,7.7,9.5,79.0,6.0,0.0,68,12.3,47,16.5,55,100
2026-01-25 07:00:00,28.1,24.2,679.0,450,11.9,10.1,73.0,7.0,0.0,67,12.1,47,16.4,55,100
2026-01-25 08:00:00,31.1,26.7,769.0,451,14.3,10.7,72.0,8.0,0.25,66,11.9,48,16.1,57,100
2026-01-25 09:00:00,32.2,27.6,744.0,450,13.1,11.1,77.0,9.0,1.0,65,12.9,46,15.1,55,100
2026-01-25 10:00:00,32.2,26.1,658.0,449,10.2,11.4,86.0,11.0,2.4,65,14.4,42,15.4,56,99
2026-01-25 11:00:00,28.7,22.4,578.0,448,7.7,11.6,96.0,11.0,4.05,64,16.1,36,17.7,57,100
2026-01-25 12:00:00,25.2,19.7,517.0,447,6.3,11.4,107.0,10.0,5.1,64,17.8,29,17.6,58,100
2026-01-25 13:00:00,22.2,17.6,463.0,447,5.5,11.1,118.0,8.0,5.4,64,18.8,24,17.2,60,100
2026-01-25 14:00:00,20.5,16.5,440.0,447,5.4,10.9,125.0,7.0,4.6,65,19.8,22,16.6,63,100
2026-01-25 15:00:00,19.7,16.2,464.0,447,6.0,11.0,127.0,6.0,2.95,65,20.3,21,15.6,66,100
2026-01-25 16:00:00,19.2,15.8,520.0,448,7.4,11.3,124.0,6.0,1.35,65,20.4,22,14.4,64,100
2026-01-25 17:00:00,20.6,18.5,591.0,449,11.1,12.5,117.0,4.0,0.35,65,19.8,25,13.4,59,100
2026-01-25 18:00:00,23.6,21.8,697.0,450,17.1,12.6,103.0,4.0,0.0,65,18.8,29,12.3,60,100
2026-01-25 19:00:00,25.6,23.9,819.0,452,25.2,12.7,84.0,3.0,0.0,65,18.0,32,11.9,56,97
2026-01-25 20:00:00,24.6,22.9,882.0,453,30.2,12.9,70.0,3.0,0.0,65,17.1,36,12.1,50,100
2026-01-25 21:00:00,23.4,21.7,840.0,453,29.2,13.2,65.0,3.0,0.0,66,16.3,40,11.9,55,100
2026-01-25 22:00:00,23.2,21.5,738.0,452,25.0,13.7,66.0,3.0,0.0,66,15.5,43,11.8,54,88
2026-01-25 23:00:00,23.9,22.1,638.0,451,20.7,14.2,68.0,3.0,0.0,67,15.1,45,13.0,52,91
2026-01-26 00:00:00,24.8,22.9,552.0,450,17.1,14.8,71.0,3.0,0.0,68,14.7,46,12.8,55,99
2026-01-26 01:00:00,25.3,23.2,467.0,448,13.4,15.4,76.0,4.0,0.0,68,14.4,46,13.7,55,96
2026-01-26 02:00:00,25.8,23.7,406.0,447,10.3,16.1,81.0,4.0,0.0,69,14.2,46,13.4,54,99
2026-01-26 03:00:00,26.3,24.3,374.0,447,7.7,17.0,86.0,4.0,0.0,70,14.1,46,13.3,55,41
2026-01-26 04:00:00,26.6,24.8,366.0,448,5.8,17.9,90.0,3.0,0.0,71,13.9,46,13.4,61,23
2026-01-26 05:00:00,25.3,24.3,395.0,449,6.1,17.9,89.0,2.0,0.0,71,13.6,47,13.6,64,100
2026-01-26 06:00:00,25.5,24.7,494.0,450,11.0,18.2,82.0,2.0,0.0,71,13.9,46,13.5,57,78
2026-01-26 07:00:00,26.5,26.0,630.0,452,17.6,18.7,72.0,1.0,0.0,72,13.8,47,14.0,52,77
2026-01-26 08:00:00,29.2,28.7,710.0,453,21.2,19.3,70.0,1.0,0.2,72,14.2,45,13.6,48,42
2026-01-26 09:00:00,30.0,29.5,681.0,452,19.1,20.2,81.0,1.0,0.95,72,15.3,43,11.6,49,46
2026-01-26 10:00:00,26.0,25.2,597.0,451,14.0,21.2,99.0,2.0,2.45,72,17.0,39,12.9,49,31
2026-01-26 11:00:00,22.9,21.4,528.0,450,9.9,21.5,115.0,3.0,4.1,72,18.3,36,15.6,64,61
2026-01-26 12:00:00,22.2,19.0,494.0,449,7.9,20.2,128.0,4.0,5.15,72,19.5,31,14.9,75,91
2026-01-26 13:00:00,22.4,18.9,474.0,449,6.8,18.2,139.0,5.0,4.6,72,19.8,28,11.8,73,48
2026-01-26 14:00:00,23.0,20.0,476.0,449,6.7,17.2,146.0,5.0,4.05,72,21.3,25,9.3,65,63
2026-01-26 15:00:00,24.2,21.5,507.0,449,6.9,18.2,151.0,5.0,2.85,72,21.6,25,7.6,62,12
2026-01-26 16:00:00,25.0,22.6,559.0,450,8.1,20.1,153.0,5.0,1.25,73,21.5,25,6.8,61,8
2026-01-26 17:00:00,22.4,19.6,623.0,451,13.6,23.1,147.0,5.0,0.35,82,21.3,25,5.6,50,3
2026-01-26 18:00:00,33.8,31.8,717.0,453,39.0,24.5,110.0,4.0,0.0,96,20.5,26,6.0,21,12
2026-01-26 19:00:00,53.2,52.0,823.0,455,73.0,26.4,60.0,2.0,0.0,98,19.6,28,7.9,16,3
2026-01-26 20:00:00,46.7,46.4,870.0,456,90.5,27.2,28.0,1.0,0.0,86,18.7,32,10.6,51,2
2026-01-26 21:00:00,29.3,29.3,815.0,456,75.6,25.9,33.0,0.0,0.0,79,17.3,37,11.2,55,0
2026-01-26 22:00:00,19.0,18.9,702.0,455,44.2,23.6,57.0,0.0,0.0,80,16.1,41,11.2,45,73
2026-01-26 23:00:00,14.6,13.9,589.0,454,19.7,21.3,75.0,1.0,0.0,80,15.9,42,11.3,48,80
2026-01-27 00:00:00,13.4,11.9,490.0,453,11.7,19.5,77.0,3.0,0.0,79,15.9,41,9.3,44,37
2026-01-27 01:00:00,14.0,11.2,392.0,451,10.6,17.7,74.0,5.0,0.0,78,15.6,40,10.8,37,77
2026-01-27 02:00:00,15.6,11.5,317.0,450,10.1,16.3,71.0,7.0,0.0,77,15.7,39,9.9,42,74
2026-01-27 03:00:00,18.0,12.5,255.0,449,7.7,15.1,72.0,9.0,0.0,76,15.6,39,10.4,45,84
2026-01-27 04:00:00,20.4,13.7,215.0,449,6.1,14.3,74.0,12.0,0.0,75,15.3,41,10.9,38,13
2026-01-27 05:00:00,21.1,14.5,249.0,449,8.0,14.5,69.0,12.0,0.0,74,15.1,43,11.5,35,10
2026-01-27 06:00:00,22.7,15.8,422.0,451,15.6,15.0,59.0,12.0,0.0,73,14.1,49,10.4,37,15
2026-01-27 07:00:00,25.5,18.6,669.0,455,26.0,16.0,45.0,11.0,0.0,72,13.5,51,9.4,32,7
2026-01-27 08:00:00,31.2,24.8,841.0,457,32.2,18.1,42.0,11.0,0.25,71,13.4,51,9.2,33,3
2026-01-27 09:00:00,32.6,26.3,877.0,457,30.6,22.4,57.0,10.0,1.2,71,14.5,47,6.4,32,1
2026-01-27 10:00:00,30.6,24.1,838.0,456,25.0,27.9,83.0,10.0,2.75,71,16.8,41,5.0,30,0
2026-01-27 11:00:00,26.9,21.6,757.0,454,19.4,32.5,105.0,10.0,4.55,71,19.5,32,4.4,30,0
2026-01-27 12:00:00,21.9,17.2,612.0,452,14.9,35.6,122.0,11.0,5.7,71,21.0,25,4.5,344,0
2026-01-27 13:00:00,23.6,17.5,425.0,449,10.5,37.7,135.0,13.0,5.8,70,22.1,23,6.2,300,0
2026-01-27 14:00:00,26.4,18.8,300.0,447,7.7,38.3,143.0,14.0,4.8,70,22.6,22,9.1,288,0
2026-01-27 15:00:00,27.5,19.3,258.0,446,5.8,36.7,144.0,15.0,3.15,70,22.5,24,11.9,300,0
2026-01-27 16:00:00,27.2,18.8,277.0,445,5.5,33.6,139.0,15.0,1.5,70,21.9,27,12.6,304,0
2026-01-27 17:00:00,14.2,12.9,399.0,447,10.6,33.3,135.0,2.0,0.4,70,21.5,27,11.0,294,0
2026-01-27 18:00:00,18.3,16.5,678.0,452,24.6,31.9,110.0,2.0,0.0,81,20.3,33,9.4,281,0
2026-01-27 19:00:00,26.4,24.7,1059.0,458,43.8,29.8,76.0,3.0,0.0,86,19.1,43,8.3,283,0
2026-01-27 20:00:00,27.2,25.3,1421.0,465,57.8,28.0,50.0,3.0,0.0,80,18.5,50,6.9,295,0
2026-01-27 21:00:00,27.2,24.9,1765.0,473,61.1,26.8,42.0,4.0,0.0,65,18.1,53,4.2,306,0
2026-01-27 22:00:00,29.7,26.9,2090.0,480,59.1,25.9,42.0,4.0,0.0,63,17.4,59,1.3,34,0
2026-01-27 23:00:00,33.4,30.0,2275.0,486,57.9,24.7,40.0,5.0,0.0,64,16.7,62,0.3,45,0
2026-01-28 00:00:00,37.6,33.2,2272.0,489,60.9,23.1,32.0,5.0,0.0,65,17.1,62,0.2,360,0
2026-01-28 01:00:00,42.8,37.3,2130.0,489,64.5,21.3,23.0,5.0,0.0,67,16.8,62,1.7,58,0
2026-01-28 02:00:00,44.8,40.6,1873.0,486,64.3,19.7,17.0,5.0,0.0,69,17.0,56,4.0,80,0
2026-01-28 03:00:00,42.0,39.9,1387.0,478,56.4,18.3,18.0,5.0,0.0,72,16.0,59,8.3,88,18
2026-01-28 04:00:00,40.4,38.3,786.0,467,44.7,17.1,23.0,4.0,0.0,74,14.9,60,7.3,54,53
2026-01-28 05:00:00,41.1,39.6,436.0,459,41.8,16.9,21.0,2.0,0.0,77,14.6,53,8.5,63,100
2026-01-28 06:00:00,40.7,38.6,584.0,459,42.4,17.3,20.0,3.0,0.0,79,14.4,53,8.1,65,100
2026-01-28 07:00:00,42.7,40.3,982.0,463,42.8,17.9,20.0,4.0,0.0,81,14.0,55,9.1,65,16
2026-01-28 08:00:00,47.3,44.6,1253.0,465,40.4,19.4,28.0,5.0,0.25,83,13.9,56,9.0,68,2
2026-01-28 09:00:00,47.1,45.1,1233.0,463,32.7,22.6,52.0,6.0,1.2,85,15.4,52,7.9,60,0
2026-01-28 10:00:00,34.9,32.1,1085.0,459,22.1,26.5,84.0,6.0,2.85,86,18.1,43,8.3,76,0
2026-01-28 11:00:00,25.3,21.5,922.0,455,13.8,29.0,110.0,7.0,4.6,87,20.7,37,9.7,101,0
2026-01-28 12:00:00,25.7,19.5,753.0,452,9.6,28.6,124.0,8.0,5.8,87,22.0,34,8.1,114,0
2026-01-28 13:00:00,25.3,19.3,570.0,450,7.5,26.7,131.0,9.0,5.9,87,22.9,31,6.7,134,3
2026-01-28 14:00:00,25.7,20.4,459.0,449,6.8,25.6,136.0,10.0,4.85,87,23.4,29,7.0,157,0
2026-01-28 15:00:00,26.4,21.5,459.0,449,4.3,26.2,144.0,10.0,3.15,87,23.5,29,7.9,177,23
2026-01-28 16:00:00,27.2,22.5,530.0,449,3.2,27.5,150.0,9.0,1.45,88,23.1,31,8.8,197,39
2026-01-28 17:00:00,17.1,16.5,648.0,451,11.5,29.9,142.0,1.0,0.4,88,22.4,37,10.5,215,27
2026-01-28 18:00:00,20.7,19.2,841.0,455,36.9,29.6,108.0,2.0,0.0,88,21.2,41,9.9,249,70
2026-01-28 19:00:00,41.1,38.8,1080.0,460,71.7,29.2,60.0,4.0,0.0,89,20.3,44,8.5,305,89
2026-01-28 20:00:00,47.4,43.8,1247.0,464,96.7,29.4,25.0,6.0,0.0,90,19.5,49,7.0,334,43
2026-01-28 21:00:00,52.5,47.6,1293.0,466,102.7,31.4,13.0,7.0,0.0,91,18.8,54,5.5,333,98
2026-01-28 22:00:00,60.5,54.4,1266.0,467,98.9,34.0,14.0,7.0,0.0,93,18.0,60,6.3,336,84
2026-01-28 23:00:00,64.3,59.8,1194.0,468,92.8,34.3,15.0,7.0,0.0,96,17.4,64,5.3,350,90
2026-01-29 00:00:00,56.5,53.8,1065.0,468,86.8,30.2,14.0,6.0,0.0,98,17.3,65,6.5,3,85
2026-01-29 01:00:00,48.4,46.0,892.0,468,78.7,23.8,13.0,5.0,0.0,100,16.6,67,7.2,25,92
2026-01-29 02:00:00,42.1,39.7,736.0,467,69.2,18.5,15.0,4.0,0.0,101,16.1,70,7.0,40,98
2026-01-29 03:00:00,37.5,34.6,585.0,464,56.8,15.6,21.0,5.0,0.0,101,15.5,70,7.2,58,100
2026-01-29 04:00:00,34.2,30.9,452.0,460,43.1,13.8,29.0,6.0,0.0,101,15.4,60,7.2,58,100
2026-01-29 05:00:00,32.0,28.6,436.0,458,34.4,12.9,34.0,6.0,0.0,100,15.1,52,8.3,56,100
2026-01-29 06:00:00,30.7,27.0,655.0,460,37.1,13.1,29.0,6.0,0.0,99,14.5,53,8.3,42,100
2026-01-29 07:00:00,32.1,27.9,991.0,463,40.5,13.5,24.0,6.0,0.0,98,13.9,55,8.6,31,100
2026-01-29 08:00:00,36.4,32.0,1196.0,465,40.1,14.0,28.0,8.0,0.25,97,13.9,56,8.8,28,100
2026-01-29 09:00:00,35.5,32.0,1140.0,463,32.3,14.7,49.0,16.0,1.2,96,15.4,51,8.7,38,99
2026-01-29 10:00:00,29.2,22.9,953.0,459,20.8,15.5,79.0,26.0,2.85,94,18.3,42,7.4,49,100
2026-01-29 11:00:00,35.3,17.4,772.0,455,11.7,16.1,104.0,33.0,4.55,94,20.8,35,8.5,66,100
2026-01-29 12:00:00,38.5,16.3,625.0,452,7.5,16.1,118.0,35.0,5.45,93,22.2,30,8.0,82,100
2026-01-29 13:00:00,36.8,16.5,483.0,450,5.7,15.9,128.0,35.0,5.5,93,23.0,28,7.6,90,100
2026-01-29 14:00:00,34.6,16.7,402.0,448,5.2,15.7,133.0,33.0,4.45,93,23.5,27,7.4,93,100
2026-01-29 15:00:00,32.0,16.7,407.0,448,5.0,15.7,136.0,29.0,2.8,92,23.6,27,6.7,98,100
2026-01-29 16:00:00,29.6,16.6,472.0,449,6.0,15.8,135.0,24.0,1.35,92,23.6,27,6.1,92,100
2026-01-29 17:00:00,28.0,16.1,573.0,450,9.7,15.4,130.0,22.0,0.4,91,23.5,28,7.7,78,98
2026-01-29 18:00:00,26.2,18.5,746.0,453,20.2,15.3,110.0,17.0,0.0,91,22.9,29,6.9,62,100
2026-01-29 19:00:00,28.6,24.0,955.0,456,34.3,15.1,83.0,10.0,0.0,91,21.9,32,7.1,34,100
2026-01-29 20:00:00,25.7,22.8,1065.0,458,42.4,14.7,64.0,5.0,0.0,90,21.0,34,9.2,42,100
2026-01-29 21:00:00,21.4,19.6,991.0,458,38.9,14.0,61.0,3.0,0.0,88,20.3,38,11.0,50,98
2026-01-29 22:00:00,18.4,17.2,818.0,456,29.5,13.1,65.0,2.0,0.0,86,19.5,41,11.6,44,99
2026-01-29 23:00:00,17.5,16.8,661.0,455,21.5,12.3,69.0,1.0,0.0,82,18.5,45,11.6,36,77
2026-01-30 00:00:00,17.2,16.7,559.0,454,17.7,11.7,69.0,1.0,0.0,79,17.8,49,11.3,29,33
2026-01-30 01:00:00,16.8,16.5,473.0,452,15.3,11.1,68.0,1.0,0.0,75,17.1,52,11.6,28,34
2026-01-30 02:00:00,16.5,16.2,410.0,451,13.1,10.7,69.0,1.0,0.0,73,16.6,53,11.7,27,24
2026-01-30 03:00:00,16.8,16.4,356.0,450,10.1,10.4,72.0,2.0,0.0,71,16.1,55,11.7,29,53
2026-01-30 04:00:00,17.7,16.8,323.0,450,7.4,10.3,77.0,3.0,0.0,69,15.9,55,11.8,31,32
2026-01-30 05:00:00,20.0,18.0,358.0,450,8.3,10.7,74.0,4.0,0.0,68,15.7,55,11.7,29,98
2026-01-30 06:00:00,21.1,18.5,529.0,452,13.0,11.3,69.0,4.0,0.0,67,15.6,55,11.2,30,52
2026-01-30 07:00:00,24.5,20.6,768.0,455,19.4,12.3,63.0,6.0,0.0,66,15.4,55,11.0,30,0
2026-01-30 08:00:00,29.6,24.6,907.0,457,22.9,13.5,63.0,9.0,0.3,65,15.5,55,10.7,29,0
2026-01-30 09:00:00,32.4,27.5,852.0,456,20.9,15.3,74.0,18.0,1.25,65,17.0,50,9.2,31,0
2026-01-30 10:00:00,34.1,26.4,698.0,453,15.9,17.5,92.0,29.0,2.9,64,19.5,42,8.6,30,0
2026-01-30 11:00:00,39.1,19.3,567.0,451,11.6,19.0,109.0,36.0,4.75,65,21.9,35,8.7,45,0
2026-01-30 12:00:00,34.7,14.6,496.0,450,8.7,19.3,124.0,35.0,6.0,65,23.2,29,5.0,49,0
2026-01-30 13:00:00,30.4,14.9,446.0,449,6.4,18.9,137.0,30.0,6.1,65,24.0,26,2.6,39,0
2026-01-30 14:00:00,29.3,16.0,429.0,449,5.4,19.1,147.0,25.0,5.0,65,24.5,25,1.7,212,0
2026-01-30 15:00:00,29.7,17.3,445.0,449,3.3,20.6,156.0,23.0,3.25,64,24.5,26,6.2,206,0
2026-01-30 16:00:00,30.3,18.5,492.0,450,2.4,22.6,161.0,22.0,1.55,65,24.3,29,8.7,214,0
2026-01-30 17:00:00,29.2,17.2,575.0,451,10.5,25.0,153.0,22.0,0.4,79,23.4,34,10.6,246,0
2026-01-30 18:00:00,33.5,22.2,703.0,453,37.9,25.3,114.0,21.0,0.0,96,22.0,38,12.3,260,0
2026-01-30 19:00:00,49.4,39.8,866.0,456,75.3,25.6,60.0,20.0,0.0,101,20.8,43,10.5,277,0
2026-01-30 20:00:00,52.0,42.3,1047.0,460,101.0,25.8,20.0,18.0,0.0,90,19.9,48,10.1,303,0
2026-01-30 21:00:00,50.5,41.3,1298.0,466,104.0,25.8,10.0,15.0,0.0,68,19.2,51,7.8,318,0
2026-01-30 22:00:00,50.1,42.6,1565.0,474,95.4,25.7,14.0,11.0,0.0,70,18.8,52,6.7,354,0
2026-01-30 23:00:00,51.5,47.0,1669.0,478,86.5,24.7,18.0,8.0,0.0,72,18.4,52,5.9,27,5
2026-01-31 00:00:00,48.4,46.1,1478.0,476,81.7,22.3,17.0,5.0,0.0,75,18.2,47,7.2,39,14
2026-01-31 01:00:00,44.2,43.1,1123.0,471,76.5,19.2,17.0,3.0,0.0,78,17.6,46,6.9,30,0
2026-01-31 02:00:00,40.0,39.3,817.0,466,69.3,16.6,19.0,1.0,0.0,80,16.6,50,7.7,24,0
2026-01-31 03:00:00,38.1,37.4,600.0,463,57.0,14.9,25.0,1.0,0.0,82,15.9,54,7.8,22,0
2026-01-31 04:00:00,36.8,36.1,432.0,461,42.5,13.7,34.0,1.0,0.0,84,15.5,56,7.8,29,0
2026-01-31 05:00:00,36.6,35.7,401.0,461,36.3,12.9,33.0,2.0,0.0,86,15.2,57,8.9,25,0
2026-01-31 06:00:00,36.7,35.6,621.0,463,39.5,13.5,27.0,2.0,0.0,87,14.9,58,8.7,24,0
2026-01-31 07:00:00,39.5,38.2,978.0,467,43.5,14.6,20.0,2.0,0.0,89,14.8,59,8.2,26,0
2026-01-31 08:00:00,45.5,44.1,1220.0,469,43.7,17.2,25.0,3.0,0.25,90,14.8,59,8.2,33,0
2026-01-31 09:00:00,47.8,46.1,1231.0,467,36.5,22.7,52.0,4.0,1.2,92,16.4,53,7.6,36,0
2026-01-31 10:00:00,42.1,38.9,1125.0,463,25.4,29.8,91.0,6.0,2.75,94,19.5,43,5.0,52,0
2026-01-31 11:00:00,33.6,29.6,997.0,459,16.5,34.9,124.0,8.0,4.45,95,22.0,33,4.6,72,0
2026-01-31 12:00:00,33.9,27.5,858.0,456,11.9,36.3,144.0,12.0,5.65,96,23.5,29,1.1,108,0
2026-01-31 13:00:00,37.1,27.8,695.0,454,9.5,35.8,157.0,18.0,5.7,97,24.5,27,2.5,201,0
2026-01-31 14:00:00,41.3,29.7,565.0,452,8.4,35.4,167.0,22.0,4.7,98,24.9,28,7.3,216,0
2026-01-31 15:00:00,44.6,31.7,469.0,450,8.2,36.3,176.0,24.0,3.0,99,24.5,36,12.1,232,0
2026-01-31 16:00:00,46.3,32.7,407.0,449,9.3,37.2,181.0,25.0,1.4,101,24.1,40,12.7,254,0
2026-01-31 17:00:00,37.5,25.3,429.0,449,11.5,33.9,173.0,22.0,0.4,102,23.2,43,12.1,269,0
2026-01-31 18:00:00,38.9,27.4,602.0,452,18.9,30.5,148.0,21.0,0.0,125,22.0,51,11.0,281,0
2026-01-31 19:00:00,41.6,31.9,860.0,457,29.2,25.7,113.0,19.0,0.0,137,20.9,60,9.0,286,0
2026-01-31 20:00:00,42.6,31.7,1057.0,461,36.7,21.6,85.0,19.0,0.0,134,20.1,66,7.2,292,0
2026-01-31 21:00:00,44.9,31.7,1141.0,465,38.7,19.1,70.0,21.0,0.0,122,19.7,70,6.4,306,0
2026-01-31 22:00:00,47.8,32.9,1165.0,468,38.0,17.3,61.0,25.0,0.0,103,19.3,73,6.6,315,0
2026-01-31 23:00:00,50.6,35.2,1138.0,470,37.2,15.8,54.0,27.0,0.0,100,18.8,76,5.1,333,0
2026-02-01 00:00:00,51.3,36.4,1046.0,470,37.6,14.4,46.0,26.0,0.0,99,18.5,77,5.5,343,0
2026-02-01 01:00:00,50.4,36.8,903.0,469,37.9,13.2,38.0,23.0,0.0,98,18.1,80,5.5,343,0
2026-02-01 02:00:00,48.9,36.3,763.0,467,37.3,12.4,33.0,21.0,0.0,97,17.6,82,5.6,358,0
2026-02-01 03:00:00,47.8,36.1,595.0,465,34.2,11.8,31.0,20.0,0.0,97,17.3,83,5.8,5,0
2026-02-01 04:00:00,47.3,35.5,429.0,463,30.0,11.5,31.0,20.0,0.0,97,17.1,84,5.4,14,1
2026-02-01 05:00:00,46.4,33.6,407.0,463,28.6,11.0,26.0,21.0,0.0,97,16.5,86,5.5,41,0
2026-02-01 06:00:00,45.1,33.9,673.0,466,34.2,12.3,20.0,19.0,0.0,97,16.2,85,6.4,43,1
2026-02-01 07:00:00,48.1,36.3,1084.0,471,41.5,14.3,13.0,18.0,0.0,96,16.1,85,6.7,36,1
2026-02-01 08:00:00,55.9,43.5,1353.0,473,44.1,16.6,16.0,21.0,0.25,96,16.5,81,6.7,24,0
2026-02-01 09:00:00,55.8,41.0,1331.0,470,37.8,19.8,39.0,33.0,1.2,96,18.4,71,6.1,14,0
2026-02-01 10:00:00,61.2,31.9,1167.0,465,26.9,23.5,72.0,50.0,2.8,96,21.1,56,3.9,37,0
2026-02-01 11:00:00,63.6,27.4,1016.0,461,17.7,25.8,101.0,62.0,4.55,95,22.8,53,1.8,90,0
2026-02-01 12:00:00,61.0,25.1,940.0,459,12.2,25.6,121.0,63.0,5.8,95,24.3,46,2.3,162,0
2026-02-01 13:00:00,56.7,23.4,877.0,457,8.4,24.0,138.0,59.0,5.9,95,25.1,43,4.6,189,0
2026-02-01 14:00:00,52.9,22.6,802.0,456,6.5,23.0,148.0,55.0,4.85,94,25.5,45,8.2,203,0
2026-02-01 15:00:00,51.6,23.7,671.0,453,6.4,23.7,153.0,52.0,3.1,94,25.1,55,12.1,217,5
2026-02-01 16:00:00,51.1,24.7,526.0,451,8.3,24.9,153.0,48.0,1.45,93,24.5,57,12.7,232,7
2026-02-01 17:00:00,55.2,27.6,472.0,450,11.2,26.8,151.0,50.0,0.4,92,23.5,58,10.3,251,11
2026-02-01 18:00:00,49.0,27.8,584.0,452,19.6,24.1,125.0,43.0,0.0,92,22.9,62,8.1,271,0
2026-02-01 19:00:00,44.9,29.3,785.0,456,31.3,20.4,90.0,33.0,0.0,98,21.8,71,7.8,274,0
2026-02-01 20:00:00,42.0,27.5,953.0,460,40.5,17.6,61.0,25.0,0.0,96,21.1,77,7.5,310,0
2026-02-01 21:00:00,42.1,27.7,1062.0,464,44.8,16.6,46.0,22.0,0.0,92,20.8,79,7.1,326,0
2026-02-01 22:00:00,43.1,29.2,1137.0,467,46.7,16.4,39.0,22.0,0.0,92,20.4,83,6.8,338,0
2026-02-01 23:00:00,44.7,32.1,1127.0,469,47.6,16.1,33.0,21.0,0.0,91,19.8,84,6.2,348,0
2026-02-02 00:00:00,45.9,34.7,968.0,469,48.1,15.2,27.0,19.0,0.0,91,19.5,83,8.5,354,0
2026-02-02 01:00:00,45.2,35.0,724.0,467,47.6,14.2,24.0,17.0,0.0,91,19.1,80,8.5,6,0
2026-02-02 02:00:00,43.8,34.5,536.0,465,45.8,13.3,22.0,15.0,0.0,91,18.8,76,8.4,7,0
2026-02-02 03:00:00,42.5,34.2,444.0,464,41.4,12.5,22.0,14.0,0.0,90,18.3,72,8.6,16,4
2026-02-02 04:00:00,42.7,35.0,409.0,462,35.7,12.0,24.0,13.0,0.0,90,17.6,68,8.4,19,0
2026-02-02 05:00:00,42.8,35.6,453.0,461,34.3,12.0,24.0,13.0,0.0,90,17.0,69,8.3,24,0
2026-02-02 06:00:00,42.7,35.4,652.0,461,36.1,12.9,24.0,13.0,0.0,90,17.0,64,8.7,27,0
2026-02-02 07:00:00,45.3,37.3,930.0,462,38.4,14.2,25.0,14.0,0.0,91,17.0,63,9.1,21,0
2026-02-02 08:00:00,51.8,42.3,1085.0,461,37.6,15.4,33.0,17.0,0.25,91,17.4,61,9.6,26,0
2026-02-02 09:00:00,54.1,44.7,997.0,458,31.3,16.8,56.0,26.0,1.15,91,19.5,53,8.9,28,0
2026-02-02 10:00:00,61.7,43.0,786.0,453,22.0,18.1,87.0,37.0,2.7,91,22.5,42,8.6,36,0
2026-02-02 11:00:00,62.9,38.1,605.0,450,14.2,18.5,111.0,46.0,4.35,92,25.0,33,10.6,50,0
2026-02-02 12:00:00,60.5,29.7,499.0,448,9.4,17.0,123.0,51.0,5.55,93,26.5,28,9.2,64,2
2026-02-02 13:00:00,55.5,24.7,424.0,447,6.1,14.6,128.0,54.0,5.6,93,27.2,26,7.0,77,1
2026-02-02 14:00:00,53.6,23.6,399.0,447,4.4,13.1,131.0,56.0,4.65,93,27.5,25,5.5,99,0
2026-02-02 15:00:00,52.6,23.5,429.0,447,2.0,13.3,136.0,57.0,3.0,93,27.5,25,3.4,148,0
2026-02-02 16:00:00,52.0,23.7,509.0,449,1.2,14.4,138.0,56.0,1.4,93,27.1,26,4.6,231,0
2026-02-02 17:00:00,47.7,24.9,648.0,451,8.6,14.6,124.0,43.0,0.4,93,25.5,43,11.5,239,0
2026-02-02 18:00:00,48.0,29.9,897.0,456,34.4,19.5,94.0,39.0,0.0,93,24.7,45,11.2,244,0
2026-02-02 19:00:00,71.2,54.5,1204.0,462,69.4,26.1,54.0,34.0,0.0,93,23.7,47,8.7,263,0
2026-02-02 20:00:00,78.9,63.1,1421.0,466,92.1,29.7,24.0,29.0,0.0,95,23.1,49,5.5,297,0
2026-02-02 21:00:00,73.1,58.9,1493.0,468,90.8,27.5,16.0,25.0,0.0,99,22.6,53,4.1,358,1
2026-02-02 22:00:00,60.5,49.2,1476.0,469,77.2,22.4,18.0,21.0,0.0,102,22.1,49,6.0,44,0
2026-02-02 23:00:00,54.4,43.8,1387.0,468,64.0,17.8,22.0,19.0,0.0,104,21.5,43,5.6,45,0
2026-02-03 00:00:00,53.3,42.4,1192.0,464,55.6,15.0,24.0,19.0,0.0,105,21.0,43,7.3,44,0
2026-02-03 01:00:00,52.9,41.2,926.0,459,47.7,12.8,26.0,21.0,0.0,106,20.2,47,7.9,41,0
2026-02-03 02:00:00,51.9,39.9,711.0,454,40.1,11.2,30.0,22.0,0.0,106,19.5,50,8.6,31,0
2026-02-03 03:00:00,51.2,38.8,573.0,451,31.5,10.3,35.0,23.0,0.0,107,19.0,52,9.1,27,0
2026-02-03 04:00:00,50.4,37.7,486.0,449,23.2,9.9,41.0,24.0,0.0,107,18.5,54,9.7,27,0
2026-02-03 05:00:00,51.0,37.7,499.0,449,18.4,9.7,45.0,24.0,0.0,108,18.2,55,9.2,33,0
2026-02-03 06:00:00,51.8,38.1,698.0,451,22.4,10.5,43.0,22.0,0.0,108,17.9,56,8.8,41,0
2026-02-03 07:00:00,54.2,41.0,996.0,455,27.7,11.6,41.0,20.0,0.0,108,17.5,57,9.3,40,1
2026-02-03 08:00:00,59.3,46.7,1180.0,457,30.0,12.8,46.0,23.0,0.25,109,17.7,57,9.5,44,2
2026-02-03 09:00:00,61.5,50.6,1142.0,455,26.5,14.5,63.0,36.0,1.2,109,19.5,51,8.0,48,15
2026-02-03 10:00:00,67.5,50.4,990.0,452,19.9,16.2,87.0,54.0,2.75,110,22.2,42,7.3,57,13
2026-02-03 11:00:00,81.7,45.2,834.0,449,14.0,17.0,107.0,68.0,4.55,110,24.9,34,9.6,77,22
2026-02-03 12:00:00,88.0,36.4,685.0,447,9.8,15.8,118.0,73.0,5.8,111,26.4,28,9.0,93,42
2026-02-03 13:00:00,74.0,30.0,532.0,446,6.4,13.5,124.0,73.0,5.95,112,27.3,25,6.9,115,44
2026-02-03 14:00:00,64.7,26.8,453.0,446,4.5,12.0,127.0,71.0,4.9,112,27.7,24,4.9,152,2
2026-02-03 15:00:00,59.4,25.2,492.0,446,1.3,11.7,131.0,67.0,3.2,113,27.9,23,5.6,174,0
2026-02-03 16:00:00,56.3,24.6,605.0,447,0.0,12.2,132.0,61.0,1.5,113,27.6,25,7.2,207,0
2026-02-03 17:00:00,50.4,23.1,736.0,449,8.7,13.4,123.0,51.0,0.45,113,26.1,36,10.5,250,0
2026-02-03 18:00:00,54.0,30.6,881.0,452,38.4,17.1,92.0,47.0,0.0,113,24.8,39,10.1,276,0
2026-02-03 19:00:00,77.8,56.8,1044.0,455,79.1,22.3,50.0,40.0,0.0,113,23.7,40,7.8,307,0
2026-02-03 20:00:00,87.8,68.5,1180.0,459,107.5,26.9,19.0,35.0,0.0,113,22.9,44,7.7,329,0
2026-02-03 21:00:00,96.4,75.9,1299.0,463,112.6,30.9,10.0,31.0,0.0,114,22.1,50,8.1,339,0
2026-02-03 22:00:00,100.4,79.9,1391.0,467,105.5,34.3,13.0,28.0,0.0,115,21.9,51,8.5,356,0
2026-02-03 23:00:00,88.9,75.2,1386.0,469,96.3,34.7,16.0,25.0,0.0,119,21.6,50,7.8,13,0
2026-02-04 00:00:00,76.4,65.4,1215.0,468,88.2,29.9,15.0,23.0,0.0,122,21.0,47,9.0,29,0
2026-02-04 01:00:00,65.7,54.7,948.0,465,77.9,22.1,15.0,21.0,0.0,124,20.6,44,6.7,59,0
2026-02-04 02:00:00,56.7,45.5,722.0,462,66.1,15.7,18.0,20.0,0.0,126,20.1,44,5.9,52,0
2026-02-04 03:00:00,49.6,38.3,564.0,459,50.7,12.4,28.0,19.0,0.0,126,19.4,46,7.1,30,0
2026-02-04 04:00:00,44.0,33.3,448.0,455,33.8,10.4,42.0,19.0,0.0,126,18.6,49,8.6,29,0
2026-02-04 05:00:00,40.4,30.5,430.0,453,22.5,9.1,49.0,18.0,0.0,126,18.3,51,8.1,47,0
2026-02-04 06:00:00,38.1,28.7,599.0,454,24.6,9.8,47.0,17.0,0.0,125,18.0,52,8.4,50,0
2026-02-04 07:00:00,38.8,29.7,866.0,457,27.4,10.7,45.0,15.0,0.0,124,17.9,53,9.4,54,0
2026-02-04 08:00:00,42.1,33.3,1019.0,458,27.5,11.6,50.0,16.0,0.3,123,18.4,51,11.0,48,0
2026-02-04 09:00:00,44.0,36.6,943.0,456,22.7,12.5,66.0,22.0,1.25,122,20.5,46,11.6,43,0
2026-02-04 10:00:00,48.9,36.2,753.0,453,15.4,13.3,88.0,31.0,2.95,120,23.6,39,11.1,50,0
2026-02-04 11:00:00,49.7,30.0,587.0,450,9.5,13.6,107.0,37.0,4.85,119,26.2,30,14.0,70,0
2026-02-04 12:00:00,43.0,22.4,485.0,449,6.4,13.0,119.0,36.0,6.1,117,27.5,23,15.1,89,0
2026-02-04 13:00:00,35.9,18.3,406.0,448,4.6,11.9,128.0,33.0,6.25,116,28.1,21,14.5,95,0
2026-02-04 14:00:00,32.5,17.2,362.0,448,3.8,11.0,133.0,29.0,5.2,114,28.5,19,13.5,94,0
2026-02-04 15:00:00,30.4,16.8,357.0,448,3.7,10.6,135.0,26.0,3.45,113,28.7,18,13.1,91,0
2026-02-04 16:00:00,28.8,16.5,387.0,449,4.7,10.3,133.0,24.0,1.65,112,28.6,18,13.0,86,0
2026-02-04 17:00:00,29.2,16.9,450.0,450,7.2,10.4,124.0,23.0,0.5,112,28.1,19,13.4,85,0
2026-02-04 18:00:00,26.3,18.0,579.0,452,13.6,10.6,110.0,19.0,0.0,111,27.4,20,11.1,82,0
2026-02-04 19:00:00,28.2,21.6,741.0,455,22.3,10.8,91.0,15.0,0.0,110,26.4,23,10.8,69,0
2026-02-04 20:00:00,28.6,22.5,831.0,457,27.8,10.9,77.0,11.0,0.0,106,25.2,27,12.0,49,11
2026-02-04 21:00:00,28.8,22.6,790.0,457,27.4,10.8,71.0,10.0,0.0,101,24.1,32,13.4,47,20
2026-02-04 22:00:00,29.7,23.5,677.0,455,23.9,10.5,70.0,11.0,0.0,96,23.2,36,14.3,43,0
2026-02-04 23:00:00,31.3,25.1,572.0,454,20.2,10.4,70.0,11.0,0.0,91,22.5,39,13.9,44,2
2026-02-05 00:00:00,34.1,28.1,497.0,453,17.0,10.4,72.0,10.0,0.0,87,22.0,40,13.5,41,6
2026-02-05 01:00:00,38.9,32.9,429.0,452,13.5,10.6,76.0,10.0,0.0,84,21.5,42,14.1,39,9
2026-02-05 02:00:00,44.9,39.1,382.0,451,10.5,11.0,80.0,10.0,0.0,82,21.2,42,14.2,39,25
2026-02-05 03:00:00,49.6,43.7,349.0,450,7.7,11.8,85.0,12.0,0.0,81,20.8,43,14.0,41,1
2026-02-05 04:00:00,51.2,44.4,337.0,450,5.3,12.9,89.0,15.0,0.0,82,20.5,42,14.0,44,91
2026-02-05 05:00:00,52.2,41.4,375.0,450,5.2,13.7,89.0,19.0,0.0,83,20.1,43,14.1,47,2
2026-02-05 06:00:00,51.6,37.8,515.0,452,9.4,13.7,81.0,20.0,0.0,83,19.8,43,13.9,49,21
2026-02-05 07:00:00,50.5,36.0,705.0,454,15.1,13.8,70.0,22.0,0.0,84,19.5,44,13.1,57,2
2026-02-05 08:00:00,48.1,36.1,817.0,455,18.3,14.0,66.0,22.0,0.3,85,19.5,44,13.2,58,0
2026-02-05 09:00:00,45.3,36.6,779.0,454,16.5,14.5,76.0,21.0,1.3,85,20.8,41,12.2,57,0
2026-02-05 10:00:00,41.0,31.3,664.0,453,12.3,15.0,94.0,19.0,3.05,85,23.0,35,12.2,57,0
2026-02-05 11:00:00,33.4,24.6,564.0,451,8.6,15.3,110.0,16.0,4.9,85,25.3,29,13.4,66,0
2026-02-05 12:00:00,28.6,22.0,505.0,450,6.5,14.9,123.0,13.0,6.15,84,27.0,24,12.6,77,0
2026-02-05 13:00:00,26.6,21.6,460.0,449,5.1,14.3,134.0,10.0,6.25,84,28.1,21,11.2,85,0
2026-02-05 14:00:00,25.3,21.4,441.0,449,4.6,14.0,142.0,7.0,5.15,84,28.7,20,9.9,94,0
2026-02-05 15:00:00,25.6,21.9,390.0,448,2.1,13.9,148.0,6.0,3.35,85,28.9,20,9.0,110,0
2026-02-05 16:00:00,26.2,22.6,365.0,447,0.4,14.1,150.0,6.0,1.6,85,28.6,20,8.9,118,0
2026-02-05 17:00:00,24.6,21.7,554.0,450,9.1,17.9,140.0,5.0,0.45,86,28.0,21,8.8,137,0
2026-02-05 18:00:00,34.1,31.2,1223.0,461,40.5,22.9,105.0,5.0,0.0,88,27.2,24,7.0,151,0
2026-02-05 19:00:00,60.3,57.3,2106.0,475,83.4,29.9,56.0,5.0,0.0,90,25.7,28,3.2,128,0
2026-02-05 20:00:00,74.5,71.5,2589.0,483,112.9,35.5,20.0,5.0,0.0,91,24.5,30,4.2,25,0
2026-02-05 21:00:00,82.4,79.2,2290.0,480,116.6,39.4,10.0,5.0,0.0,95,23.5,33,6.5,8,0
2026-02-05 22:00:00,82.4,79.6,1592.0,471,106.8,41.9,14.0,4.0,0.0,100,22.5,35,7.7,11,0
2026-02-05 23:00:00,71.9,69.6,1020.0,463,96.1,41.1,18.0,4.0,0.0,106,21.8,34,6.3,31,0
2026-02-06 00:00:00,58.2,56.3,785.0,459,88.5,34.5,18.0,4.0,0.0,110,21.4,35,8.2,32,0
2026-02-06 01:00:00,46.4,44.1,678.0,457,80.0,24.7,18.0,5.0,0.0,113,20.5,37,8.8,26,0
2026-02-06 02:00:00,38.4,35.9,598.0,456,70.2,16.9,20.0,5.0,0.0,114,19.6,40,8.3,20,0
2026-02-06 03:00:00,32.9,30.3,484.0,456,56.9,13.3,27.0,5.0,0.0,114,18.8,44,7.4,14,0
2026-02-06 04:00:00,29.0,26.5,397.0,456,42.5,11.8,35.0,4.0,0.0,113,17.9,47,7.2,12,0
2026-02-06 05:00:00,28.0,25.6,420.0,458,39.9,11.5,32.0,4.0,0.0,111,17.5,50,6.6,11,0
2026-02-06 06:00:00,26.1,23.9,646.0,462,42.6,12.0,26.0,4.0,0.0,109,17.3,51,7.3,20,1
2026-02-06 07:00:00,27.4,25.6,981.0,468,45.9,13.0,18.0,3.0,0.0,108,17.1,51,7.5,21,52
2026-02-06 08:00:00,34.1,32.6,1226.0,471,45.9,15.6,23.0,3.0,0.3,107,17.4,50,7.6,18,0
2026-02-06 09:00:00,36.6,35.3,1309.0,471,39.8,21.7,49.0,4.0,1.3,106,19.5,44,7.1,27,0
2026-02-06 10:00:00,34.3,32.5,1301.0,468,30.3,29.5,88.0,5.0,2.95,106,22.8,35,4.6,59,0
2026-02-06 11:00:00,27.2,24.0,1223.0,465,22.0,34.8,121.0,6.0,4.8,106,25.4,28,2.9,97,9
2026-02-06 12:00:00,27.0,23.2,1036.0,461,15.9,35.5,145.0,8.0,6.05,106,26.9,24,1.5,166,0
2026-02-06 13:00:00,29.0,24.2,778.0,456,10.8,33.7,164.0,10.0,6.15,106,27.6,22,4.4,199,7
2026-02-06 14:00:00,32.4,26.5,582.0,452,7.9,32.0,176.0,11.0,5.1,107,27.9,24,10.0,218,2
2026-02-06 15:00:00,35.9,28.4,486.0,450,7.2,31.7,181.0,12.0,3.3,107,27.2,31,13.4,237,40
2026-02-06 16:00:00,37.3,29.3,453.0,449,8.6,31.6,180.0,12.0,1.55,108,27.1,28,12.2,254,98
2026-02-06 17:00:00,43.2,34.2,505.0,450,12.1,32.7,177.0,16.0,0.45,109,26.4,29,11.7,270,100
2026-02-06 18:00:00,43.9,38.2,721.0,454,22.6,29.4,147.0,13.0,0.0,129,25.0,36,9.2,274,66
2026-02-06 19:00:00,44.8,40.6,1022.0,460,36.9,24.8,104.0,9.0,0.0,141,23.4,51,7.8,266,93
2026-02-06 20:00:00,42.1,38.6,1197.0,464,46.0,20.8,73.0,6.0,0.0,138,22.1,65,8.1,266,53
2026-02-06 21:00:00,39.3,35.9,1129.0,464,45.2,18.2,62.0,6.0,0.0,122,21.6,69,9.8,265,79
2026-02-06 22:00:00,37.6,33.6,935.0,463,39.4,16.2,63.0,6.0,0.0,101,21.2,70,9.2,269,50
2026-02-06 23:00:00,37.5,33.1,753.0,461,33.7,14.5,64.0,7.0,0.0,97,20.5,77,7.5,287,100
2026-02-07 00:00:00,38.5,33.8,624.0,459,30.2,13.0,64.0,7.0,0.0,93,20.2,80,7.3,295,100
2026-02-07 01:00:00,39.3,34.3,507.0,456,27.0,11.9,66.0,7.0,0.0,91,20.0,81,9.5,309,100
2026-02-07 02:00:00,38.4,33.6,424.0,455,23.5,11.0,68.0,7.0,0.0,91,19.8,81,8.9,332,100
2026-02-07 03:00:00,36.4,32.0,333.0,455,17.6,10.1,74.0,6.0,0.0,90,19.2,87,8.4,341,93
2026-02-07 04:00:00,34.3,30.4,276.0,455,11.5,9.5,80.0,5.0,0.0,91,18.8,90,8.3,338,97
2026-02-07 05:00:00,34.8,30.6,400.0,459,12.8,10.1,73.0,6.0,0.0,91,18.6,84,7.1,341,100
2026-02-07 06:00:00,36.6,31.9,913.0,470,27.2,13.0,55.0,6.0,0.0,91,18.0,84,5.9,342,100
2026-02-07 07:00:00,43.8,38.3,1606.0,484,46.5,17.1,31.0,7.0,0.0,92,17.2,86,3.8,3,98
2026-02-07 08:00:00,60.1,53.3,2008.0,491,57.1,20.8,23.0,10.0,0.3,93,16.9,85,4.2,353,98
2026-02-07 09:00:00,61.5,55.6,1836.0,485,50.8,23.7,44.0,19.0,1.25,95,19.3,72,4.0,339,100
2026-02-07 10:00:00,54.7,39.5,1372.0,472,35.7,26.3,80.0,31.0,2.9,97,22.5,58,2.8,345,71
2026-02-07 11:00:00,58.1,35.6,986.0,462,22.7,28.1,111.0,40.0,4.7,97,25.0,51,2.3,252,84
2026-02-07 12:00:00,58.0,32.1,818.0,458,15.1,29.2,130.0,44.0,5.8,98,26.8,42,3.6,210,80
2026-02-07 13:00:00,55.8,29.1,728.0,456,9.5,29.5,143.0,46.0,5.9,99,27.2,46,7.4,203,100
2026-02-07 14:00:00,53.2,28.3,661.0,454,6.9,29.1,149.0,46.0,4.8,100,27.0,54,10.8,208,96
2026-02-07 15:00:00,51.9,28.6,589.0,452,7.6,27.7,148.0,43.0,3.1,100,26.9,49,12.1,215,99
2026-02-07 16:00:00,52.2,29.7,540.0,450,11.2,25.4,140.0,38.0,1.5,100,26.4,47,11.3,224,98
2026-02-07 17:00:00,50.2,32.8,544.0,450,16.1,27.2,140.0,32.0,0.45,100,25.5,52,9.5,233,97
2026-02-07 18:00:00,49.4,36.2,613.0,451,25.6,24.6,115.0,28.0,0.05,100,24.0,68,9.9,251,98
2026-02-07 19:00:00,50.3,39.3,734.0,454,38.9,20.9,80.0,23.0,0.0,100,22.5,79,8.3,276,100
2026-02-07 20:00:00,50.5,39.0,900.0,458,50.2,18.5,51.0,20.0,0.0,99,21.9,84,7.8,296,99
2026-02-07 21:00:00,51.2,38.9,1163.0,464,57.3,18.4,36.0,20.0,0.0,100,21.4,88,6.0,311,98
2026-02-07 22:00:00,53.9,41.6,1471.0,472,62.2,19.5,27.0,20.0,0.0,100,20.9,90,4.4,351,86
2026-02-07 23:00:00,60.1,48.2,1663.0,478,65.7,20.3,20.0,21.0,0.0,101,20.2,92,4.6,339,94
2026-02-08 00:00:00,66.8,56.1,1661.0,481,67.9,20.1,13.0,20.0,0.0,102,20.1,91,5.1,342,95
2026-02-08 01:00:00,69.8,60.3,1542.0,483,68.6,19.6,8.0,19.0,0.0,104,19.5,94,4.8,326,85
2026-02-08 02:00:00,71.2,61.5,1376.0,484,67.4,18.9,5.0,18.0,0.0,107,19.0,93,5.9,315,87
2026-02-08 03:00:00,72.2,61.9,1117.0,484,63.1,17.6,4.0,17.0,0.0,110,18.8,91,4.8,318,42
2026-02-08 04:00:00,71.5,61.2,810.0,484,56.9,16.2,5.0,17.0,0.0,113,18.1,92,4.8,340,48
2026-02-08 05:00:00,66.6,57.9,658.0,485,51.6,15.0,6.0,16.0,0.0,116,17.2,95,4.0,355,38
2026-02-08 06:00:00,64.3,56.5,818.0,488,49.2,15.1,3.0,14.0,0.0,119,17.0,92,5.2,358,45
2026-02-08 07:00:00,65.9,58.7,1132.0,492,45.8,15.6,0.0,11.0,0.0,122,16.9,89,5.4,356,45
2026-02-08 08:00:00,74.5,68.0,1331.0,492,42.4,18.4,10.0,12.0,0.3,124,17.1,84,5.0,360,34
2026-02-08 09:00:00,73.8,65.0,1279.0,485,39.8,25.7,42.0,18.0,1.2,125,18.9,73,3.6,6,5
2026-02-08 10:00:00,68.0,51.9,1111.0,474,37.2,35.2,87.0,28.0,2.8,126,21.5,63,2.5,356,48
2026-02-08 11:00:00,67.1,47.8,970.0,466,33.2,42.0,124.0,35.0,4.45,128,24.1,49,0.2,180,100
2026-02-08 12:00:00,65.9,45.8,916.0,463,25.7,44.1,148.0,38.0,5.55,129,26.0,39,3.5,195,9
2026-02-08 13:00:00,64.5,44.0,887.0,461,16.8,43.5,166.0,39.0,5.7,130,26.5,40,7.7,196,2
2026-02-08 14:00:00,60.8,40.2,842.0,460,10.9,41.6,174.0,38.0,4.75,132,26.5,42,10.0,206,3
2026-02-08 15:00:00,54.6,35.3,736.0,457,9.4,38.5,172.0,36.0,3.15,133,26.4,41,10.4,214,3
2026-02-08 16:00:00,53.6,36.0,614.0,454,10.9,34.1,161.0,32.0,1.5,134,25.9,41,10.2,222,2
2026-02-08 17:00:00,53.8,36.7,567.0,452,14.5,30.2,154.0,31.0,0.45,135,25.0,46,10.0,236,30
2026-02-08 18:00:00,52.6,38.8,676.0,454,25.4,27.8,125.0,28.0,0.05,135,23.5,55,9.2,247,0
2026-02-08 19:00:00,52.3,40.9,860.0,457,40.2,24.3,85.0,23.0,0.0,135,22.1,73,7.4,264,0
2026-02-08 20:00:00,51.6,39.9,964.0,459,49.9,21.2,55.0,20.0,0.0,135,21.2,84,6.8,272,0
2026-02-08 21:00:00,49.8,38.1,907.0,459,49.9,18.8,44.0,20.0,0.0,136,20.7,89,8.2,280,0
2026-02-08 22:00:00,47.8,35.7,770.0,457,44.9,16.7,43.0,21.0,0.0,135,20.4,92,10.2,279,3
2026-02-08 23:00:00,47.0,34.3,636.0,456,39.1,14.7,44.0,22.0,0.0,135,20.4,91,10.8,271,7
2026-02-09 00:00:00,46.9,33.5,526.0,455,33.6,12.5,45.0,23.0,0.0,133,20.4,90,9.8,275,4
2026-02-09 01:00:00,46.8,32.4,419.0,453,27.4,10.5,49.0,24.0,0.0,131,20.1,89,9.0,285,32
2026-02-09 02:00:00,48.5,32.1,336.0,452,22.2,8.9,51.0,26.0,0.0,128,20.0,89,8.0,293,5
2026-02-09 03:00:00,53.6,32.8,260.0,451,17.4,8.0,53.0,30.0,0.0,125,19.5,90,8.4,304,3
2026-02-09 04:00:00,55.3,32.5,209.0,451,13.6,7.5,54.0,35.0,0.0,122,19.4,90,7.3,303,2
2026-02-09 05:00:00,61.2,34.6,257.0,452,14.0,7.4,50.0,44.0,0.0,119,18.6,94,4.4,322,5
2026-02-09 06:00:00,60.5,34.8,522.0,456,21.5,7.8,40.0,43.0,0.0,117,18.8,93,4.9,306,13
2026-02-09 07:00:00,65.7,38.8,887.0,461,31.4,8.5,27.0,43.0,0.0,114,18.8,92,5.4,291,27
2026-02-09 08:00:00,75.0,47.6,1071.0,463,35.9,9.7,24.0,45.0,0.25,112,19.5,87,7.6,284,19
2026-02-09 09:00:00,77.1,46.6,891.0,459,30.0,12.2,41.0,53.0,1.1,110,21.5,78,7.2,283,5
2026-02-09 10:00:00,79.2,37.4,531.0,452,18.7,15.2,67.0,63.0,2.7,108,23.5,61,12.1,281,2
2026-02-09 11:00:00,74.7,34.1,260.0,447,9.7,17.1,89.0,69.0,4.65,107,25.0,55,14.4,271,6
2026-02-09 12:00:00,67.5,31.2,196.0,445,6.0,16.9,100.0,68.0,6.1,105,25.4,54,15.7,271,18
2026-02-09 13:00:00,64.3,28.4,221.0,446,4.5,15.7,106.0,63.0,6.25,104,25.5,53,16.0,267,19
2026-02-09 14:00:00,60.3,26.2,254.0,446,4.2,14.7,107.0,59.0,5.35,102,25.6,52,16.2,266,20
2026-02-09 15:00:00,58.2,24.7,263.0,446,4.0,14.6,104.0,59.0,3.6,101,25.4,53,15.9,265,29
2026-02-09 16:00:00,58.0,24.4,281.0,446,4.8,14.8,97.0,60.0,1.75,100,24.9,57,15.2,260,22
2026-02-09 17:00:00,57.6,23.9,317.0,447,8.1,13.5,87.0,59.0,0.5,99,24.4,61,14.1,259,2
2026-02-09 18:00:00,57.0,25.8,397.0,449,15.7,13.5,75.0,54.0,0.05,97,23.5,69,12.7,257,0
2026-02-09 19:00:00,53.9,28.9,495.0,451,26.1,13.5,59.0,47.0,0.0,96,22.6,74,11.0,252,0
2026-02-09 20:00:00,56.0,30.9,554.0,452,32.7,13.3,48.0,41.0,0.0,95,22.2,78,10.3,241,0
2026-02-09 21:00:00,56.2,31.4,537.0,452,32.2,12.7,48.0,38.0,0.0,94,22.1,80,11.9,238,0
2026-02-09 22:00:00,54.6,31.1,479.0,452,28.0,11.8,53.0,36.0,0.0,94,21.9,83,12.5,240,0
2026-02-09 23:00:00,51.7,30.4,429.0,452,23.6,10.8,58.0,33.0,0.0,93,21.9,82,11.8,244,0
2026-02-10 00:00:00,48.5,29.5,407.0,453,19.9,9.5,62.0,29.0,0.0,93,21.6,84,10.0,256,1
2026-02-10 01:00:00,44.8,28.2,392.0,453,16.1,8.2,65.0,24.0,0.0,93,21.3,87,9.2,259,0
2026-02-10 02:00:00,41.4,26.9,372.0,454,13.0,7.2,68.0,20.0,0.0,92,21.1,89,9.1,261,13
2026-02-10 03:00:00,38.6,25.9,300.0,453,10.2,6.8,70.0,18.0,0.0,92,21.0,91,9.2,266,8
2026-02-10 04:00:00,37.7,25.4,222.0,452,8.3,6.8,70.0,17.0,0.0,91,20.9,92,8.6,280,20
2026-02-10 05:00:00,36.0,24.4,261.0,453,8.3,6.9,70.0,15.0,0.0,91,20.0,90,7.3,332,84
2026-02-10 06:00:00,36.9,25.0,562.0,457,16.4,8.1,60.0,14.0,0.0,90,19.6,87,7.2,346,69
2026-02-10 07:00:00,39.6,27.5,980.0,462,27.2,9.8,47.0,12.0,0.0,89,19.8,85,6.1,302,62
2026-02-10 08:00:00,44.8,32.7,1203.0,465,32.6,11.6,43.0,17.0,0.3,88,20.3,83,6.0,275,41
2026-02-10 09:00:00,49.4,32.1,1036.0,462,27.3,13.7,58.0,32.0,1.2,87,21.8,77,3.4,252,16
2026-02-10 10:00:00,54.8,30.3,674.0,456,16.6,15.9,82.0,53.0,2.75,85,23.8,68,4.1,270,5
2026-02-10 11:00:00,73.6,30.3,392.0,451,8.2,17.2,102.0,73.0,4.05,85,25.0,60,5.0,249,13
2026-02-10 12:00:00,84.3,30.6,301.0,449,5.1,16.7,112.0,92.0,4.85,84,26.1,51,5.6,230,27
2026-02-10 13:00:00,93.6,31.2,289.0,448,4.4,15.4,119.0,110.0,4.85,84,26.8,48,7.5,222,20
2026-02-10 14:00:00,98.3,32.0,298.0,448,4.6,14.6,121.0,120.0,4.0,85,27.0,49,9.6,223,30
2026-02-10 15:00:00,99.7,32.5,311.0,448,4.9,15.4,121.0,119.0,2.5,85,26.3,55,12.3,226,28
2026-02-10 16:00:00,100.1,32.8,344.0,449,6.1,16.8,117.0,110.0,1.1,86,25.6,57,13.5,232,34
2026-02-10 17:00:00,114.1,39.2,386.0,450,10.2,20.6,114.0,134.0,0.4,86,24.6,60,13.0,245,38
2026-02-10 18:00:00,90.1,36.7,419.0,451,19.7,19.0,96.0,116.0,0.05,88,23.9,68,11.2,258,94
2026-02-10 19:00:00,80.8,38.2,460.0,452,33.1,17.0,70.0,90.0,0.0,89,23.0,77,10.5,274,96
2026-02-10 20:00:00,80.1,40.6,550.0,454,45.1,16.4,48.0,71.0,0.0,90,22.5,81,6.9,284,100
2026-02-10 21:00:00,82.0,44.6,759.0,459,54.4,18.6,34.0,65.0,0.0,91,22.1,84,4.3,292,100
2026-02-10 22:00:00,86.1,50.9,1016.0,466,62.4,22.3,23.0,65.0,0.0,92,21.9,85,3.8,341,100
2026-02-10 23:00:00,96.2,60.3,1158.0,471,67.6,24.9,16.0,63.0,0.0,93,21.1,89,1.9,326,88
2026-02-11 00:00:00,105.9,69.8,1081.0,472,69.2,25.5,11.0,57.0,0.0,96,21.4,86,5.1,333,36
2026-02-11 01:00:00,109.4,74.7,888.0,471,68.0,25.0,9.0,51.0,0.0,100,21.0,87,5.5,343,50
2026-02-11 02:00:00,99.0,74.5,719.0,469,65.0,24.1,11.0,43.0,0.0,104,20.5,89,6.9,345,99
2026-02-11 03:00:00,83.1,66.1,600.0,466,60.0,22.4,17.0,34.0,0.0,109,20.1,88,7.9,359,98
2026-02-11 04:00:00,70.8,57.7,504.0,463,53.2,20.3,26.0,24.0,0.0,114,19.9,78,8.4,9,100
2026-02-11 05:00:00,65.9,55.6,491.0,461,54.0,20.4,26.0,18.0,0.0,117,19.5,68,8.0,18,99
2026-02-11 06:00:00,58.6,50.8,642.0,461,47.5,20.1,37.0,16.0,0.0,120,19.4,61,9.0,26,99
2026-02-11 07:00:00,55.9,48.8,876.0,462,38.3,19.8,52.0,14.0,0.0,123,19.4,59,9.2,33,100
2026-02-11 08:00:00,56.9,49.9,1008.0,462,29.5,19.5,70.0,13.0,0.3,125,19.8,55,9.8,41,100
2026-02-11 09:00:00,56.8,51.1,933.0,459,21.6,19.6,91.0,16.0,1.2,127,21.7,48,9.4,48,89
2026-02-11 10:00:00,56.2,47.7,755.0,454,14.1,19.7,114.0,20.0,2.75,129,23.6,43,10.6,56,7
2026-02-11 11:00:00,57.0,44.1,603.0,450,8.4,19.2,131.0,24.0,4.5,131,25.4,39,14.2,64,17
2026-02-11 12:00:00,58.9,39.5,518.0,448,5.4,17.3,138.0,28.0,5.7,132,27.2,32,16.1,62,98
2026-02-11 13:00:00,55.2,34.7,459.0,448,4.2,14.7,138.0,32.0,5.9,133,28.2,28,16.5,62,29
2026-02-11 14:00:00,49.0,31.3,427.0,448,3.8,12.7,137.0,33.0,4.9,133,28.9,25,16.1,61,0
2026-02-11 15:00:00,44.2,28.6,422.0,448,3.4,11.7,137.0,31.0,3.25,133,29.2,23,15.5,61,0
2026-02-11 16:00:00,40.7,27.4,445.0,448,3.8,11.4,135.0,26.0,1.6,133,29.1,22,15.3,63,1
2026-02-11 17:00:00,47.4,32.5,501.0,449,6.8,11.1,127.0,28.0,0.45,132,28.7,24,14.1,63,0
2026-02-11 18:00:00,45.8,34.9,623.0,450,14.6,11.9,112.0,24.0,0.05,132,28.0,26,13.1,63,0
2026-02-11 19:00:00,47.0,38.6,778.0,452,25.2,12.9,91.0,18.0,0.0,131,27.0,30,13.4,61,0
2026-02-11 20:00:00,47.8,40.4,875.0,453,32.3,13.9,76.0,14.0,0.0,132,25.9,35,13.3,55,0
2026-02-11 21:00:00,48.3,41.4,868.0,453,33.0,14.8,70.0,13.0,0.0,132,24.9,40,12.6,47,0
2026-02-11 22:00:00,49.0,42.1,804.0,453,30.2,15.5,70.0,13.0,0.0,131,23.9,44,11.8,50,0
2026-02-11 23:00:00,49.9,42.8,728.0,453,26.4,15.9,72.0,13.0,0.0,130,23.1,46,10.3,44,1
2026-02-12 00:00:00,50.1,42.7,645.0,452,21.9,15.5,76.0,13.0,0.0,128,22.5,48,10.7,36,26
2026-02-12 01:00:00,48.7,41.3,551.0,451,16.4,14.7,83.0,13.0,0.0,126,21.9,48,10.6,35,24
2026-02-12 02:00:00,46.4,39.2,482.0,451,12.0,14.2,88.0,13.0,0.0,122,21.6,48,10.5,31,38
2026-02-12 03:00:00,44.2,37.4,435.0,451,8.7,14.1,92.0,13.0,0.0,118,21.2,49,10.5,24,70
2026-02-12 04:00:00,42.8,35.9,413.0,452,6.4,14.3,94.0,13.0,0.0,115,20.5,51,10.5,12,100
2026-02-12 05:00:00,43.0,36.0,458.0,453,7.2,15.0,90.0,13.0,0.0,113,19.7,55,10.4,14,100
2026-02-12 06:00:00,42.4,35.3,642.0,456,12.9,15.9,83.0,12.0,0.0,111,19.3,57,10.1,22,98
2026-02-12 07:00:00,43.4,36.3,893.0,459,20.6,17.1,75.0,12.0,0.0,110,19.0,58,9.4,26,100
2026-02-12 08:00:00,46.0,39.2,1038.0,461,24.9,18.2,74.0,12.0,0.3,108,19.1,57,9.5,29,100
2026-02-12 09:00:00,47.7,42.0,978.0,459,22.6,19.1,88.0,14.0,1.25,107,20.8,52,8.0,25,99
2026-02-12 10:00:00,46.1,38.0,812.0,455,16.9,19.9,110.0,16.0,2.95,106,23.8,42,7.9,27,21
2026-02-12 11:00:00,41.0,31.4,659.0,452,11.8,19.8,128.0,18.0,4.75,105,26.5,34,8.9,42,30
2026-02-12 12:00:00,44.8,26.2,553.0,450,8.5,18.2,137.0,20.0,6.0,104,28.2,25,7.5,48,37
2026-02-12 13:00:00,37.0,22.8,462.0,449,5.9,15.9,141.0,21.0,6.15,102,29.3,21,4.8,77,85
2026-02-12 14:00:00,32.2,21.2,406.0,449,4.6,14.3,143.0,21.0,5.15,101,29.5,20,2.8,195,71
2026-02-12 15:00:00,30.3,20.7,391.0,449,2.7,14.2,145.0,20.0,3.45,100,29.5,23,7.3,220,97
2026-02-12 16:00:00,29.6,20.6,412.0,449,2.2,14.9,143.0,18.0,1.65,99,29.4,24,9.8,242,97
2026-02-12 17:00:00,38.6,26.8,473.0,450,9.2,16.7,133.0,22.0,0.5,99,28.2,28,12.4,260,75
2026-02-12 18:00:00,48.2,38.2,606.0,452,34.7,18.0,100.0,20.0,0.05,98,26.2,38,13.0,260,23
2026-02-12 19:00:00,62.2,53.4,780.0,455,69.7,19.8,54.0,18.0,0.0,99,24.2,48,10.3,268,48
2026-02-12 20:00:00,65.0,56.2,902.0,458,94.0,22.4,21.0,16.0,0.0,100,23.3,55,7.5,285,97
2026-02-12 21:00:00,70.5,60.5,940.0,460,97.9,26.8,12.0,16.0,0.0,102,22.7,60,6.1,326,98
2026-02-12 22:00:00,78.5,67.8,927.0,462,91.3,31.8,14.0,17.0,0.0,104,22.1,62,6.7,357,98
2026-02-12 23:00:00,78.9,69.6,873.0,462,83.5,34.1,17.0,17.0,0.0,106,21.5,66,7.3,335,98
2026-02-13 00:00:00,75.2,68.0,756.0,460,76.8,31.3,16.0,15.0,0.0,109,21.2,69,8.6,331,98
2026-02-13 01:00:00,71.0,65.2,598.0,457,69.0,25.9,14.0,11.0,0.0,112,20.9,73,9.3,338,100
2026-02-13 02:00:00,65.4,60.3,481.0,455,62.9,21.3,13.0,9.0,0.0,114,20.5,75,9.8,336,88
2026-02-13 03:00:00,58.4,53.9,372.0,453,60.3,18.8,12.0,8.0,0.0,116,20.1,77,9.7,342,39
2026-02-13 04:00:00,51.9,47.5,304.0,453,59.4,17.2,11.0,8.0,0.0,118,19.9,78,7.6,335,54
2026-02-13 05:00:00,43.1,38.1,449.0,456,53.1,14.8,12.0,9.0,0.0,119,19.0,79,4.5,326,100
2026-02-13 06:00:00,44.8,39.3,1047.0,467,50.0,15.8,7.0,8.0,0.0,120,18.5,81,5.2,319,96
2026-02-13 07:00:00,50.6,44.6,1859.0,483,45.7,17.4,1.0,7.0,0.0,120,17.9,86,2.4,333,100
2026-02-13 08:00:00,64.3,58.6,2339.0,491,41.9,21.0,8.0,10.0,0.3,121,18.0,83,2.5,4,86
2026-02-13 09:00:00,77.5,73.8,2181.0,486,39.9,28.3,37.0,19.0,1.3,123,20.4,73,1.4,23,33
2026-02-13 10:00:00,57.2,46.0,1690.0,475,38.4,37.5,78.0,30.0,2.95,126,23.0,64,0.3,135,27
2026-02-13 11:00:00,65.0,43.4,1245.0,465,35.0,44.2,116.0,40.0,4.75,127,25.1,55,2.9,191,8
2026-02-13 12:00:00,72.4,44.1,961.0,459,27.3,46.9,149.0,46.0,5.95,128,26.7,49,6.0,201,2
2026-02-13 13:00:00,74.5,44.9,721.0,455,17.6,47.2,178.0,50.0,6.0,130,27.0,54,10.6,206,3
2026-02-13 14:00:00,74.0,46.7,552.0,452,11.2,45.2,193.0,51.0,5.0,132,27.0,53,13.1,217,0
2026-02-13 15:00:00,69.2,45.5,473.0,450,9.6,40.1,186.0,47.0,3.3,135,27.0,48,12.8,231,0
2026-02-13 16:00:00,63.3,42.1,464.0,449,11.1,32.8,165.0,41.0,1.65,138,26.6,48,12.6,239,2
2026-02-13 17:00:00,36.3,26.8,495.0,449,15.7,24.7,137.0,17.0,0.55,140,25.8,52,12.2,251,0
2026-02-13 18:00:00,35.5,26.2,576.0,451,25.6,21.9,109.0,18.0,0.05,140,24.5,63,10.6,266,0
2026-02-13 19:00:00,38.4,28.3,697.0,454,39.2,18.0,72.0,18.0,0.0,139,23.0,74,9.1,278,0
2026-02-13 20:00:00,41.9,30.0,796.0,457,48.0,14.9,44.0,19.0,0.0,136,22.3,80,7.7,288,0
2026-02-13 21:00:00,42.6,29.7,870.0,460,48.0,13.7,37.0,19.0,0.0,133,21.8,81,6.9,287,0
2026-02-13 22:00:00,42.1,29.2,921.0,463,43.3,13.4,40.0,20.0,0.0,130,21.5,81,6.5,294,0
2026-02-13 23:00:00,40.7,29.0,896.0,464,38.0,12.9,44.0,19.0,0.0,126,20.9,82,6.0,314,0
2026-02-14 00:00:00,38.4,28.3,726.0,461,32.9,11.8,47.0,17.0,0.0,122,20.7,83,7.9,325,0
2026-02-14 01:00:00,34.5,26.1,479.0,456,27.2,10.5,52.0,13.0,0.0,118,20.4,83,8.2,331,0
2026-02-14 02:00:00,30.0,23.3,304.0,453,22.3,9.6,55.0,10.0,0.0,114,20.0,81,7.3,320,0
2026-02-14 03:00:00,26.4,21.0,213.0,454,17.5,8.9,57.0,8.0,0.0,110,19.5,84,6.1,317,0
2026-02-14 04:00:00,23.8,19.3,193.0,458,13.5,8.5,58.0,6.0,0.0,106,18.9,88,5.4,320,0
2026-02-14 05:00:00,28.2,21.6,360.0,463,15.7,9.4,51.0,9.0,0.0,103,17.9,92,4.0,333,0
2026-02-14 06:00:00,30.4,23.7,923.0,473,25.1,12.1,37.0,9.0,0.0,102,17.5,95,5.2,338,3
2026-02-14 07:00:00,37.0,30.0,1671.0,485,37.7,15.9,20.0,8.0,0.0,100,16.9,97,4.2,353,3
2026-02-14 08:00:00,50.9,44.5,2089.0,490,44.9,19.5,15.0,8.0,0.35,99,16.9,97,2.5,21,1
2026-02-14 09:00:00,45.5,41.0,1867.0,483,41.8,22.4,35.0,9.0,1.45,97,19.5,87,0.6,56,0
2026-02-14 10:00:00,39.1,30.7,1314.0,469,33.3,25.0,67.0,11.0,3.3,95,22.2,81,1.3,225,0
2026-02-14 11:00:00,34.9,26.4,841.0,458,25.1,27.1,96.0,12.0,5.25,93,24.5,70,4.8,207,0
2026-02-14 12:00:00,29.3,22.7,589.0,453,18.6,28.6,117.0,12.0,6.6,92,26.1,62,7.7,213,1
2026-02-14 13:00:00,27.4,21.4,417.0,450,12.5,29.6,134.0,11.0,6.75,90,27.0,55,9.7,223,0
2026-02-14 14:00:00,26.7,20.8,312.0,448,8.8,29.5,142.0,10.0,5.65,88,27.5,50,10.7,235,0
2026-02-14 15:00:00,26.0,20.2,279.0,447,7.7,28.0,139.0,10.0,3.75,85,27.5,48,11.7,241,0
2026-02-14 16:00:00,24.6,19.0,314.0,448,9.1,25.4,127.0,9.0,1.85,83,27.0,51,11.6,244,0
2026-02-14 17:00:00,21.5,17.9,388.0,449,13.9,24.4,115.0,5.0,0.55,81,25.6,58,10.4,250,0
2026-02-14 18:00:00,25.4,19.8,524.0,451,25.2,22.4,91.0,6.0,0.05,80,24.2,66,9.4,262,0
2026-02-14 19:00:00,31.1,25.2,700.0,454,40.6,19.5,57.0,8.0,0.0,80,22.9,76,8.1,276,0
2026-02-14 20:00:00,34.7,27.6,820.0,457,51.4,17.2,32.0,10.0,0.0,80,22.0,84,5.9,268,0
2026-02-14 21:00:00,36.9,28.6,849.0,460,53.8,16.1,24.0,12.0,0.0,79,21.5,90,6.5,302,0
2026-02-14 22:00:00,39.0,29.5,822.0,462,51.7,15.6,24.0,13.0,0.0,79,20.9,94,6.1,310,3
2026-02-14 23:00:00,40.5,30.3,749.0,463,47.6,14.7,27.0,15.0,0.0,79,20.3,95,5.1,309,2
2026-02-15 00:00:00,41.9,30.5,602.0,460,41.6,13.0,30.0,16.0,0.0,79,20.1,95,6.6,311,15
2026-02-15 01:00:00,41.2,28.9,409.0,455,33.7,11.1,36.0,17.0,0.0,80,19.9,97,8.3,321,66
2026-02-15 02:00:00,40.5,27.9,268.0,452,26.6,9.4,40.0,18.0,0.0,80,19.6,97,8.6,321,99
2026-02-15 03:00:00,40.4,28.2,189.0,450,20.2,7.9,43.0,19.0,0.0,80,19.7,99,8.7,322,100
2026-02-15 04:00:00,42.3,30.0,163.0,450,14.6,6.6,44.0,19.0,0.0,81,19.8,100,7.7,335,100
2026-02-15 05:00:00,48.7,34.0,257.0,452,15.5,7.0,38.0,24.0,0.0,82,19.4,98,4.9,354,52
2026-02-15 06:00:00,54.2,38.2,602.0,459,24.1,9.2,27.0,28.0,0.0,83,19.0,98,3.8,343,70
2026-02-15 07:00:00,65.4,46.1,1067.0,467,35.5,12.3,12.0,33.0,0.0,84,18.6,99,3.5,321,100
2026-02-15 08:00:00,84.1,61.2,1329.0,472,41.6,15.8,10.0,39.0,0.3,86,18.6,99,2.8,315,100
2026-02-15 09:00:00,73.3,46.0,1194.0,468,37.4,20.0,31.0,45.0,1.25,87,19.2,98,2.7,298,100
2026-02-15 10:00:00,69.8,36.8,855.0,461,27.9,24.6,63.0,51.0,3.0,88,21.2,88,4.3,253,100
2026-02-15 11:00:00,65.4,33.6,572.0,454,19.5,27.8,92.0,54.0,5.05,88,23.6,75,4.9,237,51
2026-02-15 12:00:00,59.3,30.3,437.0,451,14.1,28.9,112.0,52.0,6.4,89,25.6,65,6.4,220,16
2026-02-15 13:00:00,54.0,27.8,358.0,449,9.9,28.7,128.0,47.0,6.6,89,26.7,60,9.5,219,9
2026-02-15 14:00:00,50.6,26.4,313.0,448,7.4,27.6,136.0,43.0,5.55,90,26.9,60,11.6,224,3
2026-02-15 15:00:00,49.0,25.4,306.0,447,6.4,25.3,132.0,41.0,3.7,90,26.5,60,12.0,230,0
2026-02-15 16:00:00,47.0,24.1,333.0,448,7.1,22.2,119.0,39.0,1.85,91,25.9,63,11.8,231,0
2026-02-15 17:00:00,45.1,23.6,367.0,448,11.4,20.6,106.0,36.0,0.55,91,24.4,70,10.9,234,1
2026-02-15 18:00:00,47.4,25.2,399.0,449,20.2,19.1,87.0,35.0,0.05,92,23.2,77,10.2,240,2
2026-02-15 19:00:00,50.2,30.2,437.0,450,32.4,17.0,61.0,34.0,0.0,92,22.5,82,8.7,248,4
2026-02-15 20:00:00,54.2,33.2,477.0,451,41.9,15.5,41.0,33.0,0.0,93,22.1,85,8.0,262,29
2026-02-15 21:00:00,56.3,35.2,528.0,453,46.5,15.3,32.0,32.0,0.0,93,21.8,87,7.6,267,20
2026-02-15 22:00:00,58.0,36.9,581.0,456,48.5,15.6,28.0,32.0,0.0,94,21.5,88,6.8,268,14
2026-02-15 23:00:00,59.4,38.5,609.0,458,48.5,15.4,27.0,32.0,0.0,95,21.2,91,6.7,267,23
2026-02-16 00:00:00,67.5,43.4,598.0,459,46.3,14.0,27.0,34.0,0.0,95,21.2,91,7.4,270,14
2026-02-16 01:00:00,70.8,46.2,562.0,458,42.1,12.0,30.0,37.0,0.0,96,21.0,91,6.5,272,31
2026-02-16 02:00:00,69.8,45.4,511.0,458,37.4,10.4,33.0,39.0,0.0,98,20.8,91,6.3,267,86
2026-02-16 03:00:00,66.8,43.4,410.0,457,31.2,9.3,37.0,38.0,0.0,99,20.7,91,5.9,270,81
2026-02-16 04:00:00,63.8,41.4,295.0,456,24.5,8.4,42.0,35.0,0.0,101,20.8,91,6.0,267,39
2026-02-16 05:00:00,63.6,40.0,283.0,455,20.4,8.4,45.0,37.0,0.0,102,20.4,90,6.7,262,50
2026-02-16 06:00:00,60.3,38.1,499.0,456,24.2,8.8,43.0,36.0,0.0,103,20.5,87,8.0,260,18
2026-02-16 07:00:00,58.2,37.4,817.0,459,29.2,9.5,40.0,34.0,0.0,103,20.5,86,7.4,256,22
2026-02-16 08:00:00,63.1,40.6,981.0,459,30.5,11.1,44.0,34.0,0.25,102,21.0,84,7.2,235,15
2026-02-16 09:00:00,60.5,35.9,827.0,455,24.8,14.7,60.0,39.0,1.1,100,22.6,76,8.7,228,16
2026-02-16 10:00:00,60.1,30.6,518.0,450,15.4,19.1,82.0,45.0,2.8,99,23.7,69,9.6,221,9
2026-02-16 11:00:00,59.6,29.2,283.0,446,8.1,21.9,100.0,49.0,4.8,98,24.6,62,11.0,232,22
2026-02-16 12:00:00,57.5,28.7,218.0,445,5.2,21.4,110.0,48.0,6.25,98,25.3,59,13.3,235,13
2026-02-16 13:00:00,54.2,27.6,226.0,445,4.3,19.2,116.0,43.0,6.45,98,25.5,58,15.1,244,20
2026-02-16 14:00:00,50.6,26.4,246.0,445,4.2,17.3,117.0,39.0,5.05,98,25.4,58,15.1,245,16
2026-02-16 15:00:00,47.0,24.8,256.0,445,4.2,16.3,113.0,36.0,3.4,98,25.1,57,14.8,244,10
2026-02-16 16:00:00,44.0,23.5,278.0,445,4.9,15.5,103.0,33.0,1.8,98,24.9,58,14.3,242,2
2026-02-16 17:00:00,36.7,20.6,311.0,446,7.8,15.7,96.0,24.0,0.55,98,24.0,64,13.0,236,3
2026-02-16 18:00:00,34.2,20.1,365.0,447,13.7,15.0,85.0,21.0,0.05,97,23.1,69,12.6,236,5
2026-02-16 19:00:00,31.7,21.7,431.0,449,21.9,14.1,69.0,16.0,0.0,97,22.6,72,11.5,238,5
2026-02-16 20:00:00,32.1,22.9,484.0,450,29.3,13.5,56.0,12.0,0.0,96,22.4,75,10.7,261,9
2026-02-16 21:00:00,32.4,24.0,517.0,451,35.5,13.7,47.0,10.0,0.0,95,22.1,76,8.2,260,5
2026-02-16 22:00:00,33.1,25.7,537.0,452,40.8,14.3,40.0,9.0,0.0,94,21.9,79,8.6,255,9
2026-02-16 23:00:00,34.6,27.5,544.0,453,42.9,14.3,36.0,8.0,0.0,93,21.6,80,10.9,264,20
2026-02-17 00:00:00,34.8,28.0,523.0,454,39.8,13.1,37.0,7.0,0.0,92,21.6,80,10.4,272,16
2026-02-17 01:00:00,32.5,25.9,489.0,454,33.6,11.3,42.0,7.0,0.0,91,21.4,82,10.0,277,10
2026-02-17 02:00:00,29.5,23.0,483.0,455,28.1,9.9,46.0,7.0,0.0,89,21.1,84,7.5,287,5
2026-02-17 03:00:00,28.1,21.5,512.0,457,23.9,9.0,48.0,8.0,0.0,87,20.7,86,4.8,292,8
2026-02-17 04:00:00,30.4,22.8,569.0,460,20.5,8.4,49.0,10.0,0.0,85,20.5,87,5.4,256,8
2026-02-17 05:00:00,29.9,19.8,678.0,463,14.8,7.8,52.0,14.0,0.0,84,19.9,89,0.3,45,14
2026-02-17 06:00:00,36.8,24.3,917.0,467,27.0,9.5,38.0,14.0,0.0,82,20.1,87,2.8,101,25
2026-02-17 07:00:00,48.5,34.5,1209.0,471,43.4,12.2,20.0,15.0,0.0,81,19.8,89,5.3,72,45
2026-02-17 08:00:00,64.0,51.1,1344.0,472,51.6,15.7,15.0,19.0,0.3,80,19.8,88,6.4,74,95
2026-02-17 09:00:00,61.7,49.8,1183.0,468,44.0,21.1,35.0,28.0,1.3,81,21.0,82,4.9,92,25
2026-02-17 10:00:00,51.7,30.4,865.0,460,28.3,27.3,69.0,40.0,3.05,82,22.6,72,4.5,137,51
2026-02-17 11:00:00,59.8,28.2,599.0,454,15.5,31.7,99.0,52.0,4.45,82,23.0,66,5.3,198,24
2026-02-17 12:00:00,68.9,29.7,455.0,450,9.9,32.7,120.0,64.0,5.8,82,24.4,58,5.2,202,30
2026-02-17 13:00:00,84.1,33.3,364.0,448,7.3,31.8,138.0,75.0,5.7,82,25.0,55,7.1,204,45
2026-02-17 14:00:00,80.3,32.8,327.0,447,6.0,30.6,148.0,81.0,4.65,83,25.1,55,8.7,214,39
2026-02-17 15:00:00,77.8,31.9,318.0,447,4.9,29.9,151.0,80.0,3.1,84,24.2,58,6.1,223,31
2026-02-17 16:00:00,72.9,30.4,362.0,448,5.2,28.9,146.0,75.0,1.5,84,24.2,56,8.7,232,40
2026-02-17 17:00:00,70.5,30.0,537.0,451,9.2,30.3,141.0,72.0,0.45,85,23.1,66,7.9,246,38
2026-02-17 18:00:00,70.5,31.2,990.0,458,18.2,28.3,117.0,59.0,0.05,86,22.4,72,7.6,242,14
2026-02-17 19:00:00,55.6,31.5,1574.0,468,30.7,25.4,84.0,41.0,0.0,92,21.6,77,6.6,248,2
2026-02-17 20:00:00,48.5,30.6,1923.0,474,41.1,23.2,57.0,28.0,0.0,89,21.2,81,3.8,270,2
2026-02-17 21:00:00,46.8,31.1,1840.0,475,48.5,22.3,41.0,24.0,0.0,88,21.4,79,1.9,343,0
2026-02-17 22:00:00,48.2,33.4,1522.0,473,53.8,22.0,31.0,23.0,0.0,89,21.2,80,2.1,59,0
2026-02-17 23:00:00,49.8,35.6,1190.0,470,53.7,21.4,30.0,24.0,0.0,89,20.5,80,2.5,94,0
2026-02-18 00:00:00,50.5,36.4,882.0,464,44.5,20.0,43.0,24.0,0.0,90,20.7,70,6.2,36,0
2026-02-18 01:00:00,49.4,35.3,561.0,457,30.0,18.4,64.0,24.0,0.0,91,19.9,65,7.5,27,0
2026-02-18 02:00:00,46.4,32.8,335.0,452,18.0,16.8,82.0,25.0,0.0,92,19.2,65,9.0,26,0
2026-02-18 03:00:00,43.8,29.5,246.0,450,11.1,15.2,91.0,26.0,0.0,93,18.8,66,9.2,33,0
2026-02-18 04:00:00,42.4,26.9,251.0,451,6.8,13.7,96.0,28.0,0.0,93,18.5,66,8.6,29,0
2026-02-18 05:00:00,43.5,25.9,332.0,452,5.6,13.0,97.0,32.0,0.0,94,18.1,67,9.4,12,0
2026-02-18 06:00:00,43.8,26.6,547.0,455,11.6,13.4,91.0,30.0,0.0,94,17.7,68,9.5,11,0
2026-02-18 07:00:00,45.1,28.8,838.0,460,19.6,14.1,82.0,28.0,0.0,94,17.5,68,8.4,9,0
2026-02-18 08:00:00,47.8,32.4,1013.0,462,23.9,15.5,82.0,28.0,0.35,94,17.9,67,7.6,12,0
2026-02-18 09:00:00,50.6,33.6,962.0,461,20.9,18.6,97.0,33.0,1.35,92,19.6,60,5.3,24,0
2026-02-18 10:00:00,56.7,34.9,795.0,457,14.1,22.4,119.0,40.0,2.95,91,21.9,51,5.0,30,0
2026-02-18 11:00:00,60.3,36.1,651.0,454,8.5,24.5,137.0,45.0,4.75,91,24.0,46,4.7,16,0
2026-02-18 12:00:00,57.7,32.0,577.0,452,5.9,23.2,145.0,46.0,6.05,92,25.5,39,3.1,80,0
2026-02-18 13:00:00,53.2,28.8,526.0,451,4.5,20.3,147.0,45.0,6.15,92,26.5,36,4.0,190,0
2026-02-18 14:00:00,51.3,27.9,493.0,450,4.1,18.2,148.0,44.0,4.9,92,26.5,40,10.2,219,5
2026-02-18 15:00:00,50.4,28.0,466.0,449,3.0,18.2,150.0,43.0,2.8,91,25.8,48,15.3,238,50
2026-02-18 16:00:00,49.7,28.3,456.0,449,3.0,19.1,151.0,42.0,1.2,91,24.8,46,16.3,250,28
2026-02-18 17:00:00,36.3,22.6,496.0,450,8.3,18.2,139.0,26.0,0.35,99,24.8,46,15.2,257,42
2026-02-18 18:00:00,38.4,24.9,628.0,452,26.7,18.5,111.0,22.0,0.05,108,23.8,48,12.6,271,14
2026-02-18 19:00:00,42.8,33.5,809.0,456,52.0,18.9,72.0,18.0,0.0,106,23.0,53,10.9,294,10
2026-02-18 20:00:00,46.2,38.3,942.0,459,70.7,19.6,42.0,14.0,0.0,93,22.5,59,9.6,311,2
2026-02-18 21:00:00,49.1,41.7,996.0,462,77.8,21.3,29.0,13.0,0.0,90,22.0,64,7.9,327,0
2026-02-18 22:00:00,52.5,44.9,1002.0,465,78.3,23.4,25.0,12.0,0.0,91,21.5,66,9.0,345,0
2026-02-18 23:00:00,53.8,46.3,952.0,466,74.1,23.9,27.0,13.0,0.0,92,21.1,70,6.1,328,0
2026-02-19 00:00:00,50.3,43.2,812.0,464,63.9,21.6,34.0,14.0,0.0,93,21.1,68,6.4,322,0
2026-02-19 01:00:00,44.9,37.3,616.0,460,49.0,17.8,47.0,17.0,0.0,94,20.7,70,7.4,319,0
2026-02-19 02:00:00,42.7,31.4,465.0,458,35.5,14.6,59.0,21.0,0.0,94,20.2,68,8.6,331,0
2026-02-19 03:00:00,44.5,27.5,386.0,459,24.3,12.6,70.0,30.0,0.0,94,20.0,59,8.6,337,0
2026-02-19 04:00:00,47.7,25.1,350.0,461,14.5,11.3,81.0,41.0,0.0,94,20.1,52,9.7,348,2
2026-02-19 05:00:00,48.0,24.2,375.0,462,6.7,11.1,95.0,43.0,0.0,94,20.6,49,11.0,4,0
2026-02-19 06:00:00,47.8,24.3,513.0,462,12.1,11.9,88.0,42.0,0.0,93,20.4,49,10.5,6,0
2026-02-19 07:00:00,48.5,25.6,711.0,462,19.3,13.1,80.0,42.0,0.0,93,20.3,51,10.6,14,0
2026-02-19 08:00:00,49.6,28.0,823.0,461,23.0,14.1,79.0,40.0,0.35,93,21.1,49,11.8,21,0
2026-02-19 09:00:00,49.1,28.8,765.0,459,19.7,15.1,93.0,38.0,1.45,93,23.2,43,10.9,27,0
2026-02-19 10:00:00,47.7,26.2,620.0,456,12.9,16.0,116.0,35.0,3.25,92,25.9,36,12.3,35,0
2026-02-19 11:00:00,42.1,25.8,493.0,454,7.3,15.8,133.0,31.0,5.3,91,27.9,31,13.2,50,0
2026-02-19 12:00:00,38.4,22.5,417.0,452,4.8,13.7,140.0,25.0,6.75,90,28.8,26,14.8,58,0
2026-02-19 13:00:00,28.4,19.3,359.0,451,3.6,10.5,142.0,17.0,6.95,90,29.5,23,15.6,60,0
2026-02-19 14:00:00,24.3,18.6,327.0,450,3.1,8.2,142.0,11.0,5.8,89,29.9,21,17.2,59,0
2026-02-19 15:00:00,23.3,19.2,315.0,449,2.9,7.5,143.0,8.0,3.9,88,30.0,21,17.7,57,0
2026-02-19 16:00:00,23.6,19.9,328.0,448,3.6,7.7,141.0,8.0,1.95,87,29.9,21,17.5,58,0
2026-02-19 17:00:00,22.5,21.0,395.0,449,5.9,8.0,138.0,3.0,0.6,90,29.5,22,17.1,57,0
2026-02-19 18:00:00,26.4,23.7,576.0,452,12.5,8.9,124.0,4.0,0.05,99,28.5,26,15.5,51,0
2026-02-19 19:00:00,30.6,27.6,810.0,457,21.5,10.1,104.0,5.0,0.0,101,27.6,28,12.9,39,0
2026-02-19 20:00:00,32.9,29.7,944.0,460,28.5,11.3,88.0,6.0,0.0,95,26.8,31,12.1,33,0
2026-02-19 21:00:00,34.6,31.1,887.0,460,32.1,12.6,77.0,6.0,0.0,85,26.0,34,9.8,32,0
2026-02-19 22:00:00,36.2,32.6,729.0,459,33.7,13.8,69.0,6.0,0.0,84,24.9,37,11.1,27,0
2026-02-19 23:00:00,37.6,33.6,586.0,457,32.4,14.3,66.0,7.0,0.0,83,24.2,38,12.3,34,0
2026-02-20 00:00:00,37.4,32.5,495.0,455,26.6,13.5,71.0,9.0,0.0,82,24.4,36,12.7,39,0
2026-02-20 01:00:00,35.3,28.9,420.0,453,18.0,12.0,82.0,11.0,0.0,81,24.1,36,13.1,46,0
2026-02-20 02:00:00,31.5,24.9,366.0,452,11.2,10.6,90.0,12.0,0.0,80,23.7,37,12.9,42,0
2026-02-20 03:00:00,27.2,21.9,325.0,452,7.5,9.6,94.0,10.0,0.0,79,23.3,38,13.1,37,0
2026-02-20 04:00:00,23.9,20.3,305.0,453,5.6,8.7,95.0,7.0,0.0,79,22.9,40,13.0,33,0
2026-02-20 05:00:00,22.7,19.8,334.0,454,5.9,8.4,93.0,5.0,0.0,79,22.3,42,12.8,24,0
2026-02-20 06:00:00,21.2,19.4,467.0,456,10.4,8.8,87.0,3.0,0.0,78,22.0,43,11.9,30,0
2026-02-20 07:00:00,21.8,20.4,650.0,458,16.3,9.5,80.0,1.0,0.0,78,21.6,44,11.4,33,0
2026-02-20 08:00:00,24.2,23.1,747.0,459,19.5,10.3,80.0,2.0,0.35,77,22.0,43,12.0,35,0
2026-02-20 09:00:00,26.5,25.2,676.0,458,17.2,11.5,94.0,7.0,1.35,77,23.8,39,10.4,32,0
2026-02-20 10:00:00,31.2,26.3,519.0,455,12.2,12.9,115.0,15.0,3.0,77,26.4,34,12.9,42,0
2026-02-20 11:00:00,43.8,28.9,395.0,453,7.9,13.5,132.0,28.0,4.7,77,28.6,27,17.1,58,0
2026-02-20 12:00:00,93.6,30.0,347.0,452,5.6,12.5,142.0,55.0,5.9,77,29.4,24,16.9,66,0
2026-02-20 13:00:00,96.9,30.0,331.0,451,4.1,10.6,148.0,87.0,6.05,77,30.0,23,14.5,70,0
2026-02-20 14:00:00,83.4,27.7,330.0,451,3.4,9.2,151.0,104.0,5.1,78,30.5,22,13.6,67,0
2026-02-20 15:00:00,68.5,25.6,334.0,451,3.2,8.8,153.0,93.0,3.45,79,30.6,22,13.4,64,0
2026-02-20 16:00:00,57.9,25.8,353.0,450,3.8,8.8,152.0,66.0,1.75,82,30.4,22,13.7,58,0
2026-02-20 17:00:00,37.4,21.5,404.0,451,6.6,9.2,152.0,30.0,0.6,98,29.8,23,13.7,52,0
2026-02-20 18:00:00,30.4,22.2,525.0,453,12.6,9.6,137.0,24.0,0.05,110,28.9,25,13.8,54,0
2026-02-20 19:00:00,30.5,25.6,679.0,457,20.9,10.1,116.0,15.0,0.0,115,27.8,30,12.5,54,0
2026-02-20 20:00:00,31.3,27.1,765.0,459,27.5,10.7,98.0,8.0,0.0,111,27.1,33,11.1,44,0
2026-02-20 21:00:00,32.6,28.3,727.0,459,31.3,11.4,84.0,6.0,0.0,102,26.3,35,12.5,30,0
2026-02-20 22:00:00,34.6,30.0,621.0,459,33.4,12.2,72.0,7.0,0.0,88,25.3,37,12.5,28,0
2026-02-20 23:00:00,36.2,32.1,522.0,458,33.0,12.5,67.0,7.0,0.0,79,24.5,40,11.1,27,0
2026-02-21 00:00:00,35.5,32.1,449.0,457,28.7,12.0,71.0,6.0,0.0,79,24.0,41,11.7,27,0
2026-02-21 01:00:00,32.7,29.7,382.0,457,21.9,11.2,81.0,5.0,0.0,79,23.4,42,11.8,23,0
2026-02-21 02:00:00,29.9,27.2,334.0,456,15.9,10.6,90.0,5.0,0.0,79,23.0,43,11.2,24,0
2026-02-21 03:00:00,28.0,25.3,293.0,455,11.1,10.5,98.0,5.0,0.0,79,22.7,43,11.7,29,0
2026-02-21 04:00:00,27.0,24.1,271.0,454,7.2,10.8,105.0,6.0,0.0,80,22.5,43,11.9,31,0
2026-02-21 05:00:00,23.7,23.6,311.0,454,6.0,11.2,109.0,0.0,0.0,80,22.3,45,12.2,31,0
2026-02-21 06:00:00,25.8,24.0,478.0,456,11.8,11.9,100.0,0.0,0.0,80,22.1,45,11.9,34,0
2026-02-21 07:00:00,27.8,25.6,708.0,459,19.7,13.0,89.0,0.0,0.0,81,21.8,46,11.4,38,0
2026-02-21 08:00:00,31.0,28.8,847.0,461,24.0,14.2,87.0,4.0,0.35,81,22.4,45,11.3,37,0
2026-02-21 09:00:00,33.4,31.1,809.0,460,21.4,15.6,101.0,40.0,1.35,82,24.4,40,8.6,41,0
2026-02-21 10:00:00,37.6,29.5,680.0,459,15.4,17.2,125.0,91.0,3.0,82,27.1,34,8.1,53,0
2026-02-21 11:00:00,107.1,33.5,571.0,457,10.2,18.3,146.0,137.0,4.8,83,29.0,29,5.4,98,0
2026-02-21 12:00:00,179.3,41.6,524.0,456,7.4,18.5,162.0,176.0,6.0,83,29.8,25,3.6,183,0
2026-02-21 13:00:00,175.1,42.1,496.0,456,5.5,18.3,176.0,211.0,6.05,84,30.1,26,8.1,211,0
2026-02-21 14:00:00,164.8,43.2,469.0,455,4.8,18.5,186.0,229.0,5.0,85,30.3,28,12.7,223,0
2026-02-21 15:00:00,156.0,43.9,415.0,454,5.1,19.9,193.0,221.0,3.3,95,29.8,32,16.0,239,0
2026-02-21 16:00:00,148.5,43.5,362.0,452,6.7,21.8,195.0,197.0,1.65,117,29.6,27,15.6,255,0
2026-02-21 17:00:00,124.8,39.5,377.0,452,10.2,25.2,197.0,160.0,0.55,140,28.9,26,13.9,266,0
2026-02-21 18:00:00,92.2,39.6,533.0,455,17.8,23.8,173.0,139.0,0.05,158,27.8,30,11.4,274,0
2026-02-21 19:00:00,77.5,39.5,756.0,459,28.3,21.9,139.0,110.0,0.0,165,26.2,38,8.9,277,0
2026-02-21 20:00:00,87.5,39.1,897.0,462,36.0,20.3,112.0,90.0,0.0,164,25.2,42,8.8,282,0
2026-02-21 21:00:00,98.0,40.3,882.0,463,38.4,19.4,98.0,90.0,0.0,156,24.5,44,8.8,272,0
2026-02-21 22:00:00,100.4,41.2,784.0,464,38.0,18.9,91.0,99.0,0.0,142,24.0,46,9.2,273,0
2026-02-21 23:00:00,99.0,41.7,672.0,463,36.4,18.0,86.0,104.0,0.0,121,23.2,53,9.2,303,0
2026-02-22 00:00:00,95.2,41.6,553.0,460,33.8,16.5,83.0,99.0,0.0,99,22.6,60,9.4,305,0
2026-02-22 01:00:00,89.4,40.9,420.0,457,30.0,14.6,83.0,89.0,0.0,99,21.9,68,10.6,317,0
2026-02-22 02:00:00,81.3,38.4,326.0,454,25.7,13.1,84.0,78.0,0.0,100,21.5,73,9.9,315,0
2026-02-22 03:00:00,71.9,34.7,277.0,453,19.3,11.9,90.0,66.0,0.0,101,21.2,77,8.7,313,0
2026-02-22 04:00:00,61.5,31.2,268.0,454,12.4,10.9,97.0,53.0,0.0,102,21.0,80,7.2,302,0
2026-02-22 05:00:00,52.5,29.2,332.0,455,10.9,11.0,98.0,41.0,0.0,103,20.4,84,5.8,272,0
2026-02-22 06:00:00,49.6,29.6,556.0,458,24.7,13.0,82.0,36.0,0.0,103,20.6,85,7.0,269,0
2026-02-22 07:00:00,52.7,33.9,854.0,461,43.0,15.9,61.0,30.0,0.0,104,20.8,87,7.7,246,0
2026-02-22 08:00:00,58.9,43.7,1005.0,462,52.1,18.3,55.0,25.0,0.45,105,21.3,87,8.2,251,0
2026-02-22 09:00:00,44.9,36.0,863.0,459,42.8,20.1,78.0,23.0,1.75,106,23.2,77,8.1,253,0
2026-02-22 10:00:00,38.0,29.1,574.0,454,24.3,21.6,116.0,22.0,3.85,107,25.0,63,10.1,254,0
2026-02-22 11:00:00,38.8,26.1,354.0,450,9.8,22.1,146.0,22.0,6.05,107,26.9,52,12.5,252,0
2026-02-22 12:00:00,38.9,25.0,295.0,449,4.9,21.1,157.0,22.0,7.5,106,27.5,48,13.9,246,0
2026-02-22 13:00:00,37.5,23.7,306.0,449,4.1,19.1,160.0,23.0,7.7,104,27.8,47,14.4,244,0
2026-02-22 14:00:00,36.4,23.1,328.0,449,4.4,17.7,159.0,24.0,6.5,102,27.9,46,14.7,245,0
2026-02-22 15:00:00,36.2,22.9,332.0,449,4.2,17.4,156.0,25.0,4.45,100,27.7,46,14.2,243,0
2026-02-22 16:00:00,36.9,23.0,348.0,448,5.1,17.7,149.0,26.0,2.25,98,27.0,52,13.4,238,0
2026-02-22 17:00:00,36.1,21.4,405.0,449,9.7,18.7,141.0,26.0,0.7,105,25.9,58,11.5,239,0
2026-02-22 18:00:00,38.2,24.7,546.0,451,19.6,18.1,120.0,22.0,0.05,118,24.9,66,9.6,240,0
2026-02-22 19:00:00,38.8,29.9,729.0,454,33.2,17.4,92.0,16.0,0.0,119,23.8,74,7.4,238,0
2026-02-22 20:00:00,40.3,32.6,859.0,457,43.0,16.7,70.0,12.0,0.0,108,23.1,80,6.4,232,0
2026-02-22 21:00:00,41.2,33.8,902.0,459,45.8,16.4,61.0,11.0,0.0,92,22.7,84,8.2,216,0
2026-02-22 22:00:00,41.8,34.0,893.0,460,44.9,16.3,59.0,11.0,0.0,92,22.4,86,8.5,218,0
2026-02-22 23:00:00,42.7,34.7,840.0,460,42.3,15.8,60.0,11.0,0.0,91,22.0,87,7.0,228,0
2026-02-23 00:00:00,42.6,34.8,720.0,459,38.0,14.6,62.0,11.0,0.0,90,21.9,87,7.7,245,0
2026-02-23 01:00:00,42.5,34.6,556.0,457,32.1,13.1,67.0,10.0,0.0,90,21.5,89,7.2,288,0
2026-02-23 02:00:00,42.1,33.1,426.0,456,26.4,11.7,72.0,10.0,0.0,89,21.2,90,6.5,276,0
2026-02-23 03:00:00,38.4,29.6,322.0,455,19.9,10.4,77.0,11.0,0.0,89,21.1,91,7.1,263,0
2026-02-23 04:00:00,36.3,27.1,253.0,454,13.7,9.2,82.0,12.0,0.0,88,20.9,92,7.5,255,0
2026-02-23 05:00:00,37.7,28.0,321.0,455,12.8,8.7,82.0,11.0,0.0,88,20.4,91,6.4,260,0
2026-02-23 06:00:00,42.0,30.7,687.0,461,23.7,9.6,66.0,10.0,0.0,88,20.4,92,6.7,270,0
2026-02-23 07:00:00,51.1,38.6,1190.0,469,38.3,10.9,46.0,10.0,0.0,88,20.0,94,6.1,284,5
2026-02-23 08:00:00,60.5,50.9,1449.0,472,45.6,12.8,40.0,14.0,0.4,88,20.3,93,5.3,303,20
2026-02-23 09:00:00,57.3,47.6,1219.0,467,38.6,16.0,64.0,27.0,1.5,89,21.9,88,3.7,299,4
2026-02-23 10:00:00,49.6,32.5,745.0,457,24.4,19.7,103.0,44.0,3.5,90,24.4,73,7.8,277,21
2026-02-23 11:00:00,67.8,30.2,383.0,450,12.9,22.2,133.0,62.0,5.6,90,26.5,58,7.4,267,0
2026-02-23 12:00:00,86.8,32.2,282.0,448,7.9,22.2,146.0,80.0,7.0,91,28.0,47,8.9,251,0
2026-02-23 13:00:00,92.4,32.6,292.0,448,5.6,21.0,150.0,98.0,7.15,91,28.6,43,10.5,243,0
2026-02-23 14:00:00,92.0,31.8,320.0,449,4.8,19.9,150.0,109.0,6.0,92,28.8,42,11.2,238,2
2026-02-23 15:00:00,89.6,31.1,326.0,449,4.7,19.7,146.0,109.0,4.1,93,28.5,44,11.0,235,9
2026-02-23 16:00:00,86.8,30.5,349.0,449,6.1,19.7,138.0,102.0,2.05,94,27.9,48,10.1,237,2
2026-02-23 17:00:00,82.2,31.1,419.0,450,11.4,22.0,130.0,91.0,0.65,94,26.9,54,11.5,241,0
2026-02-23 18:00:00,80.3,32.2,580.0,453,22.2,21.6,109.0,77.0,0.05,100,25.2,63,10.3,239,0
2026-02-23 19:00:00,65.9,34.6,787.0,457,36.9,21.0,79.0,59.0,0.0,101,23.6,75,8.6,239,0
2026-02-23 20:00:00,62.4,35.5,935.0,460,47.7,20.2,56.0,44.0,0.0,96,23.0,81,6.6,253,0
2026-02-23 21:00:00,61.0,35.3,969.0,462,50.7,19.0,47.0,38.0,0.0,96,22.7,85,7.8,248,0
2026-02-23 22:00:00,59.5,35.0,944.0,463,49.6,17.7,44.0,36.0,0.0,97,22.2,89,8.3,240,0
2026-02-23 23:00:00,58.6,35.7,915.0,464,47.7,16.4,42.0,36.0,0.0,97,21.9,92,3.4,288,0
2026-02-24 00:00:00,58.6,37.0,916.0,466,46.5,15.5,39.0,37.0,0.0,97,21.6,93,4.6,312,0
2026-02-24 01:00:00,61.0,36.9,913.0,468,44.4,14.7,36.0,41.0,0.0,97,21.1,95,5.8,334,9
2026-02-24 02:00:00,64.0,36.2,858.0,469,40.6,13.7,36.0,45.0,0.0,97,20.6,96,6.8,323,36
2026-02-24 03:00:00,68.7,36.6,674.0,466,32.8,12.1,41.0,51.0,0.0,97,20.2,97,6.1,341,98
2026-02-24 04:00:00,70.8,35.9,438.0,461,23.3,10.3,49.0,58.0,0.0,98,20.0,97,7.2,333,98
2026-02-24 05:00:00,77.5,40.7,330.0,458,18.3,8.2,51.0,60.0,0.0,99,19.6,98,7.6,329,100
2026-02-24 06:00:00,78.9,41.0,472.0,459,22.5,8.2,45.0,61.0,0.0,100,19.4,100,8.0,342,100
2026-02-24 07:00:00,82.4,43.5,743.0,462,28.0,8.4,37.0,63.0,0.0,101,19.1,100,8.2,338,100
2026-02-24 08:00:00,84.3,45.9,955.0,465,31.0,9.8,39.0,68.0,0.4,102,19.1,99,8.2,346,100
2026-02-24 09:00:00,85.2,41.9,1040.0,466,29.3,14.0,59.0,83.0,1.75,101,20.2,91,4.9,350,29
2026-02-24 10:00:00,104.1,40.2,1067.0,466,25.0,19.5,89.0,100.0,3.75,100,23.6,69,2.2,5,2
2026-02-24 11:00:00,94.8,37.1,1053.0,466,20.1,22.5,114.0,105.0,5.85,101,26.9,52,2.0,170,1
2026-02-24 12:00:00,51.5,22.2,989.0,464,14.3,20.7,127.0,83.0,7.15,102,28.8,40,5.6,178,0
2026-02-24 13:00:00,31.9,18.0,883.0,461,7.9,16.4,135.0,48.0,7.0,101,29.5,39,7.6,194,0
2026-02-24 14:00:00,31.5,18.0,783.0,459,4.4,13.6,139.0,25.0,4.8,99,30.0,38,9.8,206,0
2026-02-24 15:00:00,33.8,18.4,686.0,457,5.3,14.0,139.0,27.0,2.25,98,29.8,38,11.2,215,14
2026-02-24 16:00:00,42.6,21.3,594.0,455,9.0,15.8,135.0,42.0,1.3,97,29.0,39,12.9,228,53
2026-02-24 17:00:00,63.1,29.2,556.0,454,15.8,17.5,121.0,61.0,0.5,96,28.0,41,13.0,245,3
2026-02-24 18:00:00,63.6,31.0,596.0,455,21.8,16.6,104.0,57.0,0.05,96,26.8,51,10.0,279,1
2026-02-24 19:00:00,62.9,32.5,689.0,457,30.1,15.3,81.0,52.0,0.0,96,25.7,56,7.8,289,10
2026-02-24 20:00:00,56.6,30.7,814.0,460,36.3,14.5,62.0,46.0,0.0,96,24.9,61,8.4,317,0
2026-02-24 21:00:00,50.9,29.7,1019.0,466,38.6,14.7,53.0,40.0,0.0,95,24.1,62,7.0,316,0
2026-02-24 22:00:00,47.5,29.1,1254.0,474,38.9,15.4,49.0,33.0,0.0,95,23.8,61,5.6,264,0
2026-02-24 23:00:00,44.6,28.9,1350.0,479,38.2,15.6,46.0,27.0,0.0,94,23.0,70,4.5,313,0
2026-02-25 00:00:00,41.9,28.5,1187.0,478,36.4,14.8,43.0,22.0,0.0,94,22.5,68,6.7,326,0
2026-02-25 01:00:00,38.8,27.3,886.0,473,33.7,13.5,42.0,19.0,0.0,93,21.9,71,7.2,307,0
2026-02-25 02:00:00,35.5,25.9,631.0,470,31.3,12.6,40.0,16.0,0.0,92,21.5,76,6.8,318,0
2026-02-25 03:00:00,33.6,25.3,451.0,468,28.9,12.2,38.0,14.0,0.0,91,21.0,81,7.5,323,0
2026-02-25 04:00:00,33.1,25.4,318.0,467,26.8,12.1,36.0,14.0,0.0,90,20.5,83,5.6,333,0
2026-02-25 05:00:00,43.9,31.7,339.0,469,32.6,13.9,29.0,20.0,0.0,89,20.0,87,1.9,292,7
2026-02-25 06:00:00,45.5,33.3,659.0,476,37.8,16.3,19.0,19.0,0.0,89,19.9,87,3.4,317,0
2026-02-25 07:00:00,51.0,38.6,1133.0,485,44.7,19.7,7.0,18.0,0.0,88,19.4,85,6.2,339,0
2026-02-25 08:00:00,62.9,52.4,1430.0,489,47.5,23.3,10.0,17.0,0.5,87,20.2,73,5.4,340,1
2026-02-25 09:00:00,53.2,42.5,1382.0,484,42.8,27.7,40.0,18.0,1.75,88,23.1,55,3.1,329,0
2026-02-25 10:00:00,42.3,30.0,1157.0,474,34.1,32.2,84.0,20.0,3.85,88,26.4,39,2.4,312,0
2026-02-25 11:00:00,36.9,26.0,929.0,465,25.5,33.9,120.0,20.0,6.05,87,28.2,37,3.6,225,1
2026-02-25 12:00:00,37.5,25.4,737.0,459,17.5,30.2,139.0,18.0,7.45,86,29.1,43,7.3,216,24
2026-02-25 13:00:00,29.6,20.9,543.0,454,9.7,23.5,149.0,15.0,7.4,86,28.5,59,11.5,220,20
2026-02-25 14:00:00,26.7,19.5,406.0,451,5.1,18.5,153.0,13.0,6.1,87,28.6,54,12.8,228,16
2026-02-25 15:00:00,26.3,19.3,357.0,449,5.5,17.2,149.0,14.0,3.05,87,28.8,48,12.3,238,10
2026-02-25 16:00:00,29.6,20.7,365.0,449,9.2,17.5,138.0,16.0,1.75,87,28.1,52,13.4,239,3
2026-02-25 17:00:00,35.5,25.4,403.0,450,14.1,20.9,138.0,18.0,0.65,87,27.1,50,13.9,249,0
2026-02-25 18:00:00,34.1,25.0,486.0,451,21.4,19.4,115.0,17.0,0.05,94,26.0,58,12.6,261,0
2026-02-25 19:00:00,33.4,25.4,598.0,453,31.3,17.2,83.0,15.0,0.0,101,24.6,71,10.1,260,0
2026-02-25 20:00:00,32.9,24.9,663.0,455,38.4,15.4,59.0,14.0,0.0,93,24.1,74,9.5,268,0
2026-02-25 21:00:00,33.1,25.0,643.0,455,40.0,14.4,50.0,13.0,0.0,85,23.8,75,8.5,276,0
2026-02-25 22:00:00,33.5,25.4,576.0,455,38.7,13.8,49.0,13.0,0.0,84,23.5,75,5.4,284,0
2026-02-25 23:00:00,34.5,26.0,504.0,455,36.4,13.1,49.0,13.0,0.0,84,23.2,78,5.0,272,0
2026-02-26 00:00:00,34.6,26.0,432.0,454,33.2,11.9,49.0,13.0,0.0,84,22.6,83,6.4,302,0
2026-02-26 01:00:00,34.0,25.1,355.0,453,29.0,10.5,50.0,13.0,0.0,84,22.0,88,7.0,312,0
2026-02-26 02:00:00,32.8,23.9,298.0,453,25.0,9.5,52.0,13.0,0.0,83,21.7,91,5.1,318,0
2026-02-26 03:00:00,31.3,22.6,233.0,453,20.6,9.0,54.0,13.0,0.0,83,21.2,95,5.3,327,0
2026-02-26 04:00:00,29.4,21.4,187.0,453,16.3,9.0,57.0,12.0,0.0,83,20.9,96,7.5,323,9
2026-02-26 05:00:00,28.2,19.8,268.0,456,13.6,8.6,62.0,12.0,0.0,83,20.7,94,6.0,323,17
2026-02-26 06:00:00,27.1,19.2,616.0,463,20.7,9.6,53.0,11.0,0.0,82,20.5,93,4.6,315,23
2026-02-26 07:00:00,28.1,21.1,1091.0,472,30.1,11.1,41.0,9.0,0.0,80,19.6,96,4.5,307,32
2026-02-26 08:00:00,32.0,26.3,1373.0,477,35.1,13.2,39.0,8.0,0.5,79,19.8,93,6.6,325,2
2026-02-26 09:00:00,33.1,27.2,1285.0,473,31.6,16.8,54.0,9.0,1.8,76,22.5,76,1.4,203,1
2026-02-26 10:00:00,31.9,24.3,1004.0,465,23.6,21.1,79.0,12.0,3.85,75,24.5,71,5.8,210,13
2026-02-26 11:00:00,29.6,22.5,745.0,458,16.4,23.5,102.0,13.0,6.0,75,27.0,59,6.1,227,13
2026-02-26 12:00:00,28.2,21.6,568.0,454,11.1,22.4,120.0,13.0,7.4,74,28.6,55,8.3,222,9
2026-02-26 13:00:00,27.8,21.5,413.0,451,6.5,19.5,136.0,12.0,7.5,74,29.4,55,10.8,226,6
2026-02-26 14:00:00,26.5,20.5,311.0,449,4.3,17.0,143.0,11.0,6.25,74,30.0,51,12.4,227,13
2026-02-26 15:00:00,26.3,20.1,284.0,448,5.3,16.1,137.0,11.0,4.2,74,30.1,48,14.6,232,3
2026-02-26 16:00:00,27.7,20.7,311.0,448,8.7,15.6,122.0,12.0,2.15,74,29.8,44,14.3,250,1
2026-02-26 17:00:00,28.3,22.4,355.0,448,13.1,17.0,112.0,10.0,0.7,74,29.4,37,13.0,264,1
2026-02-26 18:00:00,27.6,22.4,424.0,449,18.9,15.0,94.0,9.0,0.05,74,27.9,43,12.4,268,0
2026-02-26 19:00:00,27.0,22.1,511.0,452,26.6,12.3,70.0,8.0,0.0,74,26.0,52,10.7,275,0
2026-02-26 20:00:00,27.8,21.7,560.0,453,31.2,10.1,53.0,9.0,0.0,73,25.1,58,10.5,274,0
2026-02-26 21:00:00,30.3,21.9,545.0,453,29.7,9.2,52.0,12.0,0.0,73,24.5,64,11.7,266,0
2026-02-26 22:00:00,32.9,22.3,492.0,453,25.0,8.8,60.0,16.0,0.0,73,24.2,64,12.8,271,0
2026-02-26 23:00:00,35.7,23.1,430.0,452,20.7,8.4,66.0,20.0,0.0,73,24.0,64,13.1,279,0
2026-02-27 00:00:00,38.2,23.8,356.0,451,17.9,7.7,68.0,23.0,0.0,72,23.9,63,13.1,286,0
2026-02-27 01:00:00,39.8,24.0,273.0,450,15.4,7.1,68.0,25.0,0.0,72,23.6,59,13.0,295,0
2026-02-27 02:00:00,39.9,23.5,213.0,449,13.1,6.6,69.0,26.0,0.0,72,23.1,60,12.3,310,0
2026-02-27 03:00:00,38.9,22.4,178.0,449,10.2,6.3,71.0,26.0,0.0,72,22.8,63,11.5,309,0
2026-02-27 04:00:00,37.1,21.2,166.0,448,7.6,6.2,74.0,24.0,0.0,72,22.3,74,11.8,304,0
2026-02-27 05:00:00,35.7,20.4,209.0,449,8.3,6.8,71.0,24.0,0.0,72,21.8,84,12.1,302,0
2026-02-27 06:00:00,35.3,20.3,369.0,451,14.9,7.7,63.0,23.0,0.0,72,21.5,89,11.2,298,0
2026-02-27 07:00:00,36.7,21.9,584.0,454,23.7,9.1,52.0,21.0,0.0,72,21.4,92,10.5,294,0
2026-02-27 08:00:00,39.9,25.7,700.0,455,28.3,11.0,51.0,22.0,0.5,72,22.1,90,9.4,288,0
2026-02-27 09:00:00,44.9,25.9,619.0,453,24.7,13.9,68.0,27.0,1.8,72,23.9,80,9.6,282,0
2026-02-27 10:00:00,49.2,25.5,438.0,450,16.9,17.3,94.0,33.0,3.9,72,25.9,63,9.7,271,0
2026-02-27 11:00:00,48.0,24.6,299.0,448,10.4,19.6,115.0,37.0,6.1,72,27.1,54,11.4,254,0
2026-02-27 12:00:00,42.1,22.7,257.0,447,7.3,20.0,128.0,35.0,7.65,72,27.5,55,14.4,250,0
2026-02-27 13:00:00,39.7,22.2,256.0,448,5.5,19.3,135.0,31.0,7.8,72,27.5,54,15.3,249,0
2026-02-27 14:00:00,39.0,22.2,266.0,448,4.8,18.3,138.0,27.0,6.6,72,27.5,54,15.6,248,0
2026-02-27 15:00:00,38.6,22.0,273.0,448,4.8,17.2,134.0,27.0,4.45,73,27.2,55,15.4,247,0
2026-02-27 16:00:00,38.8,21.7,292.0,448,5.9,15.9,124.0,27.0,2.25,73,26.6,59,15.3,248,0
2026-02-27 17:00:00,40.5,22.6,330.0,449,9.1,15.1,111.0,28.0,0.7,73,25.8,63,14.1,248,0
2026-02-27 18:00:00,42.6,23.8,409.0,450,15.0,14.7,99.0,26.0,0.1,75,24.8,72,12.5,247,0
2026-02-27 19:00:00,39.7,25.4,507.0,452,23.2,14.1,82.0,22.0,0.0,76,23.9,80,10.5,248,0
2026-02-27 20:00:00,41.1,26.8,574.0,454,29.6,13.6,68.0,20.0,0.0,73,23.6,82,10.2,247,0
2026-02-27 21:00:00,42.0,28.1,590.0,455,33.1,13.6,61.0,19.0,0.0,74,23.3,84,10.1,246,0
2026-02-27 22:00:00,42.8,29.1,574.0,456,34.8,13.7,58.0,18.0,0.0,74,23.0,85,9.6,244,0
2026-02-27 23:00:00,43.5,29.8,532.0,456,34.4,13.4,57.0,19.0,0.0,75,23.1,82,9.3,243,0
2026-02-28 00:00:00,44.0,29.3,449.0,455,30.6,12.2,60.0,21.0,0.0,75,22.9,84,8.3,252,0
2026-02-28 01:00:00,43.4,27.6,340.0,454,24.7,10.6,66.0,24.0,0.0,76,22.7,85,8.6,262,0
2026-02-28 02:00:00,43.9,26.0,258.0,453,19.5,9.3,71.0,26.0,0.0,76,22.5,85,9.1,262,0
2026-02-28 03:00:00,43.1,24.2,211.0,453,15.4,8.6,73.0,27.0,0.0,77,22.3,86,8.3,266,0
2026-02-28 04:00:00,40.9,22.2,192.0,453,12.1,8.1,75.0,27.0,0.0,77,22.0,89,8.0,265,0
2026-02-28 05:00:00,40.5,20.4,231.0,453,10.3,7.7,76.0,31.0,0.0,77,21.8,88,8.8,266,0
2026-02-28 06:00:00,38.8,19.8,393.0,455,15.9,8.3,70.0,28.0,0.0,77,21.8,89,9.5,270,0
2026-02-28 07:00:00,40.9,21.4,614.0,457,23.2,9.3,62.0,25.0,0.05,77,21.6,90,9.8,284,0
2026-02-28 08:00:00,45.3,24.8,730.0,458,26.8,10.8,64.0,32.0,0.5,77,22.3,86,9.3,286,0
2026-02-28 09:00:00,52.0,26.0,635.0,456,22.9,13.2,84.0,59.0,1.8,77,24.3,76,10.0,279,0
2026-02-28 10:00:00,75.0,26.7,435.0,453,15.2,16.2,113.0,97.0,3.85,77,26.0,63,11.0,274,0
2026-02-28 11:00:00,99.0,30.0,283.0,450,8.9,18.1,135.0,124.0,6.05,77,27.3,54,11.7,260,0
2026-02-28 12:00:00,106.9,31.2,240.0,449,6.0,18.3,144.0,132.0,7.5,77,28.0,52,12.6,256,0
2026-02-28 13:00:00,102.7,30.5,245.0,449,4.5,17.4,147.0,130.0,7.6,78,28.3,51,14.2,252,0
2026-02-28 14:00:00,98.7,29.8,263.0,449,4.2,16.7,145.0,126.0,6.4,79,28.2,50,15.0,252,0
2026-02-28 15:00:00,96.2,29.4,281.0,449,4.7,16.4,140.0,123.0,4.35,79,28.1,49,14.4,252,1
2026-02-28 16:00:00,92.7,28.8,312.0,449,6.4,16.2,130.0,117.0,2.2,80,27.7,47,13.2,253,0
2026-02-28 17:00:00,76.6,25.9,359.0,450,10.4,16.5,118.0,91.0,0.75,87,26.6,55,12.5,250,0
2026-02-28 18:00:00,70.5,25.8,441.0,452,17.8,15.7,101.0,78.0,0.1,95,25.1,68,11.9,248,0
2026-02-28 19:00:00,56.8,26.8,538.0,454,27.9,14.5,79.0,60.0,0.0,92,23.8,81,10.8,249,0
2026-02-28 20:00:00,53.9,26.8,596.0,455,35.0,13.6,61.0,46.0,0.0,81,23.2,85,10.3,248,0
2026-02-28 21:00:00,51.3,26.5,581.0,455,36.3,13.1,54.0,39.0,0.0,81,23.0,87,10.4,252,1
2026-02-28 22:00:00,49.1,26.4,527.0,454,34.6,12.9,53.0,36.0,0.0,81,22.5,89,10.3,257,2
2026-02-28 23:00:00,48.1,26.1,477.0,454,32.2,12.4,52.0,35.0,0.0,81,22.3,90,8.7,265,5
2026-03-01 00:00:00,47.6,26.0,447.0,454,29.7,11.5,51.0,35.0,0.0,81,22.1,91,6.6,281,22
2026-03-01 01:00:00,48.3,26.0,421.0,455,26.5,10.3,52.0,36.0,0.0,80,21.9,91,6.2,282,30
2026-03-01 02:00:00,49.0,26.0,393.0,456,23.3,9.3,52.0,37.0,0.0,80,21.5,93,6.5,293,80
2026-03-01 03:00:00,50.3,26.3,337.0,457,19.1,8.5,53.0,38.0,0.0,80,21.2,94,6.9,300,100
2026-03-01 04:00:00,51.1,26.5,279.0,458,14.8,7.8,55.0,38.0,0.0,80,21.1,94,6.6,307,100
2026-03-01 05:00:00,49.2,26.5,285.0,459,11.9,7.1,56.0,35.0,0.0,81,21.2,94,6.9,307,99
2026-03-01 06:00:00,50.6,28.5,432.0,460,18.0,7.5,49.0,35.0,0.0,81,21.0,95,5.6,312,97
2026-03-01 07:00:00,56.5,33.4,644.0,461,26.1,8.2,40.0,35.0,0.05,82,20.8,96,5.5,319,95
2026-03-01 08:00:00,61.5,38.8,760.0,461,30.1,10.3,42.0,35.0,0.45,83,20.9,93,4.5,331,22
2026-03-01 09:00:00,59.5,34.6,684.0,459,26.2,15.0,64.0,36.0,1.65,84,22.5,82,5.1,318,16
2026-03-01 10:00:00,56.6,29.3,512.0,455,18.3,21.0,97.0,37.0,3.95,85,24.4,68,5.6,291,16
2026-03-01 11:00:00,51.0,27.2,373.0,452,11.8,25.6,125.0,37.0,6.35,85,26.2,60,6.4,252,9
2026-03-01 12:00:00,45.1,25.3,313.0,450,8.5,27.9,145.0,35.0,7.85,85,27.2,56,10.4,238,1
2026-03-01 13:00:00,40.7,23.6,285.0,450,6.5,28.7,160.0,31.0,7.95,85,27.2,58,13.1,237,2
2026-03-01 14:00:00,39.7,23.6,276.0,449,5.8,28.4,166.0,28.0,6.7,84,27.2,56,13.4,239,0
2026-03-01 15:00:00,38.4,22.8,277.0,449,5.8,26.5,161.0,27.0,4.55,83,27.0,56,13.2,241,0
2026-03-01 16:00:00,38.5,22.2,296.0,448,7.2,23.4,147.0,27.0,2.3,83,26.5,57,12.6,243,0
2026-03-01 17:00:00,30.5,18.3,346.0,449,10.8,20.8,128.0,19.0,0.75,93,25.6,61,11.8,245,0
2026-03-01 18:00:00,29.3,17.9,450.0,451,18.6,19.2,109.0,18.0,0.1,107,24.5,69,10.5,253,0
2026-03-01 19:00:00,30.3,20.9,586.0,453,29.6,16.9,82.0,16.0,0.0,109,23.4,77,8.8,258,0
2026-03-01 20:00:00,33.5,23.5,698.0,456,38.8,15.4,60.0,14.0,0.0,100,22.9,81,7.9,254,0
2026-03-01 21:00:00,35.7,25.4,768.0,459,44.9,15.4,48.0,13.0,0.0,82,22.6,83,7.3,260,0
2026-03-01 22:00:00,38.0,27.8,815.0,462,49.2,16.1,41.0,13.0,0.0,80,22.2,85,6.2,278,0
2026-03-01 23:00:00,40.4,30.5,835.0,464,51.0,16.4,37.0,13.0,0.0,80,22.0,87,5.7,288,0
2026-03-02 00:00:00,41.6,31.9,828.0,466,49.6,15.7,36.0,14.0,0.0,80,21.8,88,5.1,302,0
2026-03-02 01:00:00,41.9,31.8,795.0,467,45.6,14.5,39.0,15.0,0.0,81,21.3,90,4.7,310,5
2026-03-02 02:00:00,42.7,31.2,733.0,467,40.3,13.2,43.0,15.0,0.0,81,20.8,93,4.6,334,20
2026-03-02 03:00:00,41.4,29.8,609.0,466,32.3,11.6,49.0,14.0,0.0,82,20.5,96,4.8,333,22
2026-03-02 04:00:00,39.6,28.7,456.0,464,22.9,9.9,57.0,13.0,0.0,82,20.3,96,5.5,322,52
2026-03-02 05:00:00,35.6,25.8,374.0,462,15.1,8.0,64.0,11.0,0.0,82,20.6,96,6.6,315,99
2026-03-02 06:00:00,36.1,26.6,441.0,461,21.4,8.3,54.0,8.0,0.0,82,20.5,98,6.3,329,98
2026-03-02 07:00:00,39.0,29.9,578.0,460,29.9,8.9,42.0,5.0,0.05,82,20.2,99,6.0,344,100
2026-03-02 08:00:00,42.8,37.5,654.0,458,34.1,10.7,41.0,6.0,0.5,82,20.3,99,5.9,348,100
2026-03-02 09:00:00,39.7,32.5,596.0,456,30.3,14.8,62.0,16.0,1.85,82,22.2,87,7.9,315,34
2026-03-02 10:00:00,43.0,26.0,476.0,453,22.3,20.1,96.0,31.0,4.05,82,24.8,72,5.6,301,15
2026-03-02 11:00:00,52.3,25.7,380.0,451,15.4,24.5,125.0,43.0,6.3,81,27.2,57,5.8,274,0
2026-03-02 12:00:00,57.6,26.6,340.0,450,11.3,27.4,148.0,48.0,7.75,81,29.0,47,7.0,249,0
2026-03-02 13:00:00,58.6,26.5,325.0,450,8.3,29.4,166.0,50.0,7.85,81,29.2,51,10.5,229,0
2026-03-02 14:00:00,55.5,26.1,323.0,450,7.1,29.8,175.0,51.0,6.55,82,28.4,58,14.1,223,0
2026-03-02 15:00:00,53.1,25.6,334.0,450,7.7,27.7,169.0,51.0,4.4,82,27.8,57,14.3,227,0
2026-03-02 16:00:00,51.9,24.5,358.0,450,10.0,23.9,153.0,49.0,2.25,82,27.1,59,12.1,226,0
2026-03-02 17:00:00,50.9,24.9,391.0,450,14.1,23.7,139.0,45.0,0.7,99,25.8,68,10.9,230,0
2026-03-02 18:00:00,48.4,24.4,435.0,451,20.5,20.5,117.0,44.0,0.1,116,24.8,74,10.1,237,0
2026-03-02 19:00:00,47.1,25.9,487.0,452,29.4,16.1,86.0,42.0,0.0,120,23.7,81,8.8,244,0
2026-03-02 20:00:00,50.2,26.3,532.0,453,37.1,13.0,61.0,40.0,0.0,112,23.2,85,8.8,255,0
2026-03-02 21:00:00,50.9,27.5,570.0,455,42.8,12.7,48.0,39.0,0.0,93,23.0,87,7.2,264,0
2026-03-02 22:00:00,52.5,29.6,601.0,458,47.3,13.7,41.0,38.0,0.0,84,22.5,89,7.1,285,0
2026-03-02 23:00:00,56.7,33.2,611.0,460,49.2,14.4,37.0,38.0,0.0,84,22.4,92,6.7,294,5
2026-03-03 00:00:00,57.6,35.6,596.0,461,47.5,14.2,36.0,38.0,0.0,85,22.0,93,6.0,307,10
2026-03-03 01:00:00,54.5,33.5,561.0,462,43.1,13.6,38.0,38.0,0.0,85,21.6,95,5.9,315,16
2026-03-03 02:00:00,54.5,31.3,505.0,462,37.6,12.9,41.0,37.0,0.0,85,21.2,97,7.5,323,57
2026-03-03 03:00:00,52.0,28.9,384.0,459,29.5,11.8,47.0,35.0,0.0,85,20.9,98,7.3,330,100
2026-03-03 04:00:00,48.8,26.4,243.0,454,20.3,10.5,55.0,33.0,0.0,85,21.0,99,10.1,329,100
2026-03-03 05:00:00,49.2,27.9,210.0,452,20.4,11.3,46.0,32.0,0.0,85,21.1,98,8.4,341,31
2026-03-03 06:00:00,47.4,27.0,396.0,454,25.2,11.2,38.0,30.0,0.0,85,20.4,98,7.3,343,68
2026-03-03 07:00:00,49.8,28.8,691.0,458,31.5,11.4,29.0,29.0,0.05,85,19.7,99,7.1,345,95
2026-03-03 08:00:00,51.0,32.6,892.0,461,34.4,13.9,32.0,29.0,0.55,85,20.3,94,5.8,338,13
2026-03-03 09:00:00,54.6,32.7,909.0,461,30.9,21.2,59.0,34.0,2.0,85,22.3,79,3.7,331,1
2026-03-03 10:00:00,60.1,31.1,832.0,459,24.0,30.7,98.0,42.0,4.2,85,25.3,59,3.3,324,2
2026-03-03 11:00:00,52.3,26.7,732.0,457,17.6,36.8,131.0,46.0,6.45,85,28.5,43,2.5,266,0
2026-03-03 12:00:00,43.9,24.3,607.0,455,12.6,36.3,152.0,42.0,7.95,85,30.3,34,6.3,204,0
2026-03-03 13:00:00,41.4,24.4,458.0,452,8.0,32.3,167.0,35.0,8.0,85,30.3,35,10.3,196,0
2026-03-03 14:00:00,40.7,25.0,357.0,450,5.4,28.4,173.0,29.0,6.7,85,30.1,34,11.2,199,0
2026-03-03 15:00:00,39.3,24.7,333.0,449,4.5,25.9,168.0,27.0,4.55,85,29.7,36,11.4,206,0
2026-03-03 16:00:00,37.1,23.2,358.0,449,5.5,23.6,155.0,26.0,2.35,85,28.6,46,11.4,217,0
2026-03-03 17:00:00,31.7,19.4,420.0,450,10.8,21.3,132.0,22.0,0.8,101,27.1,56,10.7,233,0
2026-03-03 18:00:00,35.0,20.5,549.0,452,22.5,19.5,106.0,23.0,0.1,117,25.8,65,8.9,245,0
2026-03-03 19:00:00,39.8,25.5,715.0,456,38.7,17.1,70.0,25.0,0.0,118,24.1,78,8.2,255,0
2026-03-03 20:00:00,44.2,28.5,816.0,458,50.8,15.4,42.0,27.0,0.0,105,23.2,85,7.0,267,0
2026-03-03 21:00:00,47.7,31.4,800.0,459,55.7,15.3,31.0,28.0,0.0,84,22.6,87,6.5,283,0
2026-03-03 22:00:00,50.1,32.9,718.0,459,56.5,15.8,28.0,29.0,0.0,84,22.0,91,8.1,295,0
2026-03-03 23:00:00,51.5,33.3,621.0,459,54.3,15.8,28.0,30.0,0.0,84,21.5,96,9.1,309,0
2026-03-04 00:00:00,51.1,32.4,512.0,458,48.1,14.5,31.0,31.0,0.0,84,21.3,97,10.6,312,61
2026-03-04 01:00:00,50.3,30.5,389.0,456,38.9,12.6,38.0,33.0,0.0,84,21.0,98,9.5,323,100
2026-03-04 02:00:00,49.1,28.3,293.0,454,30.6,10.9,44.0,34.0,0.0,84,20.8,98,10.1,325,100
2026-03-04 03:00:00,47.8,26.5,233.0,453,23.7,9.6,48.0,35.0,0.0,84,20.9,95,8.4,329,33
2026-03-04 04:00:00,48.2,25.7,201.0,451,17.7,8.6,51.0,37.0,0.0,83,20.5,96,7.3,329,10
2026-03-04 05:00:00,54.9,29.1,216.0,451,16.8,7.9,47.0,41.0,0.0,83,20.2,98,7.2,328,93
2026-03-04 06:00:00,57.7,30.9,321.0,452,21.1,8.0,43.0,44.0,0.0,83,20.1,95,6.0,339,99
2026-03-04 07:00:00,63.8,34.7,472.0,454,26.7,8.2,38.0,48.0,0.05,84,19.9,97,5.2,329,96
2026-03-04 08:00:00,68.5,37.6,561.0,455,28.9,9.7,41.0,50.0,0.45,84,20.3,95,6.0,314,43
2026-03-04 09:00:00,68.2,32.7,524.0,454,24.4,13.6,59.0,50.0,1.65,85,22.1,83,7.6,301,39
2026-03-04 10:00:00,63.6,29.7,425.0,452,16.4,18.6,85.0,49.0,4.05,85,24.0,71,5.4,285,12
2026-03-04 11:00:00,54.9,27.4,341.0,450,10.0,22.3,108.0,46.0,6.6,85,26.2,53,7.3,253,0
2026-03-04 12:00:00,47.6,25.4,299.0,449,7.0,23.3,124.0,40.0,8.3,85,27.5,47,10.5,243,0
2026-03-04 13:00:00,41.1,23.3,273.0,448,5.5,22.8,136.0,31.0,8.5,85,27.9,47,11.5,240,0
2026-03-04 14:00:00,35.6,21.3,263.0,447,5.2,22.1,141.0,24.0,7.15,85,28.0,43,12.3,238,0
2026-03-04 15:00:00,31.4,19.6,271.0,447,5.5,21.5,138.0,20.0,4.9,84,27.7,43,12.7,239,0
2026-03-04 16:00:00,28.5,18.6,295.0,447,6.9,20.7,129.0,16.0,2.55,84,27.0,45,12.6,244,0
2026-03-04 17:00:00,25.2,16.5,334.0,448,10.5,18.0,111.0,13.0,0.85,83,25.5,60,12.8,256,0
2026-03-04 18:00:00,24.6,16.9,403.0,450,18.7,17.5,94.0,11.0,0.1,83,24.2,70,12.1,267,0
2026-03-04 19:00:00,26.6,20.7,487.0,451,29.9,16.7,70.0,9.0,0.0,83,23.1,76,11.3,280,0
2026-03-04 20:00:00,27.8,21.9,540.0,453,37.1,15.8,53.0,7.0,0.0,82,22.7,75,11.1,293,0
2026-03-04 21:00:00,27.0,21.4,544.0,454,36.9,14.7,49.0,5.0,0.0,82,22.3,77,9.2,301,0
2026-03-04 22:00:00,25.1,20.5,516.0,454,32.8,13.4,51.0,4.0,0.0,81,21.8,80,8.2,302,0
2026-03-04 23:00:00,23.1,19.4,469.0,454,28.1,12.0,55.0,3.0,0.0,80,21.4,84,8.7,294,0
2026-03-05 00:00:00,21.0,17.9,390.0,453,23.6,10.4,59.0,2.0,0.0,79,21.3,85,8.7,292,0
2026-03-05 01:00:00,18.4,15.8,290.0,451,18.5,8.8,64.0,1.0,0.0,77,21.0,88,8.7,294,0
2026-03-05 02:00:00,15.9,13.6,215.0,450,14.3,7.6,68.0,0.0,0.0,76,20.8,88,9.2,298,0
2026-03-05 03:00:00,14.2,12.0,168.0,450,10.9,6.9,70.0,0.0,0.0,75,20.7,88,9.6,298,0
2026-03-05 04:00:00,12.9,10.8,145.0,449,8.3,6.5,71.0,0.0,0.0,73,20.6,90,10.0,296,0
2026-03-05 05:00:00,12.7,10.0,181.0,450,8.5,6.7,70.0,2.0,0.0,72,20.9,93,11.0,285,0
2026-03-05 06:00:00,12.7,10.3,342.0,452,14.7,7.6,63.0,2.0,0.0,70,21.0,93,10.6,285,0
2026-03-05 07:00:00,14.8,12.5,561.0,454,22.8,8.8,53.0,1.0,0.05,69,20.9,91,10.4,287,0
2026-03-05 08:00:00,19.0,16.6,675.0,455,26.9,10.2,52.0,1.0,0.6,67,21.8,86,9.6,286,0
2026-03-05 09:00:00,19.8,16.2,579.0,453,22.8,11.8,67.0,2.0,2.1,65,24.0,73,12.6,283,0
2026-03-05 10:00:00,19.6,14.7,377.0,449,14.6,13.6,91.0,4.0,4.4,63,25.9,61,14.5,281,0
2026-03-05 11:00:00,19.2,13.4,225.0,446,8.0,14.6,109.0,6.0,6.85,62,26.6,58,16.3,276,4
2026-03-05 12:00:00,18.7,12.5,187.0,445,5.2,14.3,116.0,8.0,8.45,61,27.4,54,16.4,273,1
2026-03-05 13:00:00,19.0,12.0,198.0,445,4.1,13.4,116.0,10.0,8.65,60,27.9,50,16.9,270,0
2026-03-05 14:00:00,20.5,12.0,217.0,445,4.0,12.7,114.0,12.0,7.3,59,28.0,46,17.1,268,0
2026-03-05 15:00:00,23.1,12.8,229.0,445,4.4,12.7,109.0,15.0,5.0,58,27.5,47,17.1,266,0
2026-03-05 16:00:00,25.8,13.9,250.0,446,5.8,13.0,101.0,18.0,2.55,57,26.6,53,16.7,264,0
2026-03-05 17:00:00,27.5,15.6,280.0,447,8.5,13.1,92.0,18.0,0.85,57,25.5,61,16.6,261,0
2026-03-05 18:00:00,29.9,17.1,330.0,448,13.8,12.7,80.0,19.0,0.1,57,24.5,68,16.0,262,0
2026-03-05 19:00:00,31.3,19.6,389.0,449,21.1,12.1,65.0,19.0,0.0,57,23.7,76,14.1,263,0
2026-03-05 20:00:00,33.8,21.0,431.0,450,25.8,11.5,53.0,20.0,0.0,57,23.3,82,11.8,261,0
2026-03-05 21:00:00,35.4,21.7,451.0,451,26.0,11.1,50.0,21.0,0.0,57,23.0,86,11.9,264,0
2026-03-05 22:00:00,36.0,21.9,453.0,451,23.7,10.8,51.0,21.0,0.0,57,22.8,87,11.5,268,0
2026-03-05 23:00:00,36.1,22.0,427.0,451,20.7,10.3,53.0,21.0,0.0,57,22.7,87,12.1,272,0
2026-03-06 00:00:00,35.3,21.3,348.0,450,17.1,9.3,56.0,21.0,0.0,57,22.7,89,12.6,275,0
2026-03-06 01:00:00,33.6,19.9,240.0,447,12.8,8.1,60.0,20.0,0.0,57,22.6,90,13.0,276,0
2026-03-06 02:00:00,32.0,18.7,161.0,446,9.3,7.0,63.0,19.0,0.0,58,22.5,90,13.5,279,2
2026-03-06 03:00:00,31.3,17.9,133.0,446,6.8,6.2,65.0,18.0,0.0,58,22.4,92,13.7,284,32
2026-03-06 04:00:00,30.2,17.3,134.0,446,5.1,5.5,67.0,17.0,0.0,59,22.5,91,14.3,284,36
2026-03-06 05:00:00,29.9,17.4,158.0,447,5.6,5.5,65.0,19.0,0.0,59,22.5,90,14.9,285,51
2026-03-06 06:00:00,30.3,18.1,224.0,448,9.6,6.0,60.0,19.0,0.0,60,22.7,90,14.4,286,36
2026-03-06 07:00:00,31.7,19.7,314.0,449,14.9,6.9,54.0,19.0,0.05,60,22.5,92,13.3,286,30
2026-03-06 08:00:00,37.1,22.2,366.0,449,17.7,8.2,53.0,24.0,0.5,61,23.4,86,14.1,284,21
2026-03-06 09:00:00,46.8,21.7,343.0,449,15.5,10.5,63.0,39.0,2.15,62,25.0,76,14.5,282,22
2026-03-06 10:00:00,57.5,22.6,282.0,448,10.9,13.2,80.0,59.0,4.55,62,26.4,69,15.3,279,11
2026-03-06 11:00:00,66.8,24.3,235.0,447,7.1,15.1,93.0,75.0,7.0,63,27.8,62,15.1,273,5
2026-03-06 12:00:00,73.6,25.5,221.0,447,5.4,15.3,101.0,83.0,8.65,64,28.6,58,15.8,271,2
2026-03-06 13:00:00,76.1,26.3,222.0,447,4.6,14.7,106.0,88.0,8.75,65,29.0,58,16.0,269,0
2026-03-06 14:00:00,75.2,26.5,232.0,447,4.7,14.1,107.0,88.0,7.4,66,29.0,58,16.2,267,0
2026-03-06 15:00:00,73.1,27.0,250.0,447,5.4,13.9,103.0,83.0,5.0,67,28.8,60,15.4,263,0
2026-03-06 16:00:00,69.4,27.0,277.0,447,7.0,13.8,95.0,74.0,2.6,69,28.1,63,14.3,259,0
2026-03-06 17:00:00,61.2,24.5,317.0,448,10.1,14.3,87.0,64.0,0.85,70,27.2,71,13.1,255,0
2026-03-06 18:00:00,53.9,24.4,381.0,449,16.9,13.7,74.0,55.0,0.1,71,25.9,76,12.4,257,0
2026-03-06 19:00:00,46.8,25.7,457.0,451,26.2,12.8,57.0,43.0,0.0,71,24.8,82,10.9,264,0
2026-03-06 20:00:00,47.6,26.1,509.0,452,32.3,12.1,45.0,35.0,0.0,72,24.1,88,9.5,268,0
2026-03-06 21:00:00,50.9,26.5,528.0,453,32.6,11.7,43.0,37.0,0.0,72,23.8,90,9.0,269,0
2026-03-06 22:00:00,54.6,27.0,524.0,454,29.8,11.4,46.0,43.0,0.0,73,23.5,90,8.6,270,0
2026-03-06 23:00:00,56.3,27.4,490.0,454,26.4,10.9,49.0,48.0,0.0,73,23.4,91,8.6,272,0
2026-03-07 00:00:00,55.9,27.0,406.0,453,23.0,9.9,51.0,49.0,0.0,74,23.2,92,8.7,276,0
2026-03-07 01:00:00,56.1,26.1,293.0,451,19.1,8.8,54.0,48.0,0.0,74,23.1,92,7.9,269,0
2026-03-07 02:00:00,54.5,24.6,209.0,450,15.6,7.8,56.0,50.0,0.0,75,23.0,93,7.2,266,0
2026-03-07 03:00:00,56.3,23.4,151.0,449,12.4,7.1,59.0,55.0,0.0,75,22.7,93,7.5,262,0
2026-03-07 04:00:00,59.6,22.6,123.0,448,9.6,6.6,62.0,62.0,0.0,76,22.7,92,7.9,257,0
2026-03-07 05:00:00,64.3,23.5,196.0,449,9.6,6.5,61.0,70.0,0.0,76,22.5,93,7.4,248,0
2026-03-07 06:00:00,66.4,24.9,480.0,453,15.7,7.0,54.0,71.0,0.0,77,22.5,94,7.1,236,0
2026-03-07 07:00:00,71.0,28.1,866.0,458,23.8,7.8,45.0,74.0,0.05,77,22.1,95,5.9,232,0
2026-03-07 08:00:00,81.3,33.6,1094.0,461,28.3,9.7,45.0,83.0,0.55,78,23.2,94,6.6,244,0
2026-03-07 09:00:00,89.4,32.7,1014.0,460,25.9,13.9,61.0,103.0,1.9,79,24.8,85,6.0,253,32
2026-03-07 10:00:00,101.7,34.0,777.0,456,19.9,19.2,85.0,130.0,4.3,80,26.5,76,5.0,226,11
2026-03-07 11:00:00,122.5,38.0,571.0,453,14.5,22.9,107.0,153.0,6.75,81,27.9,68,8.1,212,10
2026-03-07 12:00:00,143.9,42.5,460.0,451,10.9,23.7,125.0,172.0,8.25,82,28.8,64,10.4,217,2
2026-03-07 13:00:00,152.7,44.7,380.0,450,8.0,23.0,141.0,187.0,8.35,84,29.5,60,11.3,222,1
2026-03-07 14:00:00,149.0,44.7,335.0,449,6.7,21.8,148.0,194.0,7.05,85,29.8,58,12.2,224,0
2026-03-07 15:00:00,142.5,43.9,333.0,449,7.1,20.3,142.0,189.0,4.8,87,29.5,58,12.6,227,0
2026-03-07 16:00:00,134.6,42.7,366.0,448,9.0,18.3,128.0,174.0,2.45,89,28.8,61,12.2,227,0
2026-03-07 17:00:00,117.8,39.9,409.0,449,13.2,17.6,115.0,143.0,0.85,90,27.5,68,11.3,228,0
2026-03-07 18:00:00,102.2,38.0,458.0,450,20.9,16.2,99.0,117.0,0.1,91,26.1,74,10.3,239,0
2026-03-07 19:00:00,74.3,35.7,518.0,452,31.5,14.4,77.0,81.0,0.0,93,24.9,82,8.3,243,0
2026-03-07 20:00:00,64.0,33.4,581.0,454,39.3,13.1,60.0,52.0,0.0,93,24.2,88,7.1,249,0
2026-03-07 21:00:00,56.6,32.4,661.0,457,41.6,13.0,54.0,37.0,0.0,94,23.9,91,5.9,250,0
2026-03-07 22:00:00,51.8,31.8,745.0,460,41.1,13.4,53.0,30.0,0.0,95,23.6,92,5.9,268,0
2026-03-07 23:00:00,49.5,32.0,785.0,462,39.8,13.7,54.0,26.0,0.0,95,23.3,96,6.3,268,11
2026-03-08 00:00:00,51.9,34.0,756.0,463,38.4,13.6,55.0,25.0,0.0,95,23.1,96,5.8,268,25
2026-03-08 01:00:00,55.3,35.9,683.0,464,36.1,13.4,57.0,27.0,0.0,96,22.8,98,4.9,278,100
2026-03-08 02:00:00,58.4,37.7,596.0,463,32.8,12.8,59.0,28.0,0.0,97,22.5,99,4.5,286,100
2026-03-08 03:00:00,60.8,39.2,474.0,461,26.2,11.3,62.0,27.0,0.0,98,22.4,99,4.5,299,100
2026-03-08 04:00:00,60.1,39.2,337.0,458,18.6,9.4,64.0,26.0,0.0,99,22.1,99,4.6,309,100
2026-03-08 05:00:00,57.4,38.8,273.0,456,15.4,8.2,65.0,21.0,0.0,101,21.4,99,2.9,313,100
2026-03-08 06:00:00,60.5,42.0,348.0,456,26.8,9.4,50.0,19.0,0.0,103,21.2,99,2.1,290,100
2026-03-08 07:00:00,67.1,48.3,496.0,456,41.9,11.2,30.0,16.0,0.05,104,21.1,99,2.0,265,100
2026-03-08 08:00:00,68.9,54.2,604.0,456,49.5,13.9,28.0,17.0,0.5,107,21.4,98,2.8,281,100
2026-03-08 09:00:00,57.6,39.6,627.0,456,42.3,18.4,59.0,25.0,1.95,109,22.5,89,4.3,272,92
2026-03-08 10:00:00,58.8,32.5,611.0,455,27.6,23.8,106.0,38.0,4.4,109,24.8,76,3.6,225,3
2026-03-08 11:00:00,65.4,33.8,573.0,454,15.6,27.2,144.0,48.0,7.0,109,26.4,70,6.5,194,3
2026-03-08 12:00:00,72.2,34.6,503.0,452,10.3,27.1,163.0,54.0,8.55,109,27.5,65,8.8,200,1
2026-03-08 13:00:00,71.2,33.5,412.0,450,7.7,25.0,172.0,57.0,8.65,108,28.0,64,9.8,210,0
2026-03-08 14:00:00,66.1,30.9,353.0,449,6.9,22.9,174.0,59.0,7.3,107,28.6,59,10.3,220,0
2026-03-08 15:00:00,63.6,28.8,355.0,449,7.0,21.3,167.0,61.0,5.0,105,28.6,58,11.1,223,0
2026-03-08 16:00:00,63.1,27.8,390.0,449,8.9,19.7,152.0,62.0,2.55,104,28.1,59,11.1,227,0
2026-03-08 17:00:00,58.4,26.1,427.0,450,14.3,18.9,135.0,55.0,0.85,108,27.1,63,9.6,230,0
2026-03-08 18:00:00,56.9,26.5,449.0,451,25.1,18.0,112.0,49.0,0.1,125,25.7,75,8.6,234,0
2026-03-08 19:00:00,51.1,29.5,472.0,451,40.1,16.7,80.0,40.0,0.0,126,24.4,86,7.9,243,2
2026-03-08 20:00:00,52.0,31.7,515.0,453,52.1,16.0,55.0,33.0,0.0,112,23.8,91,6.9,256,14
2026-03-08 21:00:00,53.0,33.3,609.0,456,58.5,16.5,42.0,31.0,0.0,99,23.5,92,6.5,265,23
2026-03-08 22:00:00,54.5,34.9,724.0,460,62.0,17.5,35.0,31.0,0.0,99,23.1,93,5.6,274,3
2026-03-08 23:00:00,59.3,38.5,780.0,462,62.9,18.0,31.0,32.0,0.0,99,22.5,98,4.8,301,98
2026-03-09 00:00:00,66.4,42.6,735.0,463,61.2,17.6,30.0,35.0,0.0,100,22.4,98,4.3,315,100
2026-03-09 01:00:00,69.8,43.7,631.0,462,56.9,16.8,31.0,39.0,0.0,101,22.1,97,4.6,315,100
2026-03-09 02:00:00,69.8,41.7,525.0,461,50.8,15.6,34.0,43.0,0.0,102,21.8,99,5.2,326,100
2026-03-09 03:00:00,70.5,40.4,396.0,458,40.6,13.7,39.0,45.0,0.0,102,21.6,99,6.1,330,100
2026-03-09 04:00:00,69.2,38.5,265.0,455,28.4,11.6,45.0,45.0,0.0,102,21.5,99,6.3,333,100
2026-03-09 05:00:00,73.3,39.6,242.0,454,26.1,11.8,45.0,51.0,0.0,102,21.3,99,6.6,334,100
2026-03-09 06:00:00,75.9,41.4,444.0,457,32.9,13.2,34.0,48.0,0.0,102,21.4,97,5.2,335,76
2026-03-09 07:00:00,83.6,46.9,755.0,462,41.8,15.3,20.0,45.0,0.05,102,21.1,98,3.7,325,45
2026-03-09 08:00:00,84.8,54.7,942.0,464,45.5,17.9,20.0,47.0,0.6,102,21.5,95,3.3,319,49
2026-03-09 09:00:00,74.3,41.2,880.0,462,38.9,21.4,46.0,61.0,2.1,102,23.2,82,3.9,307,3
2026-03-09 10:00:00,82.4,33.9,696.0,458,27.1,25.4,86.0,81.0,4.35,102,25.8,66,4.2,288,0
2026-03-09 11:00:00,84.3,32.9,531.0,454,17.2,28.0,119.0,91.0,6.65,102,28.5,52,6.0,261,0
2026-03-09 12:00:00,75.7,31.3,428.0,452,11.6,28.5,138.0,83.0,8.15,102,30.5,42,7.3,250,0
2026-03-09 13:00:00,64.7,29.6,345.0,450,8.0,27.7,149.0,65.0,8.25,102,31.6,37,9.7,243,0
2026-03-09 14:00:00,56.5,27.8,304.0,449,6.6,26.4,153.0,51.0,6.95,102,31.9,34,11.3,241,0
2026-03-09 15:00:00,51.1,26.1,325.0,448,7.0,24.8,148.0,46.0,4.75,101,31.6,34,11.4,242,0
2026-03-09 16:00:00,50.6,26.0,389.0,448,9.6,22.7,135.0,44.0,2.45,101,31.0,36,10.9,237,0
2026-03-09 17:00:00,48.2,26.5,459.0,449,16.2,21.5,119.0,38.0,0.8,101,30.0,42,9.6,232,0
2026-03-09 18:00:00,48.8,27.8,539.0,451,29.3,20.3,94.0,37.0,0.1,101,28.0,55,8.3,236,0
2026-03-09 19:00:00,49.2,30.6,626.0,453,47.4,18.6,60.0,35.0,0.0,101,25.8,70,6.9,242,0
2026-03-09 20:00:00,51.2,31.5,676.0,455,61.1,17.4,34.0,34.0,0.0,101,24.6,81,6.2,253,0
2026-03-09 21:00:00,53.1,32.8,669.0,457,67.2,17.2,22.0,34.0,0.0,101,24.1,86,5.3,252,0
2026-03-09 22:00:00,54.2,34.2,623.0,458,69.0,17.4,17.0,34.0,0.0,101,23.7,89,5.8,266,0
2026-03-09 23:00:00,54.7,34.7,554.0,458,66.8,17.1,17.0,34.0,0.0,101,23.2,94,7.0,296,3
2026-03-10 00:00:00,56.0,34.1,445.0,456,59.2,15.5,22.0,35.0,0.0,100,22.7,97,7.7,307,59
2026-03-10 01:00:00,53.7,31.2,311.0,452,47.8,13.4,31.0,36.0,0.0,100,22.4,98,7.2,309,98
2026-03-10 02:00:00,50.2,27.8,213.0,449,37.4,11.6,39.0,37.0,0.0,99,22.1,98,7.3,314,100
2026-03-10 03:00:00,48.5,25.1,168.0,448,28.8,10.4,44.0,39.0,0.0,97,22.0,99,7.1,319,100
2026-03-10 04:00:00,48.0,23.2,159.0,448,21.3,9.5,48.0,41.0,0.0,96,21.8,98,8.6,319,100
2026-03-10 05:00:00,52.2,23.7,197.0,449,17.8,9.2,48.0,48.0,0.0,95,22.0,98,8.4,317,100
2026-03-10 06:00:00,55.3,25.1,325.0,451,23.9,10.2,40.0,49.0,0.0,93,21.6,99,5.9,325,100
2026-03-10 07:00:00,63.3,30.2,500.0,454,32.0,11.7,30.0,50.0,0.05,92,21.5,99,5.5,333,100
2026-03-10 08:00:00,66.4,35.2,602.0,455,35.7,13.8,30.0,52.0,0.65,90,21.7,98,5.4,326,100
2026-03-10 09:00:00,68.0,32.6,560.0,454,30.9,17.2,50.0,56.0,2.15,89,22.8,90,5.9,315,29
2026-03-10 10:00:00,71.5,28.9,444.0,451,21.6,21.3,81.0,60.0,4.4,88,26.0,68,6.3,307,2
2026-03-10 11:00:00,60.1,25.9,347.0,449,13.9,23.7,106.0,60.0,6.8,87,29.2,48,8.3,286,0
2026-03-10 12:00:00,47.6,22.6,298.0,448,9.6,23.2,121.0,51.0,8.3,87,31.2,35,10.7,278,0
2026-03-10 13:00:00,38.5,20.1,268.0,447,6.7,21.1,132.0,37.0,8.4,86,32.3,24,12.3,267,0
2026-03-10 14:00:00,32.6,18.6,261.0,447,5.5,19.4,136.0,26.0,7.05,85,32.6,19,12.6,253,0
2026-03-10 15:00:00,29.2,17.5,275.0,447,5.1,18.9,134.0,21.0,4.85,84,32.0,21,13.1,247,0
2026-03-10 16:00:00,26.7,16.5,313.0,448,6.4,18.7,125.0,19.0,2.5,84,30.9,26,12.2,246,0
2026-03-10 17:00:00,29.4,20.1,383.0,449,12.2,17.2,108.0,17.0,0.85,83,29.6,36,10.8,242,0
2026-03-10 18:00:00,32.9,22.3,521.0,452,25.2,17.1,84.0,19.0,0.1,82,27.5,53,9.1,243,0
2026-03-10 19:00:00,39.9,28.2,692.0,456,42.8,16.8,51.0,21.0,0.0,82,25.3,73,7.3,247,0
2026-03-10 20:00:00,43.9,30.6,803.0,459,54.9,16.4,27.0,23.0,0.0,81,24.2,81,6.7,251,0
2026-03-10 21:00:00,45.3,31.3,809.0,460,56.4,15.8,21.0,24.0,0.0,81,23.7,87,6.6,257,0
2026-03-10 22:00:00,45.8,31.3,754.0,461,52.2,14.9,24.0,24.0,0.0,81,23.0,92,7.4,271,0
2026-03-10 23:00:00,45.1,30.3,677.0,460,46.8,13.9,28.0,24.0,0.0,81,22.7,95,7.8,285,14
2026-03-11 00:00:00,44.2,29.5,573.0,458,41.0,12.5,31.0,25.0,0.0,81,22.6,96,6.8,287,7
2026-03-11 01:00:00,43.5,28.3,446.0,456,33.9,10.9,36.0,27.0,0.0,80,22.4,96,6.5,289,21
2026-03-11 02:00:00,44.2,27.0,347.0,454,27.4,9.6,41.0,28.0,0.0,80,22.0,96,6.9,287,29
2026-03-11 03:00:00,43.5,25.2,281.0,453,20.9,8.7,47.0,29.0,0.0,80,21.8,94,6.9,279,32
2026-03-11 04:00:00,42.5,23.9,242.0,454,15.0,8.0,52.0,30.0,0.0,80,21.0,95,5.5,279,28
2026-03-11 05:00:00,43.9,24.3,269.0,454,14.7,8.5,50.0,31.0,0.0,80,21.2,95,7.3,281,14
2026-03-11 06:00:00,44.4,25.0,432.0,455,21.0,9.3,42.0,28.0,0.0,80,20.8,96,6.2,306,27
2026-03-11 07:00:00,48.2,29.0,660.0,457,29.3,10.5,32.0,24.0,0.05,80,20.2,97,4.4,300,34
2026-03-11 08:00:00,49.9,34.3,777.0,457,33.2,12.3,32.0,24.0,0.75,80,21.7,95,6.2,292,35
2026-03-11 09:00:00,47.8,30.5,668.0,455,28.6,15.5,50.0,30.0,2.35,80,23.9,87,5.7,283,0
2026-03-11 10:00:00,49.5,29.2,447.0,452,19.6,19.2,77.0,41.0,4.8,80,26.7,68,8.8,269,3
2026-03-11 11:00:00,63.6,31.0,280.0,449,12.3,21.8,100.0,54.0,7.2,80,28.4,61,11.7,259,3
2026-03-11 12:00:00,82.0,34.5,238.0,448,8.7,22.2,116.0,72.0,8.7,80,29.2,58,12.8,255,56
2026-03-11 13:00:00,92.0,36.7,250.0,448,6.7,21.4,127.0,93.0,8.7,81,29.6,58,13.3,251,84
2026-03-11 14:00:00,99.0,37.3,274.0,448,6.2,20.2,131.0,112.0,7.25,83,29.9,58,13.3,247,98
2026-03-11 15:00:00,104.3,37.4,293.0,448,6.9,18.8,124.0,128.0,4.85,84,29.5,59,14.2,246,59
2026-03-11 16:00:00,113.4,37.7,325.0,449,9.1,17.0,109.0,143.0,2.5,86,28.9,62,13.1,245,68
2026-03-11 17:00:00,120.6,36.8,379.0,450,12.3,15.8,91.0,154.0,0.85,88,27.8,71,12.2,239,38
2026-03-11 18:00:00,128.5,39.0,477.0,452,21.1,14.9,74.0,154.0,0.1,89,26.6,78,11.0,247,97
2026-03-11 19:00:00,117.8,41.8,597.0,454,33.1,13.7,50.0,155.0,0.0,91,25.6,84,9.0,250,99
2026-03-11 20:00:00,132.2,45.8,691.0,456,40.9,12.6,34.0,158.0,0.0,92,25.1,85,9.3,261,100
2026-03-11 21:00:00,149.5,49.9,747.0,458,40.8,12.1,31.0,166.0,0.0,93,24.9,83,8.6,272,93
2026-03-11 22:00:00,154.1,53.3,775.0,461,36.5,11.8,36.0,177.0,0.0,95,24.5,80,7.0,283,91
2026-03-11 23:00:00,155.1,55.4,760.0,462,31.7,11.2,41.0,183.0,0.0,97,24.2,80,6.4,295,94
2026-03-12 00:00:00,150.9,56.6,673.0,461,27.2,10.0,45.0,179.0,0.0,99,24.1,79,6.8,292,100
2026-03-12 01:00:00,149.5,56.9,541.0,459,22.2,8.5,50.0,171.0,0.0,102,24.1,78,8.1,266,95
2026-03-12 02:00:00,145.8,56.5,431.0,458,18.0,7.5,54.0,163.0,0.0,105,24.1,78,8.7,266,100
2026-03-12 03:00:00,143.4,55.9,355.0,459,14.6,7.0,56.0,158.0,0.0,108,23.9,80,8.8,275,99
2026-03-12 04:00:00,144.8,55.5,301.0,460,12.0,6.9,57.0,154.0,0.0,111,23.5,82,7.8,299,94
2026-03-12 05:00:00,143.0,55.2,299.0,461,10.1,6.9,59.0,159.0,0.0,114,23.0,90,7.4,304,100
2026-03-12 06:00:00,136.9,55.1,399.0,461,17.0,8.8,48.0,156.0,0.0,118,22.5,93,9.5,333,97
2026-03-12 07:00:00,138.3,57.0,551.0,459,26.3,11.4,33.0,151.0,0.05,121,22.6,86,10.2,342,100
2026-03-12 08:00:00,136.0,59.5,636.0,458,31.2,13.7,29.0,141.0,0.65,124,23.8,67,10.6,334,100
2026-03-12 09:00:00,129.0,57.4,586.0,456,27.8,15.3,44.0,119.0,2.05,126,26.2,39,10.9,333,100
2026-03-12 10:00:00,105.5,44.9,470.0,454,20.2,16.5,70.0,93.0,4.45,129,28.9,26,11.8,332,100
2026-03-12 11:00:00,75.4,35.2,372.0,452,13.5,17.1,94.0,75.0,7.1,131,31.8,26,9.2,321,48
2026-03-12 12:00:00,62.9,28.5,319.0,450,9.2,16.9,113.0,72.0,8.65,131,34.0,22,8.9,310,0
2026-03-12 13:00:00,64.3,25.4,284.0,449,6.0,16.1,129.0,77.0,8.55,131,35.0,19,11.2,292,0
2026-03-12 14:00:00,76.6,27.5,272.0,448,4.7,15.6,137.0,92.0,7.05,129,35.2,18,13.9,280,0
2026-03-12 15:00:00,92.4,30.3,282.0,448,6.0,16.1,134.0,125.0,4.7,128,34.3,22,15.1,273,0
2026-03-12 16:00:00,130.9,38.5,314.0,448,9.2,16.9,123.0,167.0,2.4,128,33.2,24,13.9,270,0
2026-03-12 17:00:00,100.8,37.3,374.0,449,14.1,17.2,103.0,120.0,0.8,128,33.0,21,12.9,263,0
2026-03-12 18:00:00,84.1,36.1,495.0,451,21.7,15.4,86.0,100.0,0.1,128,30.5,31,11.7,257,0
2026-03-12 19:00:00,71.5,35.9,644.0,454,31.9,13.0,62.0,72.0,0.0,127,28.0,44,9.7,252,9
2026-03-12 20:00:00,65.0,34.6,729.0,456,38.0,11.0,46.0,56.0,0.0,127,26.9,51,8.9,261,100
2026-03-12 21:00:00,66.6,34.8,686.0,456,36.0,9.9,44.0,59.0,0.0,126,26.3,56,11.9,268,95
2026-03-12 22:00:00,78.2,36.7,579.0,455,29.9,9.3,49.0,73.0,0.0,124,26.0,54,10.1,280,2
2026-03-12 23:00:00,88.9,38.4,507.0,455,24.6,8.8,54.0,92.0,0.0,122,25.7,58,9.2,274,0
2026-03-13 00:00:00,102.7,40.6,509.0,455,21.6,8.3,56.0,119.0,0.0,121,25.6,61,10.2,263,0
2026-03-13 01:00:00,122.9,44.2,546.0,456,19.5,7.9,56.0,151.0,0.0,119,25.4,63,11.4,265,11
2026-03-13 02:00:00,144.8,48.3,601.0,459,18.8,8.2,55.0,176.0,0.0,118,24.9,67,10.6,274,3
2026-03-13 03:00:00,160.2,51.6,666.0,465,19.7,9.3,51.0,191.0,0.0,117,24.2,67,8.8,303,9
2026-03-13 04:00:00,163.0,53.9,749.0,472,22.0,11.1,45.0,199.0,0.0,116,23.5,66,6.6,323,0
2026-03-13 05:00:00,155.5,54.7,851.0,477,25.2,12.8,37.0,182.0,0.0,116,22.2,77,5.8,5,0
2026-03-13 06:00:00,157.4,57.3,1004.0,479,31.6,14.9,27.0,160.0,0.0,116,22.0,76,7.4,7,0
2026-03-13 07:00:00,162.5,63.3,1175.0,480,40.1,18.1,14.0,132.0,0.05,116,21.8,70,7.0,4,0
2026-03-13 08:00:00,141.1,74.3,1274.0,479,44.2,22.2,15.0,121.0,0.65,117,22.9,59,5.6,22,0
2026-03-13 09:00:00,154.1,64.3,1264.0,476,39.9,28.5,41.0,147.0,2.15,119,25.8,43,3.6,27,0
2026-03-13 10:00:00,170.4,61.5,1180.0,472,31.2,35.8,81.0,192.0,4.4,119,29.1,31,1.9,41,0
2026-03-13 11:00:00,182.5,62.9,1038.0,467,23.1,40.6,116.0,223.0,6.6,121,30.8,30,5.1,212,0
2026-03-13 12:00:00,190.0,64.3,791.0,461,16.7,41.5,141.0,225.0,7.95,124,31.5,33,10.5,221,0
2026-03-13 13:00:00,179.7,62.6,485.0,455,10.9,39.9,160.0,213.0,7.9,128,32.5,26,12.0,237,0
2026-03-13 14:00:00,168.6,60.3,274.0,450,7.5,36.8,167.0,203.0,6.6,131,33.6,14,13.6,258,0
2026-03-13 15:00:00,160.7,57.0,230.0,448,7.2,31.8,154.0,201.0,4.5,135,32.8,15,15.0,257,0
2026-03-13 16:00:00,156.9,53.9,280.0,449,9.2,25.3,129.0,200.0,2.35,138,31.4,21,14.2,250,0
2026-03-13 17:00:00,161.6,51.6,360.0,450,12.3,17.8,97.0,207.0,0.8,139,30.1,27,13.7,248,2
2026-03-13 18:00:00,145.3,49.8,477.0,452,19.1,15.8,81.0,185.0,0.1,141,27.9,43,11.3,248,0
2026-03-13 19:00:00,127.1,49.1,624.0,455,28.3,13.1,60.0,155.0,0.0,142,26.0,62,9.6,250,2
2026-03-13 20:00:00,118.5,46.7,713.0,457,34.1,11.0,45.0,132.0,0.0,144,25.4,67,8.6,254,4
2026-03-13 21:00:00,110.4,44.5,703.0,457,33.7,10.3,42.0,125.0,0.0,145,25.2,64,10.8,269,0
2026-03-13 22:00:00,108.0,43.3,635.0,456,29.9,10.2,46.0,125.0,0.0,146,25.2,57,10.3,263,0
2026-03-13 23:00:00,112.0,43.7,549.0,455,25.7,9.9,51.0,124.0,0.0,146,24.9,66,10.7,257,0
2026-03-14 00:00:00,113.6,44.1,440.0,453,21.5,9.0,56.0,120.0,0.0,147,24.8,70,10.7,254,0
2026-03-14 01:00:00,111.1,43.3,314.0,451,16.7,7.8,61.0,114.0,0.0,147,24.6,74,10.9,250,0
2026-03-14 02:00:00,99.4,39.9,222.0,450,13.0,7.0,66.0,106.0,0.0,147,24.6,71,11.4,264,0
2026-03-14 03:00:00,83.4,34.8,163.0,449,10.2,6.6,69.0,93.0,0.0,146,24.7,64,14.1,275,0
2026-03-14 04:00:00,71.2,30.6,139.0,448,8.3,6.4,71.0,77.0,0.0,145,24.5,63,14.2,282,0
2026-03-14 05:00:00,71.2,29.8,210.0,449,9.8,7.2,68.0,73.0,0.0,142,23.9,71,11.5,290,0
2026-03-14 06:00:00,69.4,29.5,484.0,454,16.4,8.1,58.0,69.0,0.0,140,23.3,75,9.4,301,0
2026-03-14 07:00:00,73.1,31.9,852.0,461,25.3,9.6,45.0,65.0,0.1,137,22.6,79,8.2,311,0
2026-03-14 08:00:00,73.6,36.8,1053.0,465,30.2,11.9,42.0,66.0,0.7,134,23.4,75,6.2,322,0
2026-03-14 09:00:00,93.1,39.8,923.0,462,27.6,16.3,59.0,78.0,2.3,130,26.4,56,4.0,306,0
2026-03-14 10:00:00,111.3,40.6,625.0,456,21.0,21.7,87.0,95.0,4.65,127,29.9,32,5.7,279,0
2026-03-14 11:00:00,92.9,34.7,387.0,451,15.1,24.8,109.0,109.0,7.05,125,31.5,29,9.9,258,6
2026-03-14 12:00:00,93.1,31.2,295.0,449,11.0,23.8,120.0,117.0,8.55,122,32.7,24,13.8,254,1
2026-03-14 13:00:00,99.7,31.1,263.0,448,7.5,20.5,126.0,120.0,8.55,118,32.0,30,16.9,261,1
2026-03-14 14:00:00,93.1,30.3,257.0,448,5.8,17.5,126.0,118.0,7.2,115,31.8,35,16.9,269,0
2026-03-14 15:00:00,83.4,27.8,268.0,448,6.3,15.6,119.0,105.0,4.9,112,31.4,37,15.9,266,0
2026-03-14 16:00:00,73.3,25.4,305.0,448,8.5,14.0,105.0,87.0,2.5,109,30.6,40,14.9,258,2
2026-03-14 17:00:00,71.5,26.4,365.0,449,12.4,13.6,94.0,83.0,0.8,106,29.2,46,13.3,249,0
2026-03-14 18:00:00,59.5,25.8,471.0,451,18.5,12.7,82.0,74.0,0.1,103,27.6,55,12.1,247,0
2026-03-14 19:00:00,55.3,27.1,599.0,453,26.6,11.4,66.0,62.0,0.0,101,26.2,65,11.2,252,0
2026-03-14 20:00:00,57.7,27.2,673.0,455,31.3,10.3,56.0,53.0,0.0,99,25.8,69,11.0,255,0
2026-03-14 21:00:00,58.6,26.4,652.0,456,29.3,9.5,56.0,50.0,0.0,97,25.6,68,12.3,239,0
2026-03-14 22:00:00,55.9,24.7,575.0,456,23.8,8.8,61.0,50.0,0.0,96,25.6,67,11.5,268,0
2026-03-14 23:00:00,51.2,22.6,489.0,455,18.5,8.1,67.0,49.0,0.0,94,25.5,68,9.5,289,0
2026-03-15 00:00:00,46.4,20.5,392.0,453,14.2,7.3,74.0,46.0,0.0,92,25.6,67,12.5,277,0
2026-03-15 01:00:00,42.4,19.0,284.0,451,10.1,6.6,81.0,41.0,0.0,90,25.4,69,12.8,272,0
2026-03-15 02:00:00,40.4,18.1,212.0,450,7.2,6.1,86.0,37.0,0.0,88,25.2,69,11.7,287,0
2026-03-15 03:00:00,36.0,17.1,172.0,450,5.4,5.8,86.0,32.0,0.0,86,25.0,67,10.6,300,0
2026-03-15 04:00:00,32.0,16.0,167.0,451,4.8,5.7,84.0,27.0,0.0,84,24.4,72,9.1,306,0
2026-03-15 05:00:00,31.4,15.9,257.0,454,6.0,6.0,83.0,26.0,0.0,83,24.0,78,9.1,297,12
2026-03-15 06:00:00,33.2,16.7,559.0,460,14.0,7.7,70.0,30.0,0.0,82,23.2,82,7.7,321,0
2026-03-15 07:00:00,41.0,20.0,955.0,468,24.8,10.2,52.0,36.0,0.1,81,22.4,87,7.5,345,0
2026-03-15 08:00:00,53.3,26.3,1152.0,471,30.4,12.4,46.0,49.0,0.75,80,23.4,80,7.4,334,0
2026-03-15 09:00:00,75.2,30.5,952.0,465,26.0,14.4,63.0,76.0,2.3,79,26.9,57,5.9,325,9
2026-03-15 10:00:00,107.8,29.5,552.0,455,16.6,16.1,91.0,110.0,4.6,78,31.1,30,8.1,323,5
2026-03-15 11:00:00,88.7,21.8,252.0,448,8.9,16.6,113.0,127.0,6.8,77,33.5,16,11.8,322,0
2026-03-15 12:00:00,61.9,16.8,180.0,446,5.5,14.9,123.0,113.0,8.3,76,34.7,11,13.4,312,2
2026-03-15 13:00:00,49.5,14.0,207.0,447,3.8,12.0,127.0,83.0,8.35,74,35.2,10,12.7,299,2
2026-03-15 14:00:00,44.1,13.0,243.0,448,3.8,10.3,128.0,59.0,7.0,73,35.2,12,14.1,287,0
2026-03-15 15:00:00,41.7,12.8,249.0,448,5.3,11.3,126.0,51.0,4.7,71,34.8,12,15.7,288,0
2026-03-15 16:00:00,42.3,14.0,264.0,447,8.4,13.4,120.0,50.0,2.4,70,34.3,12,15.0,284,0
2026-03-15 17:00:00,37.3,15.4,321.0,448,13.1,14.2,108.0,41.0,0.85,69,32.5,17,14.6,261,0
2026-03-15 18:00:00,37.1,18.9,474.0,451,20.6,13.1,93.0,36.0,0.1,68,29.9,30,12.4,251,0
2026-03-15 19:00:00,36.0,20.3,669.0,455,30.8,11.5,71.0,29.0,0.0,67,27.8,41,10.8,244,5
2026-03-15 20:00:00,34.1,19.9,768.0,457,36.7,10.2,57.0,25.0,0.0,67,27.1,44,13.7,261,75
2026-03-15 21:00:00,33.9,19.1,686.0,456,34.6,9.4,56.0,25.0,0.0,66,26.8,45,14.8,269,87
2026-03-15 22:00:00,34.3,18.7,509.0,453,28.2,8.9,61.0,27.0,0.0,66,26.6,46,14.4,270,95
2026-03-15 23:00:00,35.6,18.6,362.0,451,22.1,8.4,67.0,29.0,0.0,65,26.1,50,12.8,276,91
2026-03-16 00:00:00,37.1,18.7,291.0,450,17.4,7.6,71.0,31.0,0.0,65,25.4,56,12.9,276,38
2026-03-16 01:00:00,38.6,18.6,249.0,450,12.9,6.8,76.0,34.0,0.0,64,25.1,60,13.3,273,20
2026-03-16 02:00:00,39.5,18.4,224.0,450,9.7,6.3,78.0,35.0,0.0,64,25.0,61,12.7,282,2
2026-03-16 03:00:00,38.2,18.0,191.0,451,7.6,6.1,77.0,34.0,0.0,64,24.2,67,10.4,302,0
2026-03-16 04:00:00,36.6,17.5,174.0,452,6.8,6.2,75.0,32.0,0.0,65,23.6,73,9.4,288,0
2026-03-16 05:00:00,39.9,16.6,230.0,454,8.1,6.6,72.0,40.0,0.0,65,23.2,78,11.2,285,0
2026-03-16 06:00:00,42.3,17.3,447.0,457,15.3,7.8,62.0,37.0,0.0,65,23.2,78,11.0,302,0
2026-03-16 07:00:00,46.3,19.5,737.0,460,24.9,9.6,48.0,34.0,0.1,65,23.1,77,10.5,311,0
2026-03-16 08:00:00,48.3,23.8,887.0,461,29.9,11.9,45.0,44.0,0.7,65,24.4,67,9.1,311,0
2026-03-16 09:00:00,61.9,24.4,761.0,458,25.8,15.5,62.0,81.0,2.15,65,27.3,46,7.9,309,0
2026-03-16 10:00:00,82.0,23.1,495.0,454,17.0,19.5,89.0,131.0,4.3,64,30.7,21,11.0,318,0
2026-03-16 11:00:00,107.3,23.1,290.0,450,9.8,21.6,111.0,161.0,6.45,63,32.8,15,10.4,300,0
2026-03-16 12:00:00,91.3,21.8,225.0,448,6.3,20.1,123.0,153.0,7.8,64,34.0,13,11.2,281,0
2026-03-16 13:00:00,78.5,20.0,221.0,447,4.4,16.6,129.0,126.0,7.85,64,34.6,12,12.8,276,0
2026-03-16 14:00:00,73.3,19.0,238.0,447,4.1,13.9,131.0,104.0,6.5,64,34.8,12,14.2,271,0
2026-03-16 15:00:00,71.7,18.7,268.0,447,5.6,13.4,126.0,99.0,4.4,65,34.2,14,15.3,261,0
2026-03-16 16:00:00,75.7,20.5,319.0,448,8.8,13.6,117.0,100.0,2.25,66,32.6,23,15.4,251,0
2026-03-16 17:00:00,47.7,16.0,375.0,449,12.7,12.6,103.0,60.0,0.8,66,30.9,31,14.3,245,0
2026-03-16 18:00:00,47.3,19.1,439.0,450,18.9,11.5,89.0,57.0,0.1,66,28.6,46,13.8,233,0
2026-03-16 19:00:00,49.8,21.9,508.0,452,27.3,9.9,70.0,54.0,0.0,66,27.2,51,13.5,240,0
2026-03-16 20:00:00,49.5,21.6,555.0,453,32.2,8.7,57.0,50.0,0.0,66,26.5,56,11.9,245,0
2026-03-16 21:00:00,48.1,20.3,573.0,454,30.2,8.2,56.0,46.0,0.0,66,26.3,58,12.0,256,0
2026-03-16 22:00:00,43.7,18.6,570.0,455,24.7,8.0,60.0,42.0,0.0,67,26.0,61,11.1,261,0
2026-03-16 23:00:00,39.8,17.4,539.0,456,20.0,7.8,64.0,39.0,0.0,67,25.4,63,9.3,295,0
2026-03-17 00:00:00,37.3,17.1,464.0,455,17.8,7.6,65.0,36.0,0.0,66,25.0,65,8.8,285,0
2026-03-17 01:00:00,35.5,16.8,362.0,454,16.4,7.4,64.0,34.0,0.0,66,24.5,69,7.7,294,25
2026-03-17 02:00:00,35.0,16.2,281.0,453,15.2,7.4,64.0,32.0,0.0,66,24.0,75,7.8,274,21
2026-03-17 03:00:00,34.9,16.0,210.0,452,13.0,7.5,65.0,31.0,0.0,66,23.8,78,9.1,285,84
2026-03-17 04:00:00,34.8,15.8,159.0,451,10.9,7.7,65.0,31.0,0.0,66,23.4,83,9.2,291,95
2026-03-17 05:00:00,33.9,15.1,208.0,451,10.4,8.1,66.0,31.0,0.0,66,23.4,86,10.2,278,100
2026-03-17 06:00:00,35.0,15.3,471.0,454,17.2,9.0,59.0,30.0,0.0,66,23.3,88,9.9,273,100
2026-03-17 07:00:00,37.5,17.1,833.0,458,26.3,10.3,51.0,28.0,0.1,65,23.3,87,8.0,264,100
2026-03-17 08:00:00,39.0,21.0,1026.0,460,30.9,12.2,52.0,30.0,0.65,65,24.4,81,5.8,270,100
2026-03-17 09:00:00,47.8,20.2,881.0,458,26.8,15.1,70.0,39.0,2.05,65,26.4,67,6.7,262,68
2026-03-17 10:00:00,53.1,20.1,568.0,453,18.3,18.6,97.0,50.0,4.15,65,28.2,55,7.7,249,52
2026-03-17 11:00:00,53.9,20.6,329.0,450,11.3,21.0,118.0,58.0,6.05,64,28.9,54,8.8,219,40
2026-03-17 12:00:00,52.2,20.5,265.0,449,8.0,21.7,130.0,57.0,7.25,64,28.9,59,12.8,208,2
2026-03-17 13:00:00,49.6,19.9,274.0,449,6.3,21.3,136.0,52.0,7.25,64,28.8,59,14.2,202,5
2026-03-17 14:00:00,46.4,18.7,296.0,449,5.8,20.4,136.0,47.0,6.3,64,28.6,58,14.5,201,5
2026-03-17 15:00:00,43.2,17.6,313.0,449,6.3,18.7,128.0,44.0,4.45,64,28.2,61,14.8,206,65
2026-03-17 16:00:00,40.5,16.8,342.0,449,7.9,16.5,114.0,41.0,2.3,64,28.0,63,13.2,197,55
2026-03-17 17:00:00,34.2,14.4,376.0,449,11.5,16.4,105.0,34.0,0.75,64,27.4,65,12.2,204,53
2026-03-17 18:00:00,30.4,14.8,418.0,450,17.9,14.9,90.0,29.0,0.1,72,26.5,71,11.4,193,83
2026-03-17 19:00:00,27.5,16.6,465.0,451,26.9,12.8,70.0,22.0,0.0,70,25.6,80,8.6,188,95
2026-03-17 20:00:00,27.9,17.2,501.0,452,34.2,11.5,53.0,16.0,0.0,62,25.4,86,8.8,176,98
2026-03-17 21:00:00,28.5,18.2,513.0,453,38.3,11.8,45.0,14.0,0.0,62,25.2,88,8.0,189,100
2026-03-17 22:00:00,29.9,20.0,514.0,454,40.7,12.8,40.0,13.0,0.0,62,25.0,89,7.5,215,98
2026-03-17 23:00:00,31.5,22.1,521.0,455,42.0,13.5,37.0,13.0,0.0,62,25.0,91,6.7,236,88
2026-03-18 00:00:00,32.1,23.0,547.0,457,42.0,13.3,34.0,12.0,0.0,62,24.8,92,7.0,230,92
2026-03-18 01:00:00,31.8,23.2,579.0,460,40.8,12.7,33.0,11.0,0.0,63,24.5,93,5.8,248,85
2026-03-18 02:00:00,35.0,25.7,603.0,462,39.9,12.5,31.0,11.0,0.0,64,24.1,95,3.1,294,20
2026-03-18 03:00:00,39.3,28.8,596.0,463,39.9,12.9,28.0,11.0,0.0,64,23.7,97,2.6,326,85
2026-03-18 04:00:00,45.3,33.8,580.0,464,40.1,13.7,24.0,12.0,0.0,65,23.4,98,4.3,15,91
2026-03-18 05:00:00,38.3,29.9,609.0,465,28.0,12.6,37.0,6.0,0.0,67,23.0,98,5.4,42,61
2026-03-18 06:00:00,47.3,38.2,747.0,466,32.0,13.4,29.0,6.0,0.0,68,23.0,97,5.6,61,100
2026-03-18 07:00:00,56.2,47.7,929.0,466,37.1,14.7,20.0,5.0,0.05,70,23.0,96,6.4,45,100
2026-03-18 08:00:00,50.3,43.5,1022.0,466,38.0,17.0,21.0,6.0,0.4,73,23.7,91,7.8,67,95
2026-03-18 09:00:00,34.6,26.5,944.0,464,30.9,21.3,41.0,8.0,1.2,75,25.4,80,3.1,97,85
2026-03-18 10:00:00,29.4,18.9,776.0,460,19.6,26.6,72.0,12.0,3.0,76,27.0,72,7.9,139,32
2026-03-18 11:00:00,31.0,18.7,625.0,457,10.7,29.9,97.0,16.0,5.4,76,28.0,65,9.6,159,51
2026-03-18 12:00:00,33.2,19.3,515.0,455,6.8,29.3,112.0,21.0,6.7,75,28.5,64,7.8,187,23
2026-03-18 13:00:00,37.8,20.2,422.0,452,5.3,26.7,122.0,28.0,6.25,75,28.9,58,3.9,217,69
2026-03-18 14:00:00,42.4,20.9,376.0,451,5.3,24.6,125.0,33.0,4.85,75,29.6,53,5.5,189,39
2026-03-18 15:00:00,43.0,20.4,393.0,451,6.7,24.4,120.0,38.0,3.25,76,29.6,54,12.7,173,88
2026-03-18 16:00:00,43.5,19.5,456.0,451,9.6,24.6,110.0,41.0,1.55,76,28.7,56,11.2,168,49
2026-03-18 17:00:00,48.3,22.4,550.0,452,13.4,28.2,106.0,40.0,0.5,76,27.5,72,15.9,164,95
2026-03-18 18:00:00,39.5,18.5,689.0,454,15.0,23.0,94.0,35.0,0.1,77,26.4,79,17.8,173,100
2026-03-18 19:00:00,29.7,15.3,858.0,457,17.2,15.8,78.0,28.0,0.0,77,26.0,84,12.9,162,28
2026-03-18 20:00:00,28.1,13.0,996.0,460,18.6,10.3,66.0,24.0,0.0,77,25.5,88,7.9,150,9
2026-03-18 21:00:00,29.1,12.6,1104.0,464,18.0,8.2,64.0,24.0,0.0,77,25.4,90,5.7,242,56
2026-03-18 22:00:00,31.4,13.6,1182.0,468,16.7,7.8,68.0,27.0,0.0,76,25.3,90,7.5,330,85
2026-03-18 23:00:00,33.9,15.3,1159.0,470,16.4,8.1,68.0,29.0,0.0,76,24.0,75,6.0,339,99
2026-03-19 00:00:00,39.0,19.2,959.0,468,18.9,9.2,61.0,28.0,0.0,75,23.0,74,6.0,73,100
2026-03-19 01:00:00,36.0,19.5,660.0,463,22.4,11.0,51.0,26.0,0.0,75,23.0,76,3.0,327,100
2026-03-19 02:00:00,33.9,18.5,426.0,459,24.3,12.2,45.0,26.0,0.0,74,22.6,78,2.5,135,44
2026-03-19 03:00:00,31.8,17.9,272.0,457,22.3,12.0,45.0,29.0,0.0,74,22.9,88,8.5,175,99
2026-03-19 04:00:00,32.7,18.1,183.0,456,18.5,11.3,49.0,34.0,0.0,73,22.5,92,0.6,288,98
2026-03-19 05:00:00,36.7,19.3,281.0,457,21.4,13.5,36.0,30.0,0.0,71,21.4,88,6.5,62,94
2026-03-19 06:00:00,36.4,18.8,772.0,464,28.6,13.8,28.0,27.0,0.0,70,20.5,90,1.0,301,99
2026-03-19 07:00:00,40.7,21.8,1451.0,474,38.2,14.4,18.0,24.0,0.05,69,20.5,83,1.0,59,99
2026-03-19 08:00:00,42.0,25.4,1824.0,478,42.8,15.8,18.0,28.0,0.1,66,21.1,88,3.2,90,99
2026-03-19 09:00:00,46.7,27.3,1579.0,472,37.9,18.7,36.0,44.0,0.8,65,22.4,84,2.9,4,99
2026-03-19 10:00:00,55.1,27.2,1028.0,461,27.9,22.4,64.0,66.0,3.75,65,24.0,77,1.5,315,100
2026-03-19 11:00:00,77.3,28.1,618.0,453,19.3,25.3,90.0,88.0,5.5,65,21.5,82,8.5,122,100
2026-03-19 12:00:00,90.6,29.7,552.0,452,14.0,26.5,112.0,107.0,5.0,66,21.8,81,8.6,80,100
2026-03-19 13:00:00,103.1,32.9,625.0,453,9.9,27.0,131.0,125.0,6.3,67,23.0,76,7.4,96,97
2026-03-19 14:00:00,114.3,36.9,673.0,454,7.6,27.6,145.0,141.0,5.2,68,24.0,70,9.7,121,88
2026-03-19 15:00:00,125.7,40.2,586.0,452,5.9,29.3,154.0,156.0,3.75,70,24.3,70,8.4,149,65
2026-03-19 16:00:00,132.7,41.9,473.0,450,5.9,31.1,156.0,167.0,1.75,72,24.4,68,7.6,172,83
2026-03-19 17:00:00,74.5,23.5,495.0,450,10.7,22.7,110.0,94.0,0.75,74,25.8,57,3.6,162,64
2026-03-19 18:00:00,77.1,25.1,811.0,455,26.9,22.9,86.0,89.0,0.1,74,25.4,59,3.1,173,15
2026-03-19 19:00:00,75.2,33.9,1263.0,462,49.1,23.3,52.0,83.0,0.0,76,24.5,67,5.7,233,9
2026-03-19 20:00:00,77.5,35.7,1535.0,467,65.3,23.6,27.0,76.0,0.0,76,23.7,70,8.1,274,2
2026-03-19 21:00:00,87.3,40.7,1458.0,468,70.1,24.3,18.0,70.0,0.0,78,23.0,74,6.1,284,5
2026-03-19 22:00:00,92.7,47.6,1202.0,467,68.8,25.1,17.0,63.0,0.0,80,22.3,81,4.7,320,2
2026-03-19 23:00:00,77.3,44.2,961.0,465,65.8,24.7,18.0,60.0,0.0,83,21.5,77,4.2,282,2
2026-03-20 00:00:00,68.7,35.7,796.0,464,61.7,22.0,21.0,62.0,0.0,86,21.2,78,5.6,264,2
2026-03-20 01:00:00,70.1,34.2,647.0,462,55.8,18.2,26.0,66.0,0.0,87,21.1,77,4.7,313,4
2026-03-20 02:00:00,74.0,35.2,529.0,461,50.5,15.5,30.0,69.0,0.0,89,20.9,80,2.9,317,17
2026-03-20 03:00:00,73.3,35.2,387.0,460,46.0,14.9,31.0,70.0,0.0,90,20.5,82,4.2,340,0
2026-03-20 04:00:00,72.9,35.2,276.0,459,42.1,15.4,30.0,69.0,0.0,92,19.6,85,7.4,354,5
2026-03-20 05:00:00,59.5,34.5,376.0,462,55.4,17.0,16.0,44.0,0.0,93,19.0,92,5.2,22,4
2026-03-20 06:00:00,62.2,35.2,941.0,472,55.4,18.9,14.0,38.0,0.0,95,18.8,92,2.0,5,7
2026-03-20 07:00:00,66.6,38.3,1717.0,484,54.9,21.6,13.0,30.0,0.1,96,18.9,93,1.2,333,6
2026-03-20 08:00:00,65.4,44.5,2118.0,490,50.5,24.0,22.0,36.0,0.75,98,20.5,87,1.7,148,5
2026-03-20 09:00:00,64.3,28.8,1772.0,481,38.6,26.3,49.0,67.0,2.2,99,23.1,73,1.8,186,0
2026-03-20 10:00:00,83.8,27.4,1052.0,465,22.8,28.4,86.0,112.0,4.4,99,24.6,67,3.0,205,0
2026-03-20 11:00:00,109.2,31.1,491.0,453,10.7,28.8,114.0,143.0,6.55,99,25.9,55,2.6,219,0
2026-03-20 12:00:00,113.4,32.9,310.0,449,5.6,26.0,126.0,149.0,7.65,100,26.8,53,6.5,199,0
2026-03-20 13:00:00,109.0,32.9,289.0,448,4.2,21.5,128.0,143.0,6.85,100,26.6,58,11.3,198,0
2026-03-20 14:00:00,105.2,32.2,302.0,448,4.1,18.3,127.0,134.0,6.15,100,26.4,60,12.7,203,0
2026-03-20 15:00:00,102.9,31.9,311.0,448,4.3,17.9,123.0,125.0,4.25,99,26.3,59,12.4,214,0
2026-03-20 16:00:00,97.8,31.2,353.0,448,5.8,18.7,115.0,114.0,2.25,99,26.2,60,9.8,218,5
2026-03-20 17:00:00,72.9,24.9,418.0,449,9.1,20.4,116.0,87.0,0.8,98,26.0,61,8.5,207,12
2026-03-20 18:00:00,62.6,23.3,531.0,451,16.1,18.4,97.0,74.0,0.1,98,25.0,67,9.9,224,11
2026-03-20 19:00:00,50.9,23.1,667.0,453,25.7,15.6,71.0,57.0,0.0,98,24.0,74,9.2,231,3
2026-03-20 20:00:00,48.5,23.1,738.0,455,32.6,13.5,51.0,44.0,0.0,97,23.6,78,9.2,239,3
2026-03-20 21:00:00,47.8,23.2,688.0,455,34.6,12.7,45.0,39.0,0.0,96,23.5,80,8.7,246,12
2026-03-20 22:00:00,47.1,23.3,573.0,455,33.9,12.5,45.0,39.0,0.0,94,23.4,82,8.8,251,65
2026-03-20 23:00:00,46.6,23.6,470.0,454,32.3,12.1,46.0,39.0,0.0,92,23.6,86,8.8,237,100
2026-03-21 00:00:00,46.1,23.9,404.0,453,30.0,11.0,47.0,38.0,0.0,90,24.1,87,8.9,238,34
2026-03-21 01:00:00,45.5,23.3,350.0,453,26.8,9.6,48.0,38.0,0.0,89,23.9,89,10.1,241,60
2026-03-21 02:00:00,44.0,21.9,311.0,453,23.6,8.6,50.0,37.0,0.0,88,23.6,90,9.1,253,97
2026-03-21 03:00:00,41.4,20.5,265.0,455,19.7,8.0,52.0,35.0,0.0,87,23.5,91,7.6,262,100
2026-03-21 04:00:00,38.8,19.1,234.0,457,15.8,7.7,54.0,33.0,0.0,86,23.6,90,8.2,262,97
2026-03-21 05:00:00,36.3,17.2,288.0,459,13.1,7.6,55.0,32.0,0.0,84,23.4,90,9.3,279,95
2026-03-21 06:00:00,35.4,17.5,532.0,461,20.2,8.8,47.0,29.0,0.0,83,23.0,92,8.8,293,99
2026-03-21 07:00:00,37.1,20.0,860.0,463,29.6,10.6,37.0,25.0,0.1,81,22.9,93,4.6,301,92
2026-03-21 08:00:00,40.7,25.5,1026.0,463,33.7,12.7,35.0,24.0,0.75,80,23.5,90,4.0,324,98
2026-03-21 09:00:00,46.6,22.1,866.0,459,27.5,15.4,48.0,29.0,2.05,78,24.5,85,4.2,282,59
2026-03-21 10:00:00,49.0,22.0,543.0,453,16.0,18.3,69.0,36.0,3.55,77,26.3,73,6.8,241,58
2026-03-21 11:00:00,49.0,22.8,300.0,449,7.2,20.3,87.0,41.0,5.4,77,27.2,65,7.5,213,100
2026-03-21 12:00:00,49.9,24.0,243.0,448,4.2,20.5,99.0,42.0,7.2,76,27.7,63,8.6,211,100
2026-03-21 13:00:00,50.8,25.3,265.0,448,3.9,19.7,107.0,41.0,7.15,75,27.6,63,11.4,229,97
2026-03-21 14:00:00,50.8,25.5,294.0,448,4.5,19.2,110.0,39.0,5.7,75,27.8,63,10.9,230,96
2026-03-21 15:00:00,49.4,25.4,296.0,448,5.1,19.7,106.0,35.0,3.95,74,27.6,63,10.9,226,41
2026-03-21 16:00:00,44.9,24.0,304.0,447,6.6,20.5,96.0,30.0,2.0,73,27.3,64,13.7,240,93
2026-03-21 17:00:00,35.4,19.0,344.0,448,7.7,17.5,87.0,25.0,0.85,73,26.9,63,10.9,236,81
2026-03-21 18:00:00,32.7,18.9,446.0,450,15.8,16.9,71.0,22.0,0.1,72,26.5,65,9.4,246,88
2026-03-21 19:00:00,31.5,21.2,580.0,452,27.0,16.1,50.0,17.0,0.0,72,25.9,68,9.0,258,45
2026-03-21 20:00:00,32.9,23.3,683.0,455,36.5,15.6,32.0,13.0,0.0,72,25.3,73,9.1,245,100
2026-03-21 21:00:00,34.3,25.5,740.0,457,43.1,16.0,22.0,11.0,0.0,72,25.0,78,8.8,239,100
2026-03-21 22:00:00,35.3,27.1,766.0,460,47.9,16.8,16.0,10.0,0.0,72,24.8,81,8.4,251,60
2026-03-21 23:00:00,36.2,28.5,743.0,461,49.4,16.9,14.0,9.0,0.0,72,24.5,82,9.0,247,16
2026-03-22 00:00:00,36.7,29.3,638.0,460,45.7,15.5,17.0,8.0,0.0,73,24.5,83,8.8,247,23
2026-03-22 01:00:00,34.2,27.0,484.0,458,38.6,13.4,25.0,8.0,0.0,73,24.3,83,7.4,263,95
2026-03-22 02:00:00,31.2,24.1,367.0,457,31.9,11.6,31.0,8.0,0.0,73,24.0,86,7.0,280,93
2026-03-22 03:00:00,29.6,22.6,296.0,457,25.5,10.3,36.0,8.0,0.0,74,23.5,90,6.5,298,88
2026-03-22 04:00:00,28.5,21.6,261.0,457,19.5,9.4,41.0,7.0,0.0,74,23.1,93,4.9,309,60
2026-03-22 05:00:00,25.7,20.1,316.0,458,16.0,9.0,42.0,5.0,0.0,74,22.2,98,1.9,61,93
2026-03-22 06:00:00,26.4,21.0,564.0,461,22.5,10.3,34.0,3.0,0.0,74,22.5,98,0.5,225,99
2026-03-22 07:00:00,33.6,28.2,902.0,466,31.0,12.4,24.0,2.0,0.1,75,22.4,98,4.0,267,100
2026-03-22 08:00:00,38.5,33.6,1077.0,467,34.7,15.9,25.0,4.0,0.8,75,23.5,91,4.3,272,69
2026-03-22 09:00:00,35.6,25.6,926.0,463,28.9,22.3,47.0,15.0,2.4,76,25.0,79,4.3,268,78
2026-03-22 10:00:00,43.8,26.1,613.0,456,18.3,30.0,80.0,30.0,4.7,76,26.5,70,4.0,252,91
2026-03-22 11:00:00,54.6,28.8,368.0,451,10.1,35.0,106.0,40.0,6.7,77,27.1,64,6.5,247,100
2026-03-22 12:00:00,58.7,28.8,286.0,449,7.4,35.0,117.0,41.0,7.1,77,27.6,61,8.7,246,100
2026-03-22 13:00:00,53.2,28.1,274.0,448,7.1,32.1,121.0,37.0,4.05,78,28.8,55,11.2,242,100
2026-03-22 14:00:00,44.8,26.4,283.0,448,7.8,29.0,118.0,31.0,2.75,78,29.0,52,13.8,248,100
2026-03-22 15:00:00,36.2,23.6,305.0,448,8.6,26.2,108.0,24.0,1.95,78,28.5,55,13.3,247,99
2026-03-22 16:00:00,31.4,22.0,348.0,449,10.4,23.1,92.0,15.0,1.4,78,28.2,59,12.5,240,100
2026-03-22 17:00:00,34.6,25.4,388.0,450,12.2,19.0,79.0,10.0,0.6,78,27.0,64,5.6,243,100
2026-03-22 18:00:00,31.7,24.6,421.0,451,18.3,17.8,67.0,8.0,0.1,78,26.4,71,13.9,266,95
2026-03-22 19:00:00,30.6,25.2,450.0,451,26.7,16.2,51.0,6.0,0.0,79,25.6,75,9.7,285,87
2026-03-22 20:00:00,31.2,25.9,465.0,452,33.4,15.0,38.0,4.0,0.0,79,25.0,79,8.5,291,98
2026-03-22 21:00:00,31.1,26.1,460.0,453,37.2,14.8,31.0,3.0,0.0,79,24.5,83,6.9,285,97
2026-03-22 22:00:00,31.3,26.7,439.0,454,39.2,14.9,27.0,3.0,0.0,79,24.0,86,7.7,294,84
2026-03-22 23:00:00,31.2,26.8,406.0,454,38.9,14.6,26.0,3.0,0.0,79,24.2,84,8.8,285,90
2026-03-23 00:00:00,29.9,25.7,352.0,453,35.0,13.3,28.0,3.0,0.0,79,24.1,84,8.8,293,100
2026-03-23 01:00:00,27.2,23.3,285.0,452,28.8,11.5,33.0,2.0,0.0,79,23.9,85,8.3,304,95
2026-03-23 02:00:00,24.0,20.4,233.0,451,23.0,10.0,38.0,2.0,0.0,79,23.5,86,8.0,320,95
2026-03-23 03:00:00,20.7,17.4,193.0,451,18.2,9.0,42.0,2.0,0.0,78,23.4,86,7.9,313,100
2026-03-23 04:00:00,17.8,14.8,169.0,451,13.8,8.3,45.0,1.0,0.0,78,23.4,85,9.2,293,100
2026-03-23 05:00:00,19.9,16.4,200.0,451,15.1,9.4,40.0,2.0,0.0,77,23.2,87,9.0,293,100
2026-03-23 06:00:00,18.9,15.7,349.0,453,16.5,10.4,40.0,2.0,0.0,77,23.2,87,9.1,284,98
2026-03-23 07:00:00,20.1,17.0,552.0,455,18.2,12.0,41.0,1.0,0.15,76,23.1,89,7.5,294,72
2026-03-23 08:00:00,20.4,16.4,662.0,456,18.3,14.1,47.0,2.0,0.9,75,24.2,83,7.5,307,31
2026-03-23 09:00:00,19.8,14.8,583.0,455,15.4,17.5,64.0,5.0,2.7,74,25.9,72,7.3,300,95
2026-03-23 10:00:00,21.9,14.2,411.0,452,10.8,21.4,86.0,10.0,5.45,73,27.6,59,7.9,286,96
2026-03-23 11:00:00,22.9,13.4,277.0,450,7.2,23.7,103.0,14.0,7.95,72,29.2,49,8.6,269,8
2026-03-23 12:00:00,23.8,12.7,236.0,449,5.3,22.8,112.0,17.0,8.0,70,30.3,45,10.3,258,8
2026-03-23 13:00:00,24.3,12.3,234.0,448,4.2,20.3,115.0,20.0,8.25,69,30.7,45,12.7,254,63
2026-03-23 14:00:00,24.1,12.0,245.0,448,4.1,18.4,115.0,22.0,7.4,68,30.2,48,15.4,252,41
2026-03-23 15:00:00,24.4,11.9,261.0,448,4.8,18.3,111.0,23.0,5.35,66,29.6,51,15.2,253,33
2026-03-23 16:00:00,25.4,12.1,290.0,448,6.3,18.9,103.0,24.0,2.75,65,29.3,51,14.8,257,32
2026-03-23 17:00:00,18.0,10.3,324.0,449,9.9,19.1,96.0,13.0,1.0,64,28.1,55,12.6,260,100
2026-03-23 18:00:00,17.3,11.1,370.0,450,18.0,17.6,79.0,11.0,0.15,63,27.1,61,12.9,261,100
2026-03-23 19:00:00,18.0,13.6,422.0,451,28.9,15.4,55.0,9.0,0.0,62,25.8,73,9.9,258,85
2026-03-23 20:00:00,18.7,13.6,453.0,452,35.4,13.5,39.0,8.0,0.0,61,25.3,80,10.0,261,42
2026-03-23 21:00:00,18.7,12.6,452.0,453,33.4,12.2,38.0,8.0,0.0,60,24.9,85,9.0,265,72
2026-03-23 22:00:00,18.2,11.7,430.0,453,27.1,11.3,45.0,9.0,0.0,59,24.6,86,9.0,282,67
2026-03-23 23:00:00,17.5,11.4,395.0,453,21.6,10.4,51.0,9.0,0.0,57,24.5,89,9.5,281,3
2026-03-24 00:00:00,16.6,11.3,337.0,452,18.8,9.6,52.0,8.0,0.0,56,24.5,89,8.6,280,16
2026-03-24 01:00:00,15.8,11.0,266.0,452,16.9,9.0,51.0,6.0,0.0,55,24.4,91,8.1,276,100
2026-03-24 02:00:00,14.7,10.4,213.0,451,15.0,8.5,50.0,5.0,0.0,54,24.0,92,9.3,283,13
2026-03-24 03:00:00,13.4,9.5,184.0,451,12.3,8.0,50.0,4.0,0.0,53,23.8,94,9.6,290,100
2026-03-24 04:00:00,12.5,8.6,173.0,451,9.6,7.7,50.0,4.0,0.0,52,24.0,92,8.4,293,98
2026-03-24 05:00:00,11.1,8.2,195.0,451,9.4,7.8,48.0,2.0,0.0,51,24.1,93,8.2,285,100
2026-03-24 06:00:00,12.5,8.7,281.0,451,13.2,8.4,43.0,3.0,0.0,51,24.1,93,10.2,288,100
2026-03-24 07:00:00,15.7,11.4,399.0,451,18.3,9.4,38.0,4.0,0.15,50,24.1,92,10.6,291,100
2026-03-24 08:00:00,18.7,13.2,467.0,451,21.7,11.3,37.0,7.0,0.7,49,25.0,84,11.5,295,100
2026-03-24 09:00:00,22.1,14.8,431.0,450,22.1,14.8,44.0,12.0,1.35,49,26.4,74,9.3,299,99
2026-03-24 10:00:00,26.6,15.5,344.0,449,20.8,19.2,56.0,18.0,2.25,49,28.2,60,9.9,297,100
2026-03-24 11:00:00,32.2,17.3,286.0,448,18.6,22.7,72.0,24.0,5.15,49,29.8,50,7.4,274,100
2026-03-24 12:00:00,35.9,17.8,294.0,448,14.8,24.7,97.0,28.0,8.55,50,29.0,49,7.6,282,100
2026-03-24 13:00:00,36.9,17.9,330.0,449,10.1,25.8,126.0,31.0,9.25,50,29.6,46,7.7,258,97
2026-03-24 14:00:00,37.1,19.3,360.0,449,7.1,25.9,142.0,33.0,7.6,51,29.5,52,11.5,256,100
2026-03-24 15:00:00,36.6,20.1,367.0,449,6.5,24.5,138.0,32.0,5.2,51,28.6,61,13.1,257,82
2026-03-24 16:00:00,33.6,18.5,368.0,449,7.6,22.1,121.0,29.0,2.7,52,29.4,55,10.0,244,100
2026-03-24 17:00:00,28.7,16.2,385.0,449,11.3,24.6,115.0,22.0,0.95,53,29.2,61,10.2,246,3
2026-03-24 18:00:00,27.6,16.7,439.0,450,16.7,21.5,93.0,19.0,0.15,53,27.9,65,11.4,257,2
2026-03-24 19:00:00,23.5,16.5,509.0,452,24.1,17.1,62.0,14.0,0.0,59,26.7,73,9.6,261,0
2026-03-24 20:00:00,22.1,14.8,556.0,453,28.6,13.6,40.0,11.0,0.0,57,26.0,82,8.0,264,37
2026-03-24 21:00:00,21.9,14.5,572.0,454,27.9,11.9,35.0,11.0,0.0,54,25.5,87,9.4,271,91
2026-03-24 22:00:00,21.9,14.0,565.0,455,24.3,11.0,39.0,12.0,0.0,54,25.2,89,9.8,287,78
2026-03-24 23:00:00,22.3,13.5,524.0,455,20.3,10.2,43.0,13.0,0.0,54,25.2,90,12.0,284,100
2026-03-25 00:00:00,22.9,13.2,421.0,453,16.4,9.0,46.0,14.0,0.0,55,25.2,91,14.4,278,78
2026-03-25 01:00:00,23.1,12.6,283.0,450,12.1,7.9,49.0,14.0,0.0,55,25.2,91,13.1,285,33
2026-03-25 02:00:00,22.0,11.9,183.0,448,8.7,7.1,52.0,15.0,0.0,55,24.9,92,11.8,286,77
2026-03-25 03:00:00,19.9,11.1,131.0,447,6.2,6.5,54.0,15.0,0.0,55,24.8,91,12.5,288,100
2026-03-25 04:00:00,19.3,10.7,116.0,448,4.7,6.2,56.0,15.0,0.0,55,24.9,88,12.1,293,100
2026-03-25 05:00:00,18.9,11.3,183.0,449,7.6,7.6,49.0,10.0,0.0,55,24.3,86,6.6,349,100
2026-03-25 06:00:00,21.8,12.2,423.0,453,12.5,9.0,43.0,12.0,0.0,56,24.0,88,7.1,285,100
2026-03-25 07:00:00,27.0,15.9,744.0,458,19.0,11.1,36.0,17.0,0.15,56,24.0,86,8.4,279,81
2026-03-25 08:00:00,35.3,19.4,912.0,460,22.1,13.4,36.0,26.0,0.95,56,25.2,78,7.0,280,1
2026-03-25 09:00:00,53.4,21.0,773.0,458,18.6,16.5,50.0,46.0,2.7,57,27.5,61,8.5,283,0
2026-03-25 10:00:00,65.7,22.3,480.0,453,11.8,19.7,71.0,71.0,5.3,57,29.5,46,9.0,270,45
2026-03-25 11:00:00,72.6,23.8,258.0,449,6.4,21.2,87.0,90.0,7.8,58,30.0,46,12.5,247,15
2026-03-25 12:00:00,72.9,23.7,200.0,448,4.1,19.1,91.0,96.0,9.3,59,30.5,43,15.0,244,61
2026-03-25 13:00:00,73.6,23.6,212.0,448,3.2,15.2,90.0,96.0,8.75,59,30.5,41,14.1,239,92
2026-03-25 14:00:00,75.2,23.5,235.0,448,3.3,12.5,86.0,95.0,7.3,60,30.3,40,15.7,240,99
2026-03-25 15:00:00,75.9,23.6,253.0,448,3.5,12.5,81.0,95.0,4.75,60,30.0,39,13.7,243,100
2026-03-25 16:00:00,75.9,23.9,282.0,448,4.6,13.7,73.0,94.0,2.35,60,29.4,43,13.6,239,100
2026-03-25 17:00:00,71.0,22.5,315.0,449,7.9,13.6,63.0,88.0,0.8,61,28.0,58,13.1,240,61
2026-03-25 18:00:00,67.3,23.2,353.0,450,16.5,14.1,51.0,77.0,0.1,61,26.9,68,12.5,242,91
2026-03-25 19:00:00,58.2,25.1,395.0,452,28.4,14.8,35.0,63.0,0.0,62,26.0,76,10.3,241,82
2026-03-25 20:00:00,57.0,27.5,432.0,453,38.1,15.4,22.0,51.0,0.0,63,26.0,75,10.5,246,98
2026-03-25 21:00:00,56.5,29.7,466.0,454,43.6,15.8,15.0,45.0,0.0,64,25.9,71,10.5,251,84
2026-03-25 22:00:00,55.9,31.0,497.0,456,46.9,16.0,12.0,42.0,0.0,65,25.6,73,8.4,251,100
2026-03-25 23:00:00,55.5,31.7,510.0,457,47.7,15.7,11.0,40.0,0.0,67,25.7,73,6.9,253,100
2026-03-26 00:00:00,54.1,31.0,502.0,458,45.4,14.6,13.0,38.0,0.0,68,25.6,74,8.6,254,95
2026-03-26 01:00:00,51.7,29.7,478.0,459,40.6,13.1,17.0,36.0,0.0,70,25.4,75,6.1,258,100
2026-03-26 02:00:00,48.9,28.2,437.0,459,35.1,11.7,22.0,34.0,0.0,71,25.2,77,6.2,262,97
2026-03-26 03:00:00,45.8,26.4,358.0,458,28.1,10.4,29.0,32.0,0.0,73,25.1,77,7.5,278,52
2026-03-26 04:00:00,42.7,23.8,263.0,456,20.4,9.3,38.0,31.0,0.0,74,24.8,78,6.5,289,100
2026-03-26 05:00:00,37.5,21.4,218.0,454,16.3,9.2,38.0,25.0,0.0,75,24.8,80,9.7,274,100
2026-03-26 06:00:00,37.0,21.8,277.0,453,22.8,10.3,32.0,24.0,0.0,76,25.0,78,11.7,288,100
2026-03-26 07:00:00,40.0,25.5,386.0,452,31.3,11.9,23.0,23.0,0.05,77,25.0,78,9.7,301,100
2026-03-26 08:00:00,43.9,27.6,448.0,451,34.9,14.2,24.0,25.0,0.5,78,24.8,78,9.4,318,100
2026-03-26 09:00:00,47.8,25.4,408.0,450,28.7,18.0,41.0,31.0,1.8,79,25.3,75,6.4,317,37
2026-03-26 10:00:00,49.2,24.3,321.0,449,17.5,22.5,66.0,39.0,4.3,79,28.0,60,6.8,282,4
2026-03-26 11:00:00,53.9,25.1,252.0,448,8.7,25.3,87.0,46.0,7.35,79,29.8,50,10.1,264,4
2026-03-26 12:00:00,60.5,27.5,224.0,447,5.3,24.9,102.0,51.0,8.95,79,30.3,47,15.2,256,100
2026-03-26 13:00:00,61.7,27.4,214.0,447,4.2,22.8,113.0,55.0,8.95,80,30.1,48,16.0,258,99
2026-03-26 14:00:00,58.9,26.1,217.0,447,4.2,20.9,117.0,56.0,7.5,80,30.2,46,15.3,253,97
2026-03-26 15:00:00,55.8,24.8,238.0,447,4.4,19.9,111.0,54.0,5.3,80,29.6,50,15.0,244,100
2026-03-26 16:00:00,51.9,23.4,272.0,448,5.6,19.2,99.0,49.0,2.8,80,29.0,52,12.9,247,78
2026-03-26 17:00:00,33.5,15.6,303.0,448,7.9,16.6,77.0,30.0,1.0,80,28.3,52,12.3,267,93
2026-03-26 18:00:00,31.4,16.1,323.0,449,13.6,16.4,65.0,26.0,0.15,80,27.5,56,11.2,267,23
2026-03-26 19:00:00,28.3,17.6,340.0,449,21.5,16.0,48.0,20.0,0.0,79,26.4,64,9.4,252,74
2026-03-26 20:00:00,28.9,18.5,354.0,450,27.7,15.6,35.0,16.0,0.0,78,25.7,71,7.3,260,100
2026-03-26 21:00:00,29.1,19.5,371.0,451,31.2,15.3,29.0,14.0,0.0,78,25.4,75,6.1,268,92
2026-03-26 22:00:00,29.4,20.5,385.0,452,33.0,15.0,26.0,13.0,0.0,77,25.1,77,6.9,279,98
2026-03-26 23:00:00,29.3,20.7,386.0,453,32.7,14.3,26.0,12.0,0.0,76,25.4,81,8.2,244,7
2026-03-27 00:00:00,28.8,20.7,363.0,454,29.1,13.0,29.0,11.0,0.0,75,25.4,81,7.9,249,3
2026-03-27 01:00:00,27.4,19.4,326.0,454,23.3,11.3,35.0,11.0,0.0,74,25.1,83,6.5,294,0
2026-03-27 02:00:00,25.4,17.5,293.0,454,18.2,9.9,40.0,10.0,0.0,73,24.6,85,7.0,312,0
2026-03-27 03:00:00,23.4,15.8,254.0,454,14.3,8.9,43.0,9.0,0.0,72,24.3,88,7.8,304,8
2026-03-27 04:00:00,21.2,14.6,219.0,453,11.0,8.1,45.0,7.0,0.0,71,24.0,90,7.9,313,0
2026-03-27 05:00:00,21.0,14.9,239.0,453,12.2,8.8,41.0,7.0,0.0,70,23.6,93,6.2,339,13
2026-03-27 06:00:00,19.6,14.5,372.0,454,13.9,9.8,40.0,7.0,0.0,70,23.7,93,6.8,320,1
2026-03-27 07:00:00,21.7,16.6,560.0,456,16.1,11.4,38.0,6.0,0.15,69,23.7,93,7.5,310,2
2026-03-27 08:00:00,23.1,16.8,678.0,457,16.7,13.6,43.0,7.0,1.0,68,24.9,86,6.2,303,5
2026-03-27 09:00:00,24.4,16.2,665.0,456,14.2,17.0,58.0,10.0,2.9,67,26.7,75,5.1,342,0
2026-03-27 10:00:00,27.4,16.5,583.0,454,10.0,21.0,78.0,13.0,5.55,66,28.6,60,1.5,54,0
2026-03-27 11:00:00,28.3,16.5,494.0,452,6.7,23.8,96.0,18.0,8.15,66,30.0,54,3.9,208,0
2026-03-27 12:00:00,29.0,16.6,406.0,450,5.1,24.6,111.0,25.0,9.55,65,30.8,52,11.8,230,62
2026-03-27 13:00:00,33.5,18.2,311.0,448,4.4,24.1,124.0,32.0,8.95,64,30.7,52,13.3,249,13
2026-03-27 14:00:00,38.9,19.3,245.0,447,4.3,22.6,127.0,35.0,7.55,63,31.0,49,15.3,249,5
2026-03-27 15:00:00,30.0,16.6,229.0,446,4.7,19.7,113.0,30.0,5.0,63,30.1,54,18.2,250,12
2026-03-27 16:00:00,21.9,11.8,241.0,446,5.8,15.8,90.0,20.0,2.65,62,28.9,59,19.7,260,9
2026-03-27 17:00:00,3.9,3.7,254.0,446,7.0,13.3,72.0,0.0,1.0,61,27.8,66,20.6,264,89
2026-03-27 18:00:00,3.7,3.5,261.0,446,10.6,12.9,63.0,0.0,0.15,60,27.0,70,17.6,264,100
2026-03-27 19:00:00,5.0,4.5,268.0,447,15.7,12.3,50.0,0.0,0.0,59,26.2,75,12.7,259,100
2026-03-27 20:00:00,7.4,6.1,269.0,447,19.2,11.8,41.0,1.0,0.0,58,25.8,81,15.0,260,100
2026-03-27 21:00:00,10.0,6.7,262.0,447,20.3,11.7,37.0,5.0,0.0,56,25.6,81,15.0,264,21
2026-03-27 22:00:00,13.2,7.6,249.0,447,19.9,11.6,37.0,9.0,0.0,55,25.4,83,12.7,258,77
2026-03-27 23:00:00,15.3,8.0,231.0,447,18.3,11.1,38.0,12.0,0.0,54,25.4,84,12.4,256,84
2026-03-28 00:00:00,14.6,7.1,202.0,447,14.7,9.7,42.0,11.0,0.0,53,25.2,86,15.8,262,76
2026-03-28 01:00:00,12.2,5.7,167.0,446,9.9,7.8,48.0,8.0,0.0,52,25.1,87,19.1,271,64
2026-03-28 02:00:00,9.6,4.7,141.0,446,6.2,6.4,52.0,6.0,0.0,51,25.0,87,18.0,274,20
2026-03-28 03:00:00,7.0,4.3,127.0,446,4.5,5.8,52.0,4.0,0.0,49,24.8,87,15.1,271,13
2026-03-28 04:00:00,7.0,4.5,123.0,445,3.9,5.6,51.0,3.0,0.0,47,24.8,87,14.8,274,43
2026-03-28 05:00:00,6.2,4.3,136.0,445,5.0,6.4,49.0,0.0,0.0,45,25.0,83,15.2,276,34
2026-03-28 06:00:00,8.2,4.8,182.0,445,6.4,6.9,48.0,3.0,0.0,43,25.0,82,14.3,282,39
2026-03-28 07:00:00,12.0,6.5,246.0,446,8.2,7.6,46.0,7.0,0.15,42,25.1,80,14.5,282,91
2026-03-28 08:00:00,17.2,8.3,283.0,446,8.9,8.4,48.0,12.0,0.9,40,26.1,73,20.8,280,84
2026-03-28 09:00:00,19.7,8.4,269.0,446,7.5,9.2,56.0,16.0,2.55,39,27.2,66,23.2,280,82
2026-03-28 10:00:00,23.6,9.1,228.0,446,5.1,10.1,67.0,21.0,5.3,37,28.0,64,22.9,275,79
2026-03-28 11:00:00,26.3,10.2,198.0,446,3.3,10.6,76.0,26.0,7.8,36,29.0,54,19.1,267,80
2026-03-28 12:00:00,29.3,11.1,191.0,446,2.7,10.7,81.0,34.0,8.55,35,29.5,55,20.7,268,41
2026-03-28 13:00:00,34.7,11.8,194.0,446,2.8,10.5,83.0,43.0,9.05,34,30.2,48,21.3,272,100
2026-03-28 14:00:00,41.2,12.8,202.0,446,3.1,10.2,82.0,50.0,7.6,33,30.1,47,22.8,277,45
2026-03-28 15:00:00,48.2,13.1,219.0,446,3.5,9.8,76.0,57.0,4.9,32,29.4,50,23.4,267,100
2026-03-28 16:00:00,51.3,12.0,240.0,446,4.2,9.3,66.0,64.0,2.6,33,28.0,62,21.3,264,98
2026-03-28 17:00:00,37.5,9.2,252.0,446,6.1,9.3,58.0,50.0,0.8,34,27.8,60,20.8,264,100
2026-03-28 18:00:00,24.6,7.2,245.0,446,7.6,9.1,53.0,35.0,0.1,34,27.0,66,19.5,259,100
2026-03-28 19:00:00,12.7,6.4,228.0,447,9.7,8.8,47.0,14.0,0.0,33,26.3,72,20.4,261,100
2026-03-28 20:00:00,9.9,6.3,214.0,447,10.9,8.5,43.0,3.0,0.0,33,26.0,72,20.8,256,100
2026-03-28 21:00:00,10.2,6.2,210.0,447,10.6,8.3,44.0,11.0,0.0,33,25.9,71,20.9,255,100
2026-03-28 22:00:00,17.5,7.4,209.0,447,9.4,8.1,47.0,30.0,0.0,33,25.8,70,20.8,260,100
2026-03-28 23:00:00,37.8,12.1,203.0,447,8.0,7.7,54.0,45.0,0.0,33,26.1,68,19.8,267,100
2026-03-29 00:00:00,55.8,18.2,185.0,447,6.5,7.0,66.0,53.0,0.0,34,26.0,66,19.3,268,90
2026-03-29 01:00:00,60.8,22.2,161.0,447,4.9,6.1,81.0,58.0,0.0,36,25.5,67,19.4,269,100
2026-03-29 02:00:00,56.2,22.5,145.0,447,3.7,5.5,93.0,59.0,0.0,38,25.2,72,18.7,268,100
2026-03-29 03:00:00,49.0,20.7,137.0,447,3.0,5.2,97.0,54.0,0.0,41,25.1,68,19.6,272,95
2026-03-29 04:00:00,43.5,18.8,138.0,447,2.8,5.0,98.0,45.0,0.0,44,24.9,70,19.7,274,99
2026-03-29 05:00:00,38.2,17.8,157.0,447,3.6,5.6,96.0,34.0,0.0,47,24.5,73,19.7,276,33
2026-03-29 06:00:00,36.9,17.0,217.0,448,5.6,6.7,96.0,35.0,0.0,49,24.8,71,18.9,273,0
2026-03-29 07:00:00,36.6,17.5,297.0,448,8.2,8.1,96.0,37.0,0.15,51,24.7,69,17.8,272,47
2026-03-29 08:00:00,40.3,18.0,342.0,449,9.5,9.4,100.0,37.0,1.05,52,25.6,62,18.6,267,0
2026-03-29 09:00:00,36.2,16.4,320.0,449,8.2,10.2,112.0,33.0,3.0,52,26.8,54,18.7,263,0
2026-03-29 10:00:00,31.0,14.8,264.0,448,5.6,10.8,129.0,27.0,5.65,53,28.0,44,18.4,259,5
2026-03-29 11:00:00,29.2,13.4,222.0,448,3.6,11.2,141.0,26.0,8.15,54,28.5,55,19.4,249,25
2026-03-29 12:00:00,33.2,13.6,211.0,448,3.0,11.3,144.0,33.0,9.65,54,29.1,53,21.5,247,5
2026-03-29 13:00:00,40.2,14.7,213.0,447,3.0,11.2,143.0,44.0,9.55,61,29.0,53,20.1,245,0
2026-03-29 14:00:00,47.7,15.9,222.0,447,3.3,11.1,140.0,57.0,7.95,71,29.1,48,19.7,250,0
2026-03-29 15:00:00,56.1,17.1,240.0,447,3.7,10.9,137.0,74.0,5.25,80,28.9,43,19.3,250,2
2026-03-29 16:00:00,67.3,18.7,266.0,448,4.5,10.7,132.0,94.0,2.65,89,28.5,39,18.7,252,11
2026-03-29 17:00:00,73.8,18.9,290.0,449,6.2,10.8,124.0,101.0,0.95,96,27.7,42,17.7,251,22
2026-03-29 18:00:00,68.7,18.9,311.0,450,9.7,11.5,119.0,85.0,0.15,98,26.8,50,17.3,241,77
2026-03-29 19:00:00,55.1,18.1,330.0,450,14.5,12.5,111.0,63.0,0.0,96,26.0,56,18.8,250,88
2026-03-29 20:00:00,45.3,18.5,339.0,451,17.9,13.0,105.0,46.0,0.0,90,25.6,62,12.7,240,28
2026-03-29 21:00:00,42.4,18.7,337.0,451,19.0,12.6,101.0,41.0,0.0,82,25.3,65,13.3,235,33
2026-03-29 22:00:00,42.5,19.1,325.0,451,18.7,11.7,99.0,41.0,0.0,73,25.0,68,13.8,242,0
2026-03-29 23:00:00,45.1,19.8,304.0,451,17.6,10.6,98.0,43.0,0.0,64,25.1,64,12.6,233,0
2026-03-30 00:00:00,48.1,20.3,266.0,450,15.4,9.4,99.0,47.0,0.0,63,25.4,65,12.9,229,0
2026-03-30 01:00:00,50.5,20.3,219.0,450,12.3,8.1,102.0,52.0,0.0,63,25.5,58,14.4,239,0
2026-03-30 02:00:00,51.3,20.1,185.0,449,9.8,7.1,105.0,53.0,0.0,63,25.1,60,14.7,245,0
2026-03-30 03:00:00,49.7,19.7,170.0,449,8.1,6.6,108.0,47.0,0.0,62,24.9,65,15.1,255,1
2026-03-30 04:00:00,44.7,18.9,169.0,449,6.9,6.5,110.0,38.0,0.0,62,24.8,66,14.7,262,26
2026-03-30 05:00:00,36.4,17.1,189.0,449,5.7,6.5,115.0,30.0,0.0,62,24.0,62,14.2,272,1
2026-03-30 06:00:00,32.7,17.1,254.0,450,7.3,8.0,115.0,29.0,0.0,62,23.8,62,14.2,269,0
2026-03-30 07:00:00,33.1,19.0,342.0,451,9.4,10.0,116.0,29.0,0.2,62,23.8,63,13.9,266,0
2026-03-30 08:00:00,39.8,20.3,389.0,451,10.3,11.5,119.0,29.0,1.05,62,24.6,61,15.4,265,3
2026-03-30 09:00:00,41.6,20.2,357.0,450,8.7,12.1,127.0,31.0,2.75,63,25.7,56,14.6,260,4
2026-03-30 10:00:00,43.2,20.5,284.0,449,5.8,12.2,138.0,35.0,5.25,63,26.5,50,13.2,255,5
2026-03-30 11:00:00,44.6,20.7,230.0,448,3.6,12.1,145.0,38.0,7.7,68,27.5,48,15.3,257,12
2026-03-30 12:00:00,45.1,20.3,217.0,448,2.8,11.7,147.0,41.0,9.35,76,27.9,43,15.7,253,6
2026-03-30 13:00:00,45.9,19.6,222.0,448,2.7,11.2,145.0,43.0,9.4,84,28.2,40,16.5,250,1
2026-03-30 14:00:00,45.8,19.2,232.0,448,3.1,11.0,143.0,45.0,7.9,90,28.2,38,15.7,246,0
2026-03-30 15:00:00,44.8,18.7,245.0,448,3.6,11.4,141.0,45.0,5.4,96,28.0,38,16.3,247,5
2026-03-30 16:00:00,43.3,18.1,264.0,448,4.6,12.2,138.0,44.0,2.85,102,27.5,39,15.4,251,0
2026-03-30 17:00:00,34.0,14.5,286.0,448,6.6,13.0,133.0,33.0,1.05,106,26.6,42,15.6,248,0
2026-03-30 18:00:00,34.8,15.5,314.0,449,10.4,13.7,124.0,32.0,0.15,107,25.7,47,14.6,254,20
2026-03-30 19:00:00,34.2,17.9,346.0,450,15.5,14.6,110.0,32.0,0.0,104,24.8,54,13.9,256,100
2026-03-30 20:00:00,39.9,20.1,366.0,451,18.9,15.0,101.0,32.0,0.0,96,24.6,57,15.2,260,95
2026-03-30 21:00:00,42.5,20.4,371.0,452,19.2,14.7,98.0,33.0,0.0,87,24.5,60,13.7,265,100
2026-03-30 22:00:00,43.4,21.3,366.0,452,17.9,13.9,99.0,35.0,0.0,77,24.4,60,12.8,268,98
2026-03-30 23:00:00,44.9,22.1,347.0,452,16.0,12.8,101.0,38.0,0.0,67,24.1,57,11.4,275,32
2026-03-31 00:00:00,47.5,22.5,306.0,451,13.5,11.4,104.0,44.0,0.0,65,24.0,58,11.5,271,68
2026-03-31 01:00:00,51.8,23.1,251.0,451,10.5,9.7,108.0,50.0,0.0,66,23.9,61,11.3,271,100
2026-03-31 02:00:00,57.2,24.1,212.0,450,8.2,8.4,111.0,56.0,0.0,66,23.9,61,12.8,280,100
2026-03-31 03:00:00,62.2,25.2,184.0,450,6.2,7.7,112.0,60.0,0.0,66,23.7,59,12.9,285,68
2026-03-31 04:00:00,62.6,25.5,172.0,450,5.0,7.4,111.0,62.0,0.0,67,23.4,62,12.6,289,50
2026-03-31 05:00:00,53.2,23.0,214.0,451,5.5,7.3,114.0,51.0,0.0,67,23.4,64,8.2,285,99
2026-03-31 06:00:00,52.4,23.4,378.0,453,11.9,8.5,106.0,50.0,0.0,68,23.4,65,9.3,280,97
2026-03-31 07:00:00,53.1,26.6,597.0,456,20.5,10.1,94.0,48.0,0.15,68,23.5,64,8.7,283,100
2026-03-31 08:00:00,56.1,27.9,709.0,457,24.8,11.8,91.0,47.0,0.8,69,24.5,60,8.9,277,99
2026-03-31 09:00:00,58.9,24.7,608.0,455,20.6,13.5,103.0,48.0,2.15,70,25.8,52,10.2,263,91
2026-03-31 10:00:00,55.4,23.8,402.0,452,12.2,15.2,122.0,49.0,4.3,70,26.6,47,11.3,241,100
2026-03-31 11:00:00,53.3,23.7,247.0,449,5.8,16.2,136.0,49.0,5.45,70,26.5,45,12.3,233,100
2026-03-31 12:00:00,50.4,22.8,214.0,448,4.0,16.1,140.0,47.0,5.65,71,27.2,45,12.4,230,100
2026-03-31 13:00:00,48.7,22.3,233.0,448,4.1,15.3,140.0,44.0,6.05,71,27.4,45,12.4,230,100
2026-03-31 14:00:00,47.4,22.3,255.0,448,4.6,14.5,138.0,41.0,6.05,71,27.3,46,12.5,235,100
2026-03-31 15:00:00,45.8,22.3,266.0,448,4.8,13.7,137.0,38.0,4.3,72,27.4,45,13.7,237,100
2026-03-31 16:00:00,43.3,21.5,281.0,449,5.3,12.9,135.0,34.0,2.5,81,27.2,46,14.6,241,78
2026-03-31 17:00:00,39.2,19.7,293.0,449,6.8,13.5,132.0,30.0,0.95,90,26.5,49,13.1,251,77
2026-03-31 18:00:00,38.6,20.0,292.0,449,9.3,13.6,126.0,29.0,0.15,96,25.8,55,14.3,252,99
2026-03-31 19:00:00,36.9,20.7,289.0,449,12.9,13.8,118.0,29.0,0.0,97,25.1,58,13.9,259,100
2026-03-31 20:00:00,41.0,22.5,309.0,450,16.5,14.0,110.0,29.0,0.0,93,25.0,57,13.0,256,100
2026-03-31 21:00:00,45.3,24.5,385.0,452,20.4,14.4,101.0,31.0,0.0,87,25.0,56,12.2,270,100
2026-03-31 22:00:00,48.5,26.6,484.0,455,24.3,14.7,92.0,34.0,0.0,79,24.7,58,9.2,277,100
2026-03-31 23:00:00,51.3,28.9,538.0,457,25.9,14.5,87.0,36.0,0.0,74,24.5,62,9.7,271,100
2026-04-01 00:00:00,53.0,29.6,508.0,457,23.3,13.2,89.0,38.0,0.0,75,24.5,64,8.9,276,100
2026-04-01 01:00:00,51.9,27.8,432.0,457,18.4,11.4,94.0,39.0,0.0,75,24.5,65,8.4,281,99
2026-04-01 02:00:00,49.5,25.5,358.0,456,14.3,9.9,98.0,39.0,0.0,76,24.0,68,7.3,286,100
2026-04-01 03:00:00,45.8,23.6,281.0,455,11.6,9.0,98.0,36.0,0.0,76,23.9,69,8.8,287,100
2026-04-01 04:00:00,41.6,22.0,206.0,453,9.8,8.4,96.0,32.0,0.0,76,23.4,72,8.4,290,93
2026-04-01 05:00:00,39.5,21.8,197.0,452,11.7,8.5,91.0,28.0,0.0,76,24.0,70,9.4,281,100
2026-04-01 06:00:00,36.9,21.0,329.0,453,17.2,9.3,87.0,27.0,0.0,75,23.9,70,10.1,281,99
2026-04-01 07:00:00,38.2,23.7,527.0,455,24.5,10.6,82.0,25.0,0.2,75,23.7,72,9.4,282,100
2026-04-01 08:00:00,41.1,25.4,634.0,456,27.6,12.3,85.0,24.0,1.0,75,24.9,67,9.9,279,99
2026-04-01 09:00:00,40.0,21.7,552.0,455,22.5,15.0,102.0,24.0,2.7,75,26.4,58,13.3,273,100
2026-04-01 10:00:00,38.0,20.4,378.0,452,13.2,18.1,127.0,25.0,4.8,74,27.4,53,13.4,263,100
2026-04-01 11:00:00,37.0,19.8,249.0,450,6.1,19.9,144.0,26.0,6.55,74,27.9,50,15.3,261,100
2026-04-01 12:00:00,36.4,18.6,225.0,450,3.8,19.2,146.0,29.0,7.8,74,28.5,48,14.9,258,100
2026-04-01 13:00:00,35.6,16.9,245.0,450,3.7,17.2,141.0,32.0,7.4,73,28.6,48,14.8,254,100
2026-04-01 14:00:00,36.6,16.0,267.0,450,4.2,15.7,134.0,35.0,5.8,73,29.0,44,13.3,257,100
2026-04-01 15:00:00,34.9,14.8,277.0,450,4.8,15.6,126.0,36.0,4.4,72,28.9,44,12.8,242,100
2026-04-01 16:00:00,34.5,14.3,288.0,450,5.9,16.0,116.0,36.0,2.65,80,28.0,50,14.9,242,100
2026-04-01 17:00:00,43.4,18.1,300.0,450,8.2,16.6,105.0,43.0,0.9,87,27.0,56,15.9,250,96
2026-04-01 18:00:00,42.0,17.7,311.0,450,10.9,16.0,97.0,40.0,0.15,88,26.2,60,15.4,259,94
2026-04-01 19:00:00,39.8,17.9,322.0,450,14.8,15.0,85.0,36.0,0.0,81,25.6,63,12.5,265,96
2026-04-01 20:00:00,39.0,19.2,334.0,451,18.0,14.3,75.0,33.0,0.0,70,25.2,66,12.3,273,98
2026-04-01 21:00:00,39.0,20.0,357.0,452,20.1,14.0,70.0,32.0,0.0,70,24.9,70,10.8,272,100
2026-04-01 22:00:00,39.6,20.7,382.0,453,21.6,13.8,66.0,31.0,0.0,70,24.7,73,9.1,279,95
2026-04-01 23:00:00,40.0,21.3,381.0,454,22.2,13.4,64.0,31.0,0.0,69,24.7,76,8.5,277,19
2026-04-02 00:00:00,39.7,21.3,326.0,453,21.1,12.4,63.0,30.0,0.0,69,24.9,77,11.5,272,98
2026-04-02 01:00:00,38.9,20.7,245.0,451,19.1,11.1,62.0,29.0,0.0,68,25.0,76,11.7,279,100
2026-04-02 02:00:00,38.3,20.5,191.0,450,17.8,10.3,60.0,29.0,0.0,67,24.5,78,7.7,282,98
2026-04-02 03:00:00,38.8,21.0,181.0,451,17.7,10.1,55.0,28.0,0.0,67,24.1,80,4.3,312,100
2026-04-02 04:00:00,41.4,22.1,197.0,452,18.4,10.4,50.0,28.0,0.0,67,23.6,83,6.5,337,100
2026-04-02 05:00:00,36.1,18.7,239.0,453,14.3,9.5,58.0,28.0,0.0,67,23.2,86,1.6,270,100
2026-04-02 06:00:00,38.0,19.6,329.0,454,16.4,10.4,60.0,37.0,0.0,66,23.4,85,1.2,231,99
2026-04-02 07:00:00,42.6,22.9,445.0,455,19.3,11.9,63.0,50.0,0.1,66,23.2,87,6.9,261,100
2026-04-02 08:00:00,61.7,23.3,521.0,455,20.6,13.6,67.0,66.0,0.5,66,23.8,79,12.8,286,100
2026-04-02 09:00:00,69.2,24.2,522.0,454,19.0,15.8,71.0,85.0,1.6,66,21.4,82,15.1,279,100
2026-04-02 10:00:00,79.2,25.4,483.0,452,15.8,18.3,76.0,106.0,1.8,66,21.5,81,10.7,210,100
2026-04-02 11:00:00,95.9,27.5,447.0,451,13.1,20.8,82.0,124.0,2.15,67,23.8,74,4.9,172,100
2026-04-02 12:00:00,101.3,28.8,428.0,450,11.2,23.7,89.0,139.0,2.75,67,24.2,72,8.7,175,100
2026-04-02 13:00:00,110.8,31.5,413.0,450,9.8,26.5,97.0,151.0,5.35,68,24.0,73,11.0,185,100
2026-04-02 14:00:00,115.9,33.2,403.0,450,9.2,27.5,101.0,152.0,4.45,69,24.2,75,10.7,207,100
2026-04-02 15:00:00,114.8,32.8,400.0,450,9.4,25.1,99.0,136.0,3.55,71,21.8,82,6.5,275,100
2026-04-02 16:00:00,103.1,29.4,404.0,450,10.5,20.8,93.0,109.0,1.25,73,23.9,73,8.3,214,100
2026-04-02 17:00:00,59.5,21.0,413.0,450,11.5,14.9,90.0,69.0,0.55,74,20.3,86,1.7,139,100
2026-04-02 18:00:00,57.0,20.9,433.0,451,16.1,14.5,83.0,58.0,0.1,74,20.5,86,7.2,183,99
2026-04-02 19:00:00,51.7,21.2,460.0,451,22.4,14.1,73.0,43.0,0.0,74,20.5,86,1.9,202,79
2026-04-02 20:00:00,35.0,17.8,477.0,452,26.3,14.4,66.0,30.0,0.0,75,20.5,85,1.6,84,35
2026-04-02 21:00:00,25.6,12.4,467.0,452,25.2,16.2,66.0,23.0,0.0,75,20.5,85,1.3,214,94
2026-04-02 22:00:00,21.7,11.3,449.0,453,21.7,18.6,69.0,18.0,0.0,74,20.5,87,4.4,328,98
2026-04-02 23:00:00,21.1,12.0,462.0,454,19.3,20.2,70.0,15.0,0.0,73,18.2,92,21.7,238,100
2026-04-03 00:00:00,20.7,12.4,541.0,456,19.4,19.8,67.0,13.0,0.0,72,19.1,89,6.4,248,52
2026-04-03 01:00:00,20.4,13.2,653.0,459,20.6,18.5,63.0,12.0,0.0,72,19.1,91,6.0,241,85
2026-04-03 02:00:00,20.5,13.3,736.0,462,21.7,17.9,59.0,11.0,0.0,71,19.5,90,7.6,297,54
2026-04-03 03:00:00,21.2,13.1,742.0,464,22.2,18.8,56.0,11.0,0.0,70,18.8,91,7.6,342,2
2026-04-03 04:00:00,21.3,13.6,720.0,465,22.6,20.5,52.0,11.0,0.0,70,17.9,94,8.1,4,4
2026-04-03 05:00:00,26.0,14.6,754.0,466,19.1,16.3,53.0,18.0,0.0,69,17.7,95,7.4,68,5
2026-04-03 06:00:00,27.2,16.4,944.0,469,22.1,20.4,50.0,18.0,0.0,68,17.8,93,6.7,70,6
2026-04-03 07:00:00,29.2,19.7,1190.0,471,26.1,26.1,46.0,17.0,0.15,68,18.0,91,4.7,32,6
2026-04-03 08:00:00,30.6,19.7,1277.0,471,27.1,30.2,49.0,17.0,0.9,68,19.1,87,4.1,358,20
2026-04-03 09:00:00,27.0,16.3,1051.0,466,22.5,31.8,63.0,16.0,2.55,68,20.8,78,2.7,323,13
2026-04-03 10:00:00,23.3,13.6,666.0,457,15.0,32.0,83.0,15.0,4.35,67,22.6,71,3.6,270,22
2026-04-03 11:00:00,21.9,12.5,370.0,451,9.0,30.5,100.0,15.0,6.6,66,24.0,61,8.3,268,59
2026-04-03 12:00:00,21.9,12.2,269.0,449,6.1,26.4,112.0,17.0,7.6,64,24.9,54,11.3,256,70
2026-04-03 13:00:00,22.5,12.0,257.0,448,4.6,20.6,120.0,19.0,7.15,63,25.2,52,12.6,251,98
2026-04-03 14:00:00,22.0,10.7,264.0,448,4.0,16.2,124.0,21.0,6.1,61,25.2,52,12.9,247,73
2026-04-03 15:00:00,23.0,10.4,268.0,448,3.8,14.7,122.0,22.0,4.55,59,25.4,51,12.9,247,54
2026-04-03 16:00:00,23.4,10.5,291.0,447,4.5,14.5,115.0,22.0,2.55,57,24.9,54,13.5,239,6
2026-04-03 17:00:00,29.7,12.7,334.0,448,6.6,12.1,104.0,29.0,0.95,56,24.5,64,12.8,218,69
2026-04-03 18:00:00,30.6,13.7,414.0,450,11.7,12.3,91.0,28.0,0.15,55,24.0,66,11.5,231,84
2026-04-03 19:00:00,29.9,15.8,514.0,452,18.9,12.7,73.0,26.0,0.0,55,23.4,69,10.1,241,98
2026-04-03 20:00:00,32.7,18.2,581.0,454,25.5,13.0,58.0,24.0,0.0,54,23.3,72,10.2,234,41
2026-04-03 21:00:00,35.2,20.7,595.0,455,31.7,13.5,49.0,23.0,0.0,54,23.2,74,9.2,247,1
2026-04-03 22:00:00,37.4,23.9,577.0,457,37.2,13.9,44.0,21.0,0.0,54,23.0,76,7.8,266,2
2026-04-03 23:00:00,37.7,24.9,532.0,457,38.9,13.7,44.0,20.0,0.0,56,23.1,71,6.8,281,20
2026-04-04 00:00:00,35.9,23.5,444.0,456,33.8,12.2,52.0,18.0,0.0,57,23.3,69,7.4,284,7
2026-04-04 01:00:00,32.4,21.1,330.0,454,24.9,9.9,65.0,16.0,0.0,58,22.9,69,6.6,303,5
2026-04-04 02:00:00,28.3,18.5,246.0,453,17.7,8.3,75.0,14.0,0.0,58,22.5,68,8.0,301,2
2026-04-04 03:00:00,24.4,16.4,181.0,453,13.2,7.6,79.0,12.0,0.0,59,22.0,68,9.2,305,1
2026-04-04 04:00:00,21.7,15.1,147.0,453,10.3,7.5,80.0,9.0,0.0,59,21.7,70,9.7,309,0
2026-04-04 05:00:00,24.5,15.9,234.0,455,12.3,8.4,79.0,11.0,0.0,59,21.4,80,7.3,320,0
2026-04-04 06:00:00,24.8,16.9,586.0,460,20.6,10.4,73.0,10.0,0.0,59,20.9,84,5.9,348,0
2026-04-04 07:00:00,31.5,23.2,1059.0,466,31.7,13.2,65.0,8.0,0.2,59,20.5,87,4.9,8,0
2026-04-04 08:00:00,31.0,23.9,1310.0,469,36.6,15.6,67.0,9.0,1.05,60,21.8,85,2.7,20,0
2026-04-04 09:00:00,27.9,17.3,1121.0,465,29.4,17.3,89.0,16.0,2.8,60,24.0,74,2.2,279,0
2026-04-04 10:00:00,32.5,15.8,709.0,458,16.1,18.5,122.0,26.0,5.25,60,25.7,65,4.5,230,0
2026-04-04 11:00:00,36.0,15.7,386.0,452,5.9,18.6,145.0,33.0,7.7,60,27.0,56,7.6,216,0
2026-04-04 12:00:00,35.9,14.7,278.0,450,2.8,16.7,150.0,34.0,7.75,61,27.5,53,11.9,222,0
2026-04-04 13:00:00,34.1,13.6,259.0,449,2.9,13.6,145.0,31.0,8.3,61,27.5,51,14.3,233,0
2026-04-04 14:00:00,29.8,12.7,262.0,449,3.5,11.4,139.0,28.0,7.05,61,27.5,50,14.4,239,0
2026-04-04 15:00:00,27.7,12.6,269.0,449,3.5,10.9,135.0,25.0,5.2,63,27.4,48,14.5,245,0
2026-04-04 16:00:00,26.9,12.9,298.0,449,4.1,11.3,130.0,23.0,2.8,78,26.9,50,14.1,240,0
2026-04-04 17:00:00,21.2,10.7,333.0,449,6.5,11.8,124.0,16.0,1.05,91,25.6,53,14.2,243,0
2026-04-04 18:00:00,22.8,11.7,380.0,450,12.3,11.9,112.0,15.0,0.2,98,24.9,58,12.8,251,0
2026-04-04 19:00:00,22.9,14.1,433.0,452,20.2,12.1,96.0,13.0,0.0,96,24.0,66,12.5,252,1
2026-04-04 20:00:00,24.5,16.1,460.0,453,26.0,12.1,84.0,12.0,0.0,86,23.8,68,14.0,248,22
2026-04-04 21:00:00,24.9,16.6,440.0,453,27.8,11.8,79.0,11.0,0.0,72,23.7,68,13.6,248,99
2026-04-04 22:00:00,25.0,17.3,393.0,452,27.4,11.3,78.0,11.0,0.0,61,23.8,69,13.8,257,98
2026-04-04 23:00:00,24.6,17.3,348.0,452,26.0,10.6,78.0,10.0,0.0,60,24.1,68,12.2,261,88
2026-04-05 00:00:00,23.3,16.3,313.0,452,23.5,9.6,77.0,9.0,0.0,59,24.0,68,10.6,271,4
2026-04-05 01:00:00,22.4,15.7,281.0,453,20.1,8.4,77.0,9.0,0.0,59,23.5,71,8.6,282,1
2026-04-05 02:00:00,22.7,16.1,256.0,453,17.5,7.8,76.0,8.0,0.0,58,23.1,73,7.5,294,45
2026-04-05 03:00:00,22.8,16.3,205.0,453,15.6,7.8,73.0,8.0,0.0,58,22.9,75,7.6,289,99
2026-04-05 04:00:00,22.8,16.4,161.0,454,14.6,8.4,69.0,8.0,0.0,58,22.6,76,7.4,296,88
2026-04-05 05:00:00,18.7,14.2,231.0,455,12.0,8.2,71.0,4.0,0.0,58,22.1,83,7.9,297,98
2026-04-05 06:00:00,19.7,15.6,558.0,459,22.1,10.6,62.0,3.0,0.0,58,22.4,81,6.7,294,94
2026-04-05 07:00:00,28.8,24.3,998.0,464,35.5,14.1,51.0,3.0,0.2,58,22.4,81,6.2,306,98
2026-04-05 08:00:00,32.0,27.4,1226.0,466,41.6,17.1,52.0,3.0,1.1,58,23.4,79,5.2,284,99
2026-04-05 09:00:00,29.0,20.7,1031.0,462,33.3,19.5,76.0,6.0,2.75,58,24.8,71,5.4,276,68
2026-04-05 10:00:00,29.1,19.1,624.0,456,17.7,21.6,113.0,9.0,5.65,59,26.4,62,6.3,255,99
2026-04-05 11:00:00,29.9,18.8,315.0,451,5.9,22.4,140.0,12.0,7.05,59,26.9,56,9.3,255,99
2026-04-05 12:00:00,29.0,17.6,236.0,450,2.5,21.2,149.0,13.0,7.3,59,26.9,56,10.5,262,100
2026-04-05 13:00:00,27.8,16.6,255.0,450,2.9,18.7,148.0,14.0,6.55,59,27.0,55,9.7,260,100
2026-04-05 14:00:00,27.2,16.1,283.0,450,4.0,16.9,145.0,14.0,7.15,60,27.0,54,9.4,253,79
2026-04-05 15:00:00,26.3,15.4,282.0,450,4.3,16.5,142.0,14.0,4.45,60,27.6,52,11.4,242,98
2026-04-05 16:00:00,26.0,15.1,291.0,449,5.2,16.8,136.0,15.0,2.8,72,26.5,59,12.5,235,16
2026-04-05 17:00:00,27.7,15.7,338.0,450,8.9,19.5,131.0,17.0,1.05,90,26.4,53,11.4,237,3
2026-04-05 18:00:00,28.5,16.5,454.0,452,15.5,18.2,114.0,16.0,0.15,101,25.5,58,11.7,234,83
2026-04-05 19:00:00,28.3,19.0,607.0,455,24.8,16.4,91.0,14.0,0.0,102,24.7,64,9.7,235,34
2026-04-05 20:00:00,29.8,20.6,738.0,458,32.6,15.0,72.0,13.0,0.0,91,24.1,69,9.8,234,4
2026-04-05 21:00:00,31.3,21.8,846.0,461,38.0,14.4,61.0,13.0,0.0,75,23.9,70,9.1,234,0
2026-04-05 22:00:00,33.5,23.8,931.0,465,41.8,14.2,55.0,14.0,0.0,63,23.5,73,7.7,239,1
2026-04-05 23:00:00,36.2,25.8,929.0,466,42.8,13.6,52.0,15.0,0.0,63,23.8,76,7.8,257,0
2026-04-06 00:00:00,37.5,26.2,773.0,464,39.4,12.1,54.0,16.0,0.0,64,24.0,76,9.6,262,8
2026-04-06 01:00:00,37.1,24.9,531.0,460,33.1,10.3,58.0,18.0,0.0,65,23.8,77,9.5,269,16
2026-04-06 02:00:00,36.6,23.5,340.0,456,27.2,8.8,63.0,20.0,0.0,66,23.6,79,8.8,268,20
2026-04-06 03:00:00,36.6,22.2,238.0,454,22.1,8.0,66.0,22.0,0.0,66,23.6,79,8.9,262,19
2026-04-06 04:00:00,36.6,21.3,188.0,452,17.5,7.5,69.0,23.0,0.0,67,23.5,78,8.2,262,13
2026-04-06 05:00:00,37.7,21.3,214.0,451,17.5,8.2,66.0,26.0,0.0,67,23.3,79,8.8,251,14
2026-04-06 06:00:00,41.2,22.0,392.0,453,19.4,9.2,69.0,29.0,0.0,68,23.5,77,10.3,255,33
2026-04-06 07:00:00,44.2,24.4,647.0,456,21.8,10.6,73.0,34.0,0.15,68,23.7,76,8.7,265,23
2026-04-06 08:00:00,49.5,24.2,779.0,458,21.9,12.0,79.0,41.0,0.9,68,25.0,71,7.4,252,37
2026-04-06 09:00:00,52.3,22.5,662.0,456,17.3,13.8,91.0,50.0,2.4,68,26.2,64,13.2,248,24
2026-04-06 10:00:00,52.3,21.9,423.0,452,10.4,15.6,104.0,60.0,4.65,68,27.4,59,14.0,240,23
2026-04-06 11:00:00,64.3,23.6,244.0,449,5.1,16.2,113.0,70.0,6.5,69,27.4,59,13.4,231,29
2026-04-06 12:00:00,83.8,26.1,202.0,448,3.1,14.7,112.0,80.0,7.05,69,28.1,57,16.5,226,21
2026-04-06 13:00:00,77.8,24.7,219.0,449,2.7,12.0,107.0,90.0,7.4,70,28.5,56,18.6,225,21
2026-04-06 14:00:00,75.7,24.0,247.0,449,2.9,9.9,100.0,92.0,6.15,70,28.6,57,19.0,221,28
2026-04-06 15:00:00,69.2,22.2,278.0,449,3.5,9.0,93.0,83.0,4.15,71,28.0,61,20.9,222,48
2026-04-06 16:00:00,57.4,20.4,320.0,449,4.8,8.6,85.0,67.0,1.9,72,27.7,63,22.5,224,21
2026-04-06 17:00:00,51.3,18.7,345.0,449,5.7,8.4,81.0,56.0,0.8,72,26.8,70,20.9,222,23
2026-04-06 18:00:00,41.9,17.2,337.0,449,8.1,8.4,75.0,47.0,0.15,72,26.2,74,20.9,224,33
2026-04-06 19:00:00,35.7,17.2,312.0,449,11.3,8.3,68.0,36.0,0.0,73,25.7,81,17.8,228,5
2026-04-06 20:00:00,35.2,17.5,288.0,449,13.3,8.1,62.0,27.0,0.0,72,25.5,86,19.4,230,2
2026-04-06 21:00:00,33.4,17.1,274.0,449,12.9,7.8,60.0,24.0,0.0,72,25.4,87,19.2,228,9
2026-04-06 22:00:00,33.9,17.1,261.0,449,11.2,7.3,59.0,25.0,0.0,72,25.3,88,18.9,230,17
2026-04-06 23:00:00,33.9,17.1,244.0,449,9.5,6.9,59.0,25.0,0.0,71,25.4,90,21.5,236,13
2026-04-07 00:00:00,33.2,16.8,218.0,449,7.9,6.4,59.0,24.0,0.0,70,25.2,91,20.6,237,19
2026-04-07 01:00:00,31.5,16.1,188.0,448,6.2,5.9,60.0,22.0,0.0,69,25.4,88,19.7,235,10
2026-04-07 02:00:00,30.2,15.4,166.0,448,4.9,5.5,61.0,21.0,0.0,69,25.1,88,18.1,238,22
2026-04-07 03:00:00,28.9,14.7,151.0,448,4.0,5.2,62.0,20.0,0.0,68,25.0,89,15.5,243,30
2026-04-07 04:00:00,29.3,14.4,144.0,449,3.4,5.1,64.0,20.0,0.0,67,24.8,91,14.1,249,27
2026-04-07 05:00:00,37.0,15.3,161.0,449,4.2,5.6,66.0,35.0,0.0,67,24.9,88,17.5,255,0
2026-04-07 06:00:00,38.0,15.8,228.0,450,5.8,6.6,66.0,44.0,0.0,66,24.9,84,18.5,251,0
2026-04-07 07:00:00,43.2,17.7,318.0,451,8.0,8.0,66.0,56.0,0.2,66,25.0,82,18.5,249,0
2026-04-07 08:00:00,59.0,21.2,370.0,451,9.0,9.2,72.0,64.0,1.1,65,25.7,81,15.8,255,0
2026-04-07 09:00:00,65.0,24.0,343.0,451,7.7,9.8,88.0,63.0,3.05,65,26.9,67,17.7,265,0
2026-04-07 10:00:00,62.4,25.4,278.0,450,5.2,10.2,109.0,59.0,5.6,65,27.8,60,19.6,263,0
2026-04-07 11:00:00,61.7,25.8,229.0,449,3.4,10.5,125.0,60.0,8.0,65,28.8,53,21.5,264,0
2026-04-07 12:00:00,69.2,27.4,219.0,449,2.8,10.7,133.0,74.0,9.3,65,29.1,52,20.5,264,0
2026-04-07 13:00:00,80.3,29.3,227.0,449,2.8,10.7,137.0,93.0,9.1,66,29.2,52,19.2,262,5
2026-04-07 14:00:00,88.9,31.0,241.0,449,3.3,10.9,138.0,104.0,7.5,66,29.0,54,18.6,258,0
2026-04-07 15:00:00,91.0,31.4,260.0,449,3.8,11.3,137.0,102.0,5.05,67,28.9,51,18.3,256,0
2026-04-07 16:00:00,85.9,31.0,286.0,449,4.8,11.7,132.0,93.0,2.65,67,28.5,51,17.9,260,0
2026-04-07 17:00:00,72.6,27.9,316.0,449,7.3,11.6,124.0,78.0,0.95,79,27.5,58,17.5,253,0
2026-04-07 18:00:00,52.4,24.3,350.0,450,11.9,11.5,109.0,60.0,0.15,87,26.5,67,17.3,246,0
2026-04-07 19:00:00,38.9,22.6,388.0,451,18.3,11.4,88.0,36.0,0.0,87,25.6,72,16.9,243,0
2026-04-07 20:00:00,36.9,23.4,424.0,452,22.7,11.2,73.0,18.0,0.0,79,25.4,74,17.3,242,0
2026-04-07 21:00:00,35.9,23.9,469.0,453,23.6,11.1,69.0,12.0,0.0,71,25.0,82,15.1,250,0
2026-04-07 22:00:00,35.2,23.9,513.0,455,22.6,10.9,70.0,12.0,0.0,71,24.6,85,11.0,268,0
2026-04-07 23:00:00,34.5,23.7,522.0,456,20.9,10.5,74.0,12.0,0.0,72,24.8,85,11.2,267,2
2026-04-08 00:00:00,33.4,23.2,465.0,456,18.4,9.7,79.0,10.0,0.0,73,24.6,83,10.3,275,0
2026-04-08 01:00:00,32.0,22.6,373.0,455,15.2,8.8,86.0,9.0,0.0,73,24.1,84,7.7,269,0
2026-04-08 02:00:00,30.7,22.1,299.0,454,12.4,8.0,93.0,8.0,0.0,74,23.6,88,9.3,262,13
2026-04-08 03:00:00,30.0,21.7,243.0,453,10.2,7.3,98.0,7.0,0.0,74,23.5,90,10.2,261,3
2026-04-08 04:00:00,29.6,21.5,206.0,453,8.4,6.8,103.0,7.0,0.0,75,23.4,89,10.5,254,0
2026-04-08 05:00:00,29.1,21.2,247.0,453,6.4,7.0,115.0,7.0,0.0,76,23.2,89,8.3,275,0
2026-04-08 06:00:00,28.9,21.7,445.0,456,9.8,8.3,112.0,5.0,0.0,76,23.2,89,7.3,281,2
2026-04-08 07:00:00,31.5,24.2,721.0,460,14.2,10.4,110.0,4.0,0.2,77,23.4,89,6.1,267,0
2026-04-08 08:00:00,35.6,25.1,895.0,462,16.7,13.6,113.0,11.0,1.0,77,24.7,82,2.9,277,0
2026-04-08 09:00:00,45.8,26.3,872.0,461,15.2,19.3,128.0,32.0,2.75,78,26.2,69,2.6,254,0
2026-04-08 10:00:00,64.3,30.3,747.0,458,11.7,26.3,148.0,61.0,5.15,78,27.8,59,2.7,208,0
2026-04-08 11:00:00,85.9,35.7,628.0,456,8.6,31.0,167.0,87.0,7.25,78,28.5,57,6.1,180,2
2026-04-08 12:00:00,105.2,40.2,545.0,454,6.6,31.8,184.0,109.0,7.7,79,28.9,59,9.5,191,1
2026-04-08 13:00:00,115.5,41.7,468.0,452,5.1,30.3,198.0,127.0,7.85,96,29.0,60,12.0,198,17
2026-04-08 14:00:00,116.2,41.2,415.0,451,4.8,28.3,203.0,137.0,6.2,113,28.8,58,12.9,199,26
2026-04-08 15:00:00,106.6,39.2,390.0,450,5.8,26.1,192.0,134.0,4.5,133,28.5,59,13.9,205,7
2026-04-08 16:00:00,97.8,36.9,390.0,450,7.9,23.3,171.0,121.0,2.4,150,28.3,60,13.0,213,7
2026-04-08 17:00:00,80.6,32.1,419.0,451,9.8,18.6,139.0,87.0,0.95,159,27.6,64,11.9,215,4
2026-04-08 18:00:00,72.4,30.7,498.0,452,16.7,17.0,122.0,74.0,0.15,161,26.7,72,12.1,223,0
2026-04-08 19:00:00,57.0,30.3,606.0,454,26.2,14.9,98.0,56.0,0.0,157,25.7,80,9.7,227,0
2026-04-08 20:00:00,56.1,31.3,687.0,456,33.3,13.2,80.0,42.0,0.0,145,25.1,84,9.2,223,0
2026-04-08 21:00:00,55.9,32.1,712.0,457,35.8,12.6,74.0,37.0,0.0,122,24.8,85,8.2,237,0
2026-04-08 22:00:00,56.0,33.4,709.0,458,35.9,12.6,73.0,35.0,0.0,96,24.4,87,5.6,237,0
2026-04-08 23:00:00,56.9,34.9,704.0,460,35.2,12.5,73.0,35.0,0.0,87,24.4,89,5.4,233,0
2026-04-09 00:00:00,57.5,36.0,707.0,462,34.1,11.9,71.0,35.0,0.0,88,24.2,90,4.7,270,1
2026-04-09 01:00:00,63.3,39.0,708.0,465,32.2,11.3,70.0,36.0,0.0,89,23.6,93,5.9,308,16
2026-04-09 02:00:00,66.1,41.4,702.0,468,30.3,11.2,68.0,37.0,0.0,91,23.0,95,5.6,338,23
2026-04-09 03:00:00,65.2,40.5,667.0,471,27.7,11.7,65.0,39.0,0.0,93,22.5,97,4.2,329,36
2026-04-09 04:00:00,66.1,39.9,625.0,474,25.0,12.7,61.0,42.0,0.0,94,22.1,99,2.5,330,100
2026-04-09 05:00:00,71.9,43.3,640.0,476,22.8,12.4,66.0,43.0,0.0,96,22.1,99,2.6,34,100
2026-04-09 06:00:00,81.0,50.1,773.0,476,27.2,14.1,66.0,43.0,0.0,98,21.9,99,4.3,57,100
2026-04-09 07:00:00,90.8,58.9,962.0,474,32.9,16.7,68.0,43.0,0.25,100,21.6,98,3.3,49,93
2026-04-09 08:00:00,78.2,45.6,1084.0,472,35.0,20.4,79.0,52.0,1.1,104,22.8,89,0.8,117,11
2026-04-09 09:00:00,92.4,43.5,1087.0,469,30.1,26.7,108.0,79.0,3.0,106,25.0,72,1.4,113,0
2026-04-09 10:00:00,112.2,44.9,1024.0,465,21.6,34.0,146.0,115.0,5.4,108,27.7,56,4.6,138,0
2026-04-09 11:00:00,124.3,47.1,926.0,462,14.3,37.9,176.0,137.0,7.65,109,29.0,55,6.9,163,0
2026-04-09 12:00:00,122.5,46.9,780.0,459,9.8,35.7,191.0,133.0,8.9,111,29.7,56,8.7,185,0
2026-04-09 13:00:00,109.4,43.4,600.0,457,6.6,30.1,198.0,116.0,8.8,111,30.0,56,11.0,191,11
2026-04-09 14:00:00,96.2,40.0,462.0,455,5.1,25.0,196.0,100.0,6.8,112,30.1,55,11.7,200,31
2026-04-09 15:00:00,87.3,37.5,399.0,453,5.5,21.8,183.0,92.0,4.3,114,29.5,57,13.5,213,10
2026-04-09 16:00:00,82.0,35.0,378.0,451,7.6,19.0,160.0,87.0,2.25,138,28.2,61,15.3,216,6
2026-04-09 17:00:00,75.2,31.9,379.0,450,10.8,15.0,134.0,77.0,0.85,154,27.5,66,15.1,216,7
2026-04-09 18:00:00,74.3,32.7,400.0,450,15.2,14.3,122.0,75.0,0.15,158,26.9,65,12.5,217,2
2026-04-09 19:00:00,68.0,33.1,444.0,451,21.3,13.4,104.0,73.0,0.0,154,26.1,74,10.8,232,9
2026-04-09 20:00:00,73.6,34.1,498.0,453,26.3,12.9,89.0,69.0,0.0,140,25.6,77,8.2,237,0
2026-04-09 21:00:00,68.9,35.4,572.0,456,29.5,13.2,79.0,62.0,0.0,119,25.3,80,6.5,275,96
2026-04-09 22:00:00,65.2,36.0,658.0,460,31.6,13.9,71.0,54.0,0.0,112,25.0,82,7.4,296,2
2026-04-09 23:00:00,63.3,35.7,714.0,463,32.1,14.3,66.0,47.0,0.0,112,24.6,86,8.3,314,100
2026-04-10 00:00:00,62.2,35.0,731.0,465,30.1,14.1,63.0,44.0,0.0,112,24.8,86,6.6,319,27
2026-04-10 01:00:00,60.5,34.3,720.0,467,26.4,13.5,62.0,43.0,0.0,112,24.2,88,8.0,320,45
2026-04-10 02:00:00,58.8,33.3,669.0,467,23.1,13.2,62.0,43.0,0.0,112,23.9,89,6.1,336,100
2026-04-10 03:00:00,59.1,32.2,507.0,464,20.0,13.1,62.0,46.0,0.0,111,24.0,87,3.5,21,100
2026-04-10 04:00:00,60.1,31.4,306.0,460,17.3,13.2,61.0,50.0,0.0,110,24.0,86,3.4,342,80
2026-04-10 05:00:00,61.9,31.7,269.0,459,19.7,14.1,58.0,53.0,0.0,109,23.9,84,5.8,344,41
2026-04-10 06:00:00,65.4,31.2,579.0,464,26.4,14.5,55.0,55.0,0.0,108,23.9,81,6.0,344,0
2026-04-10 07:00:00,69.6,34.2,1054.0,472,35.1,15.3,52.0,58.0,0.25,106,24.0,78,5.6,345,0
2026-04-10 08:00:00,72.6,38.3,1344.0,476,38.5,18.1,61.0,62.0,1.25,104,26.0,65,3.2,27,0
2026-04-10 09:00:00,86.6,35.2,1269.0,473,31.3,25.3,92.0,71.0,3.2,103,28.9,46,2.8,75,1
2026-04-10 10:00:00,81.3,32.2,1010.0,465,18.8,34.5,135.0,81.0,5.8,102,30.9,36,5.6,153,2
2026-04-10 11:00:00,78.7,31.5,764.0,459,9.0,39.3,168.0,86.0,8.15,101,31.5,36,9.4,177,2
2026-04-10 12:00:00,69.6,28.6,580.0,455,5.1,35.8,183.0,80.0,9.7,99,31.8,35,11.3,189,98
2026-04-10 13:00:00,61.9,27.3,409.0,452,3.9,27.9,187.0,68.0,9.4,98,31.7,34,11.4,201,80
2026-04-10 14:00:00,57.3,26.5,296.0,450,4.0,21.4,184.0,58.0,7.75,96,31.2,36,11.4,215,0
2026-04-10 15:00:00,53.0,25.2,274.0,449,4.8,18.3,172.0,52.0,5.3,95,31.8,36,11.5,222,0
2026-04-10 16:00:00,50.6,24.1,310.0,450,6.8,16.6,153.0,48.0,2.8,118,31.0,41,13.6,238,0
2026-04-10 17:00:00,63.6,29.3,347.0,450,10.6,16.9,150.0,62.0,0.95,138,29.7,49,12.5,252,0
2026-04-10 18:00:00,59.0,29.3,374.0,451,16.3,15.3,130.0,57.0,0.15,150,28.3,56,12.0,254,0
2026-04-10 19:00:00,55.2,30.0,403.0,451,24.2,13.1,101.0,50.0,0.0,149,26.6,70,10.7,265,1
2026-04-10 20:00:00,56.7,30.4,415.0,452,29.9,11.6,79.0,46.0,0.0,135,25.9,78,8.0,261,5
2026-04-10 21:00:00,59.6,30.7,399.0,452,31.8,11.4,68.0,47.0,0.0,112,25.4,82,6.6,244,1
2026-04-10 22:00:00,63.1,31.7,366.0,453,31.6,11.9,64.0,51.0,0.0,91,25.0,85,7.8,257,0
2026-04-10 23:00:00,63.6,32.6,332.0,453,29.5,12.0,63.0,53.0,0.0,91,24.9,86,9.9,285,14
2026-04-11 00:00:00,60.8,31.3,301.0,453,24.6,11.2,66.0,50.0,0.0,91,24.8,85,8.0,275,7
2026-04-11 01:00:00,56.9,28.8,269.0,453,17.9,9.9,72.0,45.0,0.0,90,24.6,85,9.0,292,23
2026-04-11 02:00:00,52.5,26.7,243.0,453,12.5,8.9,78.0,43.0,0.0,90,24.5,84,8.8,305,99
2026-04-11 03:00:00,49.9,25.2,215.0,453,9.5,8.2,82.0,44.0,0.0,89,24.4,84,7.2,305,0
2026-04-11 04:00:00,51.2,24.2,193.0,452,7.8,7.8,84.0,48.0,0.0,89,24.0,87,7.0,302,0
2026-04-11 05:00:00,53.0,24.2,209.0,452,8.4,7.9,83.0,48.0,0.0,88,24.1,90,8.0,261,0
2026-04-11 06:00:00,58.6,25.2,308.0,453,11.6,8.7,82.0,57.0,0.0,87,24.4,88,9.7,274,0
2026-04-11 07:00:00,66.8,28.7,446.0,454,15.8,10.0,82.0,70.0,0.25,87,24.6,86,9.8,287,0
2026-04-11 08:00:00,84.8,32.8,521.0,454,17.7,11.5,86.0,91.0,1.2,86,26.1,77,9.9,289,0
2026-04-11 09:00:00,107.3,37.1,471.0,453,15.0,13.7,99.0,127.0,3.15,86,28.0,67,11.2,285,0
2026-04-11 10:00:00,132.2,41.7,358.0,451,10.1,16.1,116.0,171.0,5.7,86,29.6,58,11.5,279,0
2026-04-11 11:00:00,155.5,46.1,272.0,450,6.2,17.8,129.0,203.0,8.15,87,31.1,52,13.1,272,0
2026-04-11 12:00:00,163.0,48.7,246.0,449,4.6,18.2,135.0,215.0,9.45,88,32.0,47,14.2,271,0
2026-04-11 13:00:00,164.4,50.1,246.0,449,4.1,17.8,137.0,216.0,9.35,90,32.6,44,14.8,271,0
2026-04-11 14:00:00,165.3,51.2,258.0,449,4.6,17.1,135.0,214.0,7.75,92,33.1,40,14.2,271,0
2026-04-11 15:00:00,165.8,52.6,272.0,449,5.7,16.3,127.0,213.0,5.25,94,33.1,39,14.6,272,0
2026-04-11 16:00:00,163.9,53.8,299.0,449,7.8,15.2,114.0,209.0,2.8,97,32.7,39,14.3,276,0
2026-04-11 17:00:00,130.4,43.4,354.0,450,12.2,14.7,104.0,163.0,1.05,99,31.8,43,11.6,255,0
2026-04-11 18:00:00,120.1,44.4,472.0,452,19.3,13.5,86.0,150.0,0.2,100,30.0,53,10.5,257,0
2026-04-11 19:00:00,108.5,45.1,619.0,456,28.9,11.7,62.0,132.0,0.0,102,27.8,66,9.4,269,0
2026-04-11 20:00:00,108.3,44.4,706.0,458,35.2,10.4,45.0,118.0,0.0,104,27.0,68,6.9,295,0
2026-04-11 21:00:00,105.7,43.2,687.0,458,35.5,9.9,42.0,113.0,0.0,105,26.6,68,10.5,286,0
2026-04-11 22:00:00,103.4,41.4,607.0,458,32.4,9.7,46.0,113.0,0.0,106,26.6,63,12.1,287,0
2026-04-11 23:00:00,99.0,39.6,516.0,457,28.4,9.4,51.0,109.0,0.0,107,26.5,65,12.2,298,0
2026-04-12 00:00:00,89.9,36.7,409.0,455,23.4,8.5,55.0,98.0,0.0,108,26.0,68,10.4,312,0
2026-04-12 01:00:00,79.4,33.3,290.0,453,17.6,7.4,59.0,83.0,0.0,109,25.6,70,11.4,308,0
2026-04-12 02:00:00,72.2,31.1,218.0,452,13.2,6.8,62.0,74.0,0.0,109,25.4,70,10.7,311,0
2026-04-12 03:00:00,71.2,30.5,196.0,454,10.5,6.6,61.0,75.0,0.0,110,25.1,70,9.0,314,0
2026-04-12 04:00:00,73.6,30.7,220.0,458,9.3,6.8,59.0,81.0,0.0,110,24.6,74,7.2,321,0
2026-04-12 05:00:00,76.6,31.1,338.0,463,11.9,8.0,53.0,83.0,0.0,111,24.0,78,5.4,320,0
2026-04-12 06:00:00,77.5,32.6,657.0,470,20.6,10.0,45.0,72.0,0.0,112,23.5,80,6.3,321,0
2026-04-12 07:00:00,85.0,39.3,1070.0,478,32.2,12.8,35.0,61.0,0.25,112,23.3,79,6.7,357,0
2026-04-12 08:00:00,82.7,43.0,1304.0,482,38.1,16.2,38.0,73.0,1.25,113,25.4,65,3.7,14,0
2026-04-12 09:00:00,116.9,43.4,1186.0,477,32.7,20.8,65.0,135.0,3.2,114,28.6,46,4.1,358,0
2026-04-12 10:00:00,168.1,46.6,889.0,467,21.6,25.8,105.0,221.0,5.85,115,32.7,29,3.6,3,3
2026-04-12 11:00:00,191.4,46.3,653.0,459,12.5,28.7,139.0,278.0,8.35,116,34.5,23,1.5,173,0
2026-04-12 12:00:00,187.7,43.9,576.0,456,8.0,27.5,162.0,279.0,9.65,116,34.8,27,7.0,190,0
2026-04-12 13:00:00,170.4,41.1,560.0,456,5.5,24.2,178.0,251.0,9.3,115,34.3,39,12.1,203,0
2026-04-12 14:00:00,157.4,39.9,550.0,456,4.8,21.6,186.0,226.0,7.45,114,34.1,37,14.2,213,0
2026-04-12 15:00:00,151.8,40.0,523.0,456,6.2,21.2,183.0,216.0,4.95,113,33.5,37,14.2,219,0
2026-04-12 16:00:00,153.2,42.8,502.0,456,9.4,21.6,172.0,208.0,2.6,112,32.2,45,12.1,222,0
2026-04-12 17:00:00,123.9,37.4,508.0,456,14.1,20.9,163.0,165.0,1.0,120,31.2,50,10.9,234,0
2026-04-12 18:00:00,115.9,38.5,574.0,457,19.1,18.5,139.0,153.0,0.2,140,30.0,57,9.9,243,0
2026-04-12 19:00:00,105.2,38.9,667.0,458,26.0,15.2,106.0,136.0,0.0,148,28.0,72,9.1,240,2
2026-04-12 20:00:00,101.3,35.2,704.0,459,30.2,12.6,80.0,123.0,0.0,141,27.0,77,7.9,249,41
2026-04-12 21:00:00,97.8,34.0,633.0,458,29.7,11.5,69.0,119.0,0.0,123,26.5,80,8.8,255,59
2026-04-12 22:00:00,98.3,34.1,506.0,455,26.6,11.1,66.0,120.0,0.0,107,26.2,81,9.2,277,50
2026-04-12 23:00:00,98.5,34.6,404.0,454,23.0,10.7,66.0,117.0,0.0,106,26.0,81,8.8,289,75
2026-04-13 00:00:00,99.0,34.5,361.0,455,19.3,9.9,68.0,109.0,0.0,106,25.8,80,8.1,294,88
2026-04-13 01:00:00,92.9,32.9,343.0,457,15.1,9.0,72.0,98.0,0.0,105,25.4,80,6.5,318,99
2026-04-13 02:00:00,76.6,29.5,321.0,458,11.8,8.3,75.0,85.0,0.0,105,25.1,79,7.2,328,91
2026-04-13 03:00:00,58.2,25.0,263.0,457,9.3,7.6,77.0,67.0,0.0,105,24.8,75,8.2,306,12
2026-04-13 04:00:00,46.4,21.8,201.0,455,7.6,7.1,78.0,48.0,0.0,105,24.5,74,9.3,298,0
2026-04-13 05:00:00,40.3,21.5,208.0,454,9.1,7.7,74.0,31.0,0.0,104,24.6,78,8.8,285,14
2026-04-13 06:00:00,38.6,21.6,365.0,455,13.9,8.9,71.0,27.0,0.0,103,24.8,81,8.3,275,41
2026-04-13 07:00:00,41.6,25.2,591.0,457,20.2,10.6,68.0,23.0,0.3,101,25.1,81,7.4,273,0
2026-04-13 08:00:00,49.5,27.5,713.0,457,23.2,12.1,71.0,36.0,1.4,100,26.8,75,7.4,266,0
2026-04-13 09:00:00,65.2,29.7,622.0,455,19.8,13.5,88.0,81.0,3.5,99,28.8,66,9.9,268,0
2026-04-13 10:00:00,95.7,34.2,426.0,451,13.1,14.8,111.0,142.0,6.2,97,30.9,54,11.2,258,0
2026-04-13 11:00:00,142.0,42.1,277.0,449,7.7,15.4,127.0,187.0,8.85,96,31.5,51,15.2,253,0
2026-04-13 12:00:00,163.9,47.8,239.0,448,5.4,14.7,130.0,203.0,10.5,96,32.3,45,16.2,255,0
2026-04-13 13:00:00,161.1,49.2,249.0,449,4.5,13.2,126.0,203.0,10.45,96,32.9,40,16.8,258,0
2026-04-13 14:00:00,150.9,47.6,265.0,449,4.5,11.9,120.0,195.0,8.65,97,33.4,37,16.1,254,0
2026-04-13 15:00:00,133.6,42.8,273.0,448,5.3,11.1,113.0,178.0,6.0,98,33.0,38,15.5,248,5
2026-04-13 16:00:00,115.3,37.6,287.0,448,7.0,10.4,104.0,153.0,3.2,98,32.3,42,15.8,246,0
2026-04-13 17:00:00,81.3,27.2,316.0,448,9.2,9.5,96.0,100.0,1.2,97,30.8,49,17.7,249,7
2026-04-13 18:00:00,71.0,27.2,373.0,450,12.5,9.2,89.0,86.0,0.2,97,29.5,54,16.2,251,0
2026-04-13 19:00:00,60.1,27.5,444.0,452,16.9,8.8,79.0,67.0,0.0,96,28.3,60,13.8,258,12
2026-04-13 20:00:00,54.2,25.0,492.0,454,19.3,8.4,73.0,51.0,0.0,95,27.9,62,10.6,268,3
2026-04-13 21:00:00,44.8,21.7,503.0,455,18.0,8.0,74.0,44.0,0.0,94,27.5,64,9.4,271,9
2026-04-13 22:00:00,39.5,18.5,491.0,455,14.8,7.6,79.0,40.0,0.0,93,27.3,65,9.9,285,0
2026-04-13 23:00:00,38.1,16.5,455.0,455,11.7,7.1,84.0,36.0,0.0,91,26.9,67,8.4,285,0
2026-04-14 00:00:00,34.8,15.1,379.0,454,9.2,6.4,87.0,29.0,0.0,90,26.5,70,9.0,275,0
2026-04-14 01:00:00,28.2,13.6,278.0,452,6.8,5.7,89.0,22.0,0.0,88,26.1,72,10.9,263,29
2026-04-14 02:00:00,23.9,12.4,205.0,451,5.2,5.3,90.0,18.0,0.0,86,26.0,73,11.4,265,72
2026-04-14 03:00:00,26.9,12.1,162.0,450,4.3,5.2,89.0,18.0,0.0,85,26.0,71,13.2,263,88
2026-04-14 04:00:00,28.8,12.2,145.0,449,4.3,5.4,87.0,20.0,0.0,83,26.0,72,12.8,260,97
2026-04-14 05:00:00,44.5,14.8,196.0,449,6.4,6.1,83.0,53.0,0.0,83,25.8,77,11.3,272,99
2026-04-14 06:00:00,43.9,16.0,391.0,452,10.9,6.8,78.0,53.0,0.0,82,25.8,77,10.4,281,93
2026-04-14 07:00:00,51.8,19.8,653.0,456,16.9,7.8,72.0,58.0,0.25,82,25.9,76,9.1,284,98
2026-04-14 08:00:00,74.0,25.7,795.0,458,20.1,9.3,73.0,87.0,1.25,81,27.5,69,7.2,284,77
2026-04-14 09:00:00,130.9,34.5,698.0,456,17.6,11.7,88.0,167.0,3.25,81,29.8,57,8.1,273,25
2026-04-14 10:00:00,191.4,44.9,481.0,453,12.2,14.6,110.0,272.0,5.9,81,31.8,48,9.4,265,0
2026-04-14 11:00:00,238.0,54.7,312.0,450,7.9,16.5,127.0,348.0,8.35,82,32.0,50,13.1,257,0
2026-04-14 12:00:00,258.0,60.5,260.0,449,5.9,16.6,134.0,372.0,9.8,83,32.9,45,13.3,260,0
2026-04-14 13:00:00,253.3,62.4,256.0,449,4.9,15.6,137.0,366.0,9.7,84,33.3,43,14.4,257,0
2026-04-14 14:00:00,240.3,61.9,268.0,449,5.0,14.4,135.0,343.0,8.05,86,33.2,42,15.0,257,10
2026-04-14 15:00:00,217.0,58.8,287.0,449,6.4,13.2,128.0,298.0,5.55,87,32.5,44,15.0,257,16
2026-04-14 16:00:00,178.3,51.9,321.0,449,8.9,11.7,117.0,236.0,2.95,88,31.9,47,13.5,254,16
2026-04-14 17:00:00,139.7,43.1,365.0,450,11.9,11.5,107.0,184.0,1.1,90,30.8,52,11.6,248,2
2026-04-14 18:00:00,97.1,33.9,430.0,452,16.1,10.7,98.0,147.0,0.2,91,29.3,55,12.3,259,0
2026-04-14 19:00:00,70.5,29.0,505.0,453,21.7,9.5,87.0,97.0,0.0,92,27.9,58,9.4,271,0
2026-04-14 20:00:00,58.6,25.6,551.0,455,25.1,8.7,79.0,59.0,0.0,92,27.0,66,9.2,259,0
2026-04-14 21:00:00,51.8,24.8,549.0,456,24.3,8.5,79.0,46.0,0.0,92,26.4,74,8.6,255,0
2026-04-14 22:00:00,50.6,25.3,518.0,456,21.3,8.6,84.0,45.0,0.0,92,25.9,78,8.5,266,20
2026-04-14 23:00:00,52.9,26.4,474.0,456,18.4,8.6,87.0,45.0,0.0,93,25.8,79,8.6,262,2
2026-04-15 00:00:00,55.3,27.2,413.0,456,16.2,8.2,88.0,44.0,0.0,94,25.6,79,6.2,285,24
2026-04-15 01:00:00,55.1,27.0,340.0,455,14.1,7.7,89.0,44.0,0.0,95,25.2,80,5.3,298,68
2026-04-15 02:00:00,51.6,25.9,284.0,455,12.6,7.4,88.0,43.0,0.0,96,25.0,80,7.2,288,59
2026-04-15 03:00:00,48.0,24.7,228.0,455,11.2,7.5,86.0,40.0,0.0,97,25.0,78,8.8,285,99
2026-04-15 04:00:00,45.1,23.7,189.0,455,10.3,7.9,82.0,37.0,0.0,98,25.0,77,7.7,295,100
2026-04-15 05:00:00,42.3,23.1,247.0,456,12.6,8.6,74.0,32.0,0.0,99,24.6,80,5.2,304,96
2026-04-15 06:00:00,46.7,25.4,518.0,461,21.3,10.4,66.0,31.0,0.0,100,24.6,80,5.6,297,75
2026-04-15 07:00:00,54.7,32.9,887.0,467,33.0,13.1,55.0,31.0,0.3,101,24.7,80,5.2,284,1
2026-04-15 08:00:00,56.1,33.4,1087.0,470,39.2,16.0,58.0,39.0,1.4,102,26.4,75,3.7,259,97
2026-04-15 09:00:00,72.2,32.4,950.0,466,34.8,19.6,85.0,62.0,3.45,103,28.4,68,5.8,244,100
2026-04-15 10:00:00,86.8,34.2,644.0,458,24.9,23.4,126.0,94.0,6.05,103,30.0,62,8.0,239,98
2026-04-15 11:00:00,101.3,37.8,404.0,452,16.5,25.7,159.0,116.0,8.4,102,30.8,60,10.7,241,99
2026-04-15 12:00:00,107.6,40.2,324.0,450,11.9,25.5,181.0,122.0,9.65,100,31.5,57,12.2,241,98
2026-04-15 13:00:00,103.1,39.5,309.0,450,8.8,23.7,196.0,118.0,9.0,98,32.0,53,12.6,236,100
2026-04-15 14:00:00,100.1,37.5,311.0,450,7.4,21.5,199.0,115.0,7.4,96,32.2,50,12.9,233,100
2026-04-15 15:00:00,97.8,35.2,320.0,450,7.9,18.7,182.0,116.0,5.15,94,32.0,51,12.3,235,53
2026-04-15 16:00:00,95.0,32.8,346.0,450,10.1,15.5,153.0,117.0,2.75,119,31.2,56,12.4,236,95
2026-04-15 17:00:00,91.7,30.4,370.0,451,12.8,13.1,128.0,115.0,1.05,139,29.2,67,13.5,243,100
2026-04-15 18:00:00,81.5,29.5,381.0,452,17.1,11.9,112.0,97.0,0.2,148,28.0,73,13.0,246,100
2026-04-15 19:00:00,63.3,27.9,390.0,452,23.0,10.2,91.0,72.0,0.0,145,26.9,79,11.2,254,96
2026-04-15 20:00:00,55.9,26.3,405.0,453,26.8,9.0,75.0,51.0,0.0,131,26.5,81,9.7,268,92
2026-04-15 21:00:00,47.3,23.8,449.0,455,26.6,9.0,71.0,37.0,0.0,108,26.1,82,9.4,269,91
2026-04-15 22:00:00,39.0,22.1,499.0,456,24.4,9.5,74.0,26.0,0.0,89,25.7,84,7.9,273,95
2026-04-15 23:00:00,33.4,20.8,503.0,457,21.8,9.8,77.0,18.0,0.0,88,25.7,80,7.8,277,100
2026-04-16 00:00:00,29.3,19.5,414.0,455,19.3,9.4,80.0,12.0,0.0,88,25.8,73,10.0,288,100
2026-04-16 01:00:00,25.1,17.7,279.0,452,16.5,8.6,83.0,8.0,0.0,87,25.7,69,10.9,283,98
2026-04-16 02:00:00,21.0,15.5,180.0,450,13.9,8.0,87.0,5.0,0.0,86,25.5,68,11.3,283,81
2026-04-16 03:00:00,17.5,13.3,143.0,450,11.1,7.4,93.0,3.0,0.0,85,25.4,66,10.8,285,30
2026-04-16 04:00:00,15.8,11.9,144.0,451,8.4,7.0,99.0,3.0,0.0,84,25.0,66,10.2,288,23
2026-04-16 05:00:00,16.6,11.4,189.0,452,7.5,7.0,103.0,5.0,0.0,83,24.9,72,10.8,285,73
2026-04-16 06:00:00,17.1,12.1,325.0,453,11.0,7.8,102.0,5.0,0.0,82,24.9,72,10.9,278,100
2026-04-16 07:00:00,20.2,15.0,507.0,455,15.7,9.0,100.0,5.0,0.35,81,25.2,70,10.8,271,100
2026-04-16 08:00:00,24.2,17.3,603.0,455,17.9,10.4,103.0,6.0,1.5,79,26.6,67,10.4,260,100
2026-04-16 09:00:00,25.5,17.3,530.0,453,15.2,12.2,114.0,7.0,3.75,78,28.1,59,12.4,253,100
2026-04-16 10:00:00,25.1,16.4,371.0,451,10.0,14.2,130.0,9.0,6.6,77,29.3,53,12.6,248,99
2026-04-16 11:00:00,24.5,15.7,251.0,449,6.0,15.5,141.0,10.0,9.1,75,29.6,50,15.4,251,100
2026-04-16 12:00:00,23.5,14.7,219.0,449,4.4,15.5,143.0,11.0,10.4,73,29.8,50,16.1,248,100
2026-04-16 13:00:00,23.8,14.6,226.0,449,4.0,14.9,140.0,12.0,10.0,71,29.9,53,16.4,251,100
2026-04-16 14:00:00,24.9,14.8,244.0,449,4.5,14.4,136.0,14.0,8.2,74,30.2,50,15.6,253,100
2026-04-16 15:00:00,27.3,15.5,265.0,449,5.3,14.4,133.0,18.0,5.55,81,30.1,51,14.8,252,100
2026-04-16 16:00:00,31.2,16.8,297.0,449,6.9,14.5,128.0,23.0,2.95,88,29.5,54,14.6,254,100
2026-04-16 17:00:00,43.3,21.0,336.0,450,10.6,14.8,121.0,36.0,1.15,93,28.5,60,12.5,247,100
2026-04-16 18:00:00,49.1,23.9,390.0,451,17.5,14.7,107.0,38.0,0.2,95,27.8,65,11.2,244,100
2026-04-16 19:00:00,49.2,26.5,450.0,453,27.1,14.6,87.0,40.0,0.0,90,26.9,71,9.3,238,97
2026-04-16 20:00:00,54.7,29.0,492.0,455,34.4,14.4,71.0,42.0,0.0,78,26.4,76,8.9,236,97
2026-04-16 21:00:00,57.3,30.3,505.0,456,38.0,14.4,63.0,43.0,0.0,63,26.1,79,9.8,235,85
2026-04-16 22:00:00,58.6,31.5,499.0,457,39.4,14.3,59.0,44.0,0.0,63,25.9,80,9.6,237,0
2026-04-16 23:00:00,59.6,32.0,479.0,457,38.1,13.8,59.0,45.0,0.0,64,25.7,81,9.3,241,0
2026-04-17 00:00:00,59.5,31.0,440.0,457,32.9,12.3,64.0,46.0,0.0,65,25.6,80,8.7,246,0
2026-04-17 01:00:00,57.9,28.8,387.0,457,25.0,10.3,73.0,48.0,0.0,66,25.3,83,8.3,252,0
2026-04-17 02:00:00,56.0,26.7,333.0,457,18.3,8.8,81.0,48.0,0.0,67,25.0,85,8.6,258,6
2026-04-17 03:00:00,54.2,24.7,268.0,455,13.6,8.0,88.0,47.0,0.0,68,24.9,85,9.4,270,81
2026-04-17 04:00:00,51.3,23.1,203.0,453,10.0,7.7,94.0,45.0,0.0,69,24.9,84,9.6,273,82
2026-04-17 05:00:00,43.9,21.3,188.0,452,8.2,7.6,100.0,36.0,0.0,70,25.0,85,11.1,277,5
2026-04-17 06:00:00,40.9,21.1,277.0,453,11.8,8.3,98.0,32.0,0.0,71,24.8,86,10.8,285,25
2026-04-17 07:00:00,39.6,22.8,417.0,454,16.6,9.4,97.0,28.0,0.35,71,25.0,86,10.4,288,0
2026-04-17 08:00:00,41.6,24.4,499.0,455,19.0,10.7,101.0,26.0,1.55,72,26.6,77,10.8,288,0
2026-04-17 09:00:00,41.8,24.6,461.0,454,16.5,12.6,116.0,29.0,3.85,73,28.6,66,11.9,285,0
2026-04-17 10:00:00,45.1,24.9,364.0,452,11.5,14.7,136.0,35.0,6.75,73,30.9,54,11.3,277,30
2026-04-17 11:00:00,49.2,24.2,287.0,451,7.6,16.1,150.0,41.0,9.35,74,32.3,45,13.3,267,97
2026-04-17 12:00:00,51.3,23.2,255.0,450,5.8,16.0,151.0,45.0,10.75,75,33.0,43,14.9,261,84
2026-04-17 13:00:00,51.7,22.2,243.0,449,5.0,15.2,146.0,48.0,10.5,76,33.3,40,15.5,261,53
2026-04-17 14:00:00,50.3,21.2,246.0,449,5.4,14.4,138.0,51.0,8.65,78,33.5,38,15.7,261,86
2026-04-17 15:00:00,50.1,20.5,263.0,449,6.5,14.0,129.0,54.0,5.9,87,33.2,37,14.8,256,83
2026-04-17 16:00:00,51.0,20.3,296.0,449,8.8,13.6,117.0,56.0,3.15,93,32.6,36,13.4,250,9
2026-04-17 17:00:00,47.1,19.0,345.0,450,13.6,13.0,103.0,51.0,1.15,97,31.4,36,13.4,256,0
2026-04-17 18:00:00,44.1,19.6,428.0,452,22.0,12.6,87.0,46.0,0.2,94,29.9,43,12.1,263,98
2026-04-17 19:00:00,40.6,21.5,527.0,455,33.5,12.0,65.0,38.0,0.0,84,28.0,55,10.5,267,100
2026-04-17 20:00:00,40.9,22.5,588.0,457,40.8,11.5,49.0,32.0,0.0,77,27.3,59,8.7,264,99
2026-04-17 21:00:00,40.3,22.4,586.0,458,40.4,11.2,46.0,29.0,0.0,76,26.6,66,8.9,262,2
2026-04-17 22:00:00,39.0,21.7,546.0,458,35.9,10.9,48.0,28.0,0.0,75,26.0,72,8.8,271,99
2026-04-17 23:00:00,37.7,20.9,493.0,458,31.0,10.5,52.0,28.0,0.0,74,25.6,75,7.9,266,96
2026-04-18 00:00:00,37.0,20.0,426.0,457,26.4,9.7,55.0,28.0,0.0,73,25.2,81,7.7,259,22
2026-04-18 01:00:00,36.7,18.9,346.0,457,21.3,8.7,59.0,29.0,0.0,72,24.9,84,7.7,259,28
2026-04-18 02:00:00,36.4,17.9,281.0,456,17.2,8.1,62.0,30.0,0.0,72,24.5,87,8.2,261,85
2026-04-18 03:00:00,35.9,17.0,228.0,456,14.5,7.9,63.0,31.0,0.0,71,24.2,86,8.0,260,100
2026-04-18 04:00:00,37.5,16.6,190.0,456,12.8,8.0,62.0,32.0,0.0,70,24.1,86,8.2,256,73
2026-04-18 05:00:00,36.8,14.9,205.0,456,11.1,7.8,67.0,37.0,0.0,70,24.1,85,8.6,269,83
2026-04-18 06:00:00,43.2,16.2,329.0,456,14.3,8.9,69.0,51.0,0.0,69,23.9,86,9.7,274,51
2026-04-18 07:00:00,53.4,20.4,506.0,456,18.6,10.5,72.0,71.0,0.35,69,24.2,84,9.7,271,0
2026-04-18 08:00:00,77.1,23.6,600.0,456,20.3,12.3,82.0,95.0,1.5,68,25.9,75,9.9,268,20
2026-04-18 09:00:00,121.5,29.2,525.0,454,17.1,14.6,103.0,130.0,3.5,68,27.5,64,10.6,267,99
2026-04-18 10:00:00,137.8,32.4,367.0,452,11.3,17.2,131.0,169.0,5.7,69,28.9,55,12.2,262,98
2026-04-18 11:00:00,134.6,32.4,248.0,450,6.8,18.9,151.0,190.0,7.75,69,29.1,54,14.0,258,16
2026-04-18 12:00:00,123.4,31.2,219.0,450,4.9,19.1,158.0,179.0,9.1,70,30.1,50,14.2,254,70
2026-04-18 13:00:00,109.0,29.3,229.0,450,4.3,18.4,157.0,151.0,9.0,71,30.4,49,14.5,249,99
2026-04-18 14:00:00,94.1,27.0,248.0,450,4.6,17.5,153.0,124.0,7.4,71,30.4,49,14.3,243,83
2026-04-18 15:00:00,78.5,24.2,269.0,450,5.3,16.7,147.0,103.0,5.05,81,30.1,47,14.2,238,100
2026-04-18 16:00:00,66.4,22.4,299.0,451,7.0,15.7,138.0,84.0,2.75,97,29.4,55,14.6,236,100
2026-04-18 17:00:00,55.1,20.1,326.0,451,9.7,15.1,129.0,63.0,1.15,109,27.9,64,14.0,237,100
2026-04-18 18:00:00,55.1,20.7,338.0,451,15.4,14.5,116.0,64.0,0.2,114,27.0,70,14.0,244,91
2026-04-18 19:00:00,55.6,23.7,348.0,452,23.3,13.7,97.0,65.0,0.0,111,26.1,75,13.2,256,2
2026-04-18 20:00:00,64.5,27.4,377.0,453,30.0,13.1,81.0,65.0,0.0,99,25.8,76,10.7,264,0
2026-04-18 21:00:00,67.8,29.6,458.0,456,35.1,13.2,70.0,65.0,0.0,83,25.5,77,7.2,269,0
2026-04-18 22:00:00,68.5,31.7,559.0,459,39.1,13.7,62.0,65.0,0.0,74,25.0,79,6.4,260,0
2026-04-18 23:00:00,68.5,32.4,610.0,461,39.7,13.5,58.0,63.0,0.0,75,24.8,77,8.1,265,0
2026-04-19 00:00:00,65.7,30.5,568.0,461,34.6,12.1,61.0,59.0,0.0,76,24.6,79,8.2,261,0
2026-04-19 01:00:00,60.1,27.2,476.0,461,26.1,10.2,69.0,55.0,0.0,77,24.4,83,7.6,265,0
2026-04-19 02:00:00,53.6,24.0,391.0,460,19.0,8.7,75.0,50.0,0.0,77,24.0,85,8.6,269,0
2026-04-19 03:00:00,48.1,21.5,313.0,459,14.9,8.1,77.0,46.0,0.0,78,23.8,86,7.8,274,0
2026-04-19 04:00:00,45.2,19.9,242.0,457,12.2,7.9,78.0,42.0,0.0,78,23.6,87,8.3,269,0
2026-04-19 05:00:00,36.7,18.8,230.0,456,11.2,8.4,79.0,28.0,0.0,79,23.8,90,9.2,266,0
2026-04-19 06:00:00,36.4,19.2,343.0,456,13.7,9.6,81.0,28.0,0.0,79,23.8,89,8.5,276,0
2026-04-19 07:00:00,38.2,21.9,517.0,457,16.9,11.4,84.0,29.0,0.35,79,24.2,85,7.4,277,0
2026-04-19 08:00:00,40.5,21.9,609.0,457,18.1,13.4,92.0,28.0,1.5,79,25.9,76,7.7,270,2
2026-04-19 09:00:00,39.2,21.5,533.0,455,15.2,16.1,111.0,25.0,3.6,79,27.5,68,8.5,266,3
2026-04-19 10:00:00,37.5,21.7,376.0,452,10.2,19.1,136.0,21.0,6.25,79,28.9,61,10.2,260,0
2026-04-19 11:00:00,36.7,21.8,259.0,450,6.3,20.9,154.0,19.0,8.6,78,29.5,59,13.3,254,2
2026-04-19 12:00:00,36.3,21.2,231.0,449,4.7,20.7,160.0,21.0,9.9,77,30.2,56,14.9,255,0
2026-04-19 13:00:00,37.3,20.8,242.0,450,4.1,19.4,159.0,24.0,9.6,76,30.6,54,14.9,255,0
2026-04-19 14:00:00,38.5,20.3,263.0,450,4.5,18.2,155.0,28.0,7.85,75,30.9,53,14.5,253,0
2026-04-19 15:00:00,40.2,19.8,288.0,450,5.7,17.5,149.0,32.0,4.95,90,30.8,53,14.1,251,0
2026-04-19 16:00:00,41.8,19.8,324.0,451,7.9,17.0,140.0,36.0,2.85,104,30.3,53,13.7,247,1
2026-04-19 17:00:00,25.0,12.4,360.0,452,10.4,14.8,129.0,21.0,1.15,114,29.4,53,12.6,251,5
2026-04-19 18:00:00,23.1,13.2,392.0,453,15.0,14.0,118.0,16.0,0.2,118,28.3,60,11.2,254,23
2026-04-19 19:00:00,20.9,14.6,425.0,454,21.5,12.8,102.0,10.0,0.0,114,26.8,72,11.7,253,13
2026-04-19 20:00:00,21.1,16.1,459.0,455,27.3,12.2,88.0,5.0,0.0,103,26.0,79,10.9,254,9
2026-04-19 21:00:00,22.2,17.6,515.0,458,32.3,12.7,77.0,3.0,0.0,88,25.8,81,9.6,262,0
2026-04-19 22:00:00,24.2,19.7,573.0,461,36.5,13.7,68.0,3.0,0.0,70,25.5,84,6.6,286,0
2026-04-19 23:00:00,26.3,21.8,577.0,462,37.5,14.1,64.0,3.0,0.0,69,25.0,85,6.3,305,0
2026-04-20 00:00:00,26.5,21.8,478.0,460,33.2,13.1,66.0,4.0,0.0,68,24.9,86,7.5,291,0
2026-04-20 01:00:00,25.4,20.0,326.0,456,25.7,11.4,73.0,6.0,0.0,67,24.5,88,8.2,279,0
2026-04-20 02:00:00,25.9,18.4,215.0,454,19.1,10.0,79.0,9.0,0.0,66,24.4,89,8.6,278,0
2026-04-20 03:00:00,28.5,17.3,182.0,454,14.3,8.9,83.0,15.0,0.0,66,24.2,90,9.6,296,0
2026-04-20 04:00:00,32.8,16.8,190.0,455,10.5,8.1,86.0,23.0,0.0,65,24.0,91,8.8,301,0
2026-04-20 05:00:00,31.5,16.2,220.0,456,8.5,7.9,89.0,24.0,0.0,65,24.2,95,7.6,298,0
2026-04-20 06:00:00,32.6,16.9,285.0,456,11.6,8.7,87.0,28.0,0.0,65,24.1,95,7.7,279,0
2026-04-20 07:00:00,36.7,20.0,371.0,455,15.8,10.0,86.0,34.0,0.35,65,24.5,93,8.1,269,4
2026-04-20 08:00:00,48.3,22.3,421.0,454,17.6,11.8,90.0,43.0,1.4,65,26.2,83,10.6,273,29
2026-04-20 09:00:00,57.6,23.7,399.0,453,14.9,14.8,106.0,57.0,3.4,65,27.9,74,9.9,273,4
2026-04-20 10:00:00,67.5,25.7,341.0,452,9.9,18.4,128.0,74.0,5.95,65,29.5,65,9.9,260,0
2026-04-20 11:00:00,77.3,28.3,294.0,451,6.0,20.9,145.0,86.0,8.2,65,30.5,62,11.0,249,2
2026-04-20 12:00:00,81.5,30.3,273.0,450,4.6,21.7,155.0,90.0,9.5,66,31.3,59,12.5,242,1
2026-04-20 13:00:00,79.9,30.5,262.0,450,4.4,21.5,161.0,88.0,9.25,66,31.6,56,13.6,242,0
2026-04-20 14:00:00,76.1,29.6,263.0,450,4.9,20.6,160.0,83.0,7.4,70,31.5,53,14.1,245,5
2026-04-20 15:00:00,67.5,27.6,280.0,450,5.9,18.6,150.0,73.0,5.15,86,31.4,51,13.6,247,3
2026-04-20 16:00:00,59.4,25.7,308.0,451,7.6,16.0,135.0,61.0,2.8,99,30.9,52,13.7,251,63
2026-04-20 17:00:00,44.7,21.2,335.0,451,11.3,14.8,120.0,40.0,1.0,109,29.1,59,13.8,252,84
2026-04-20 18:00:00,39.2,20.1,359.0,452,16.2,13.9,104.0,34.0,0.2,112,28.0,66,12.7,255,88
2026-04-20 19:00:00,34.7,20.1,382.0,452,23.0,12.6,83.0,26.0,0.0,107,26.7,78,13.1,257,95
2026-04-20 20:00:00,34.5,21.4,399.0,453,27.8,11.7,66.0,20.0,0.0,94,26.1,81,11.1,262,100
2026-04-20 21:00:00,34.7,21.8,413.0,454,28.8,11.5,60.0,18.0,0.0,75,25.9,81,9.2,264,77
2026-04-20 22:00:00,34.7,21.5,422.0,454,27.8,11.6,59.0,19.0,0.0,72,25.6,81,7.4,267,0
2026-04-20 23:00:00,34.5,21.7,415.0,455,26.2,11.5,58.0,19.0,0.0,72,25.5,84,9.0,260,30
2026-04-21 00:00:00,34.0,21.6,382.0,455,24.3,10.7,56.0,18.0,0.0,72,25.4,85,7.9,266,71
2026-04-21 01:00:00,32.9,21.0,333.0,456,21.8,9.6,55.0,17.0,0.0,72,25.1,86,8.8,271,97
2026-04-21 02:00:00,31.3,19.9,289.0,456,19.3,8.8,55.0,16.0,0.0,72,24.8,87,7.7,279,100
2026-04-21 03:00:00,29.2,18.5,248.0,456,16.7,8.4,56.0,16.0,0.0,72,24.6,89,6.3,255,6
2026-04-21 04:00:00,29.1,17.6,212.0,456,14.1,8.3,57.0,16.0,0.0,73,24.4,91,7.8,257,14
2026-04-21 05:00:00,33.2,17.1,204.0,455,11.1,8.1,62.0,25.0,0.0,73,24.5,92,8.6,260,1
2026-04-21 06:00:00,36.0,17.6,253.0,454,13.5,8.9,62.0,31.0,0.0,73,24.5,93,9.0,255,0
2026-04-21 07:00:00,40.5,20.1,331.0,453,16.7,10.1,62.0,40.0,0.35,73,24.8,92,9.8,264,0
2026-04-21 08:00:00,50.9,21.5,374.0,452,17.8,11.7,68.0,50.0,1.5,73,26.3,83,12.6,268,14
2026-04-21 09:00:00,61.9,22.3,344.0,451,15.0,14.1,84.0,61.0,3.65,73,27.9,69,12.3,267,86
2026-04-21 10:00:00,66.1,23.3,280.0,450,10.2,16.9,105.0,73.0,6.35,73,29.2,61,13.5,260,1
2026-04-21 11:00:00,69.8,24.3,232.0,449,6.4,18.5,120.0,81.0,8.85,72,29.8,58,14.9,250,0
2026-04-21 12:00:00,69.4,24.1,221.0,449,4.6,17.7,123.0,85.0,10.25,72,30.5,54,15.3,246,0
2026-04-21 13:00:00,68.7,23.1,228.0,449,3.8,15.7,119.0,85.0,10.05,71,31.0,50,15.4,247,32
2026-04-21 14:00:00,68.5,22.2,241.0,449,3.9,14.1,113.0,84.0,8.3,71,31.1,47,15.5,247,28
2026-04-21 15:00:00,67.1,21.9,262.0,449,4.5,13.5,105.0,81.0,5.7,70,30.5,51,15.7,243,80
2026-04-21 16:00:00,64.0,21.6,289.0,450,5.9,13.3,95.0,76.0,3.1,70,29.8,56,15.4,243,84
2026-04-21 17:00:00,61.2,22.0,313.0,450,9.2,13.7,86.0,71.0,1.15,69,28.8,58,14.0,244,20
2026-04-21 18:00:00,54.9,21.1,323.0,450,14.5,13.2,74.0,59.0,0.2,69,27.8,64,12.7,247,16
2026-04-21 19:00:00,44.1,20.4,329.0,450,21.7,12.6,57.0,43.0,0.0,69,26.6,75,11.2,248,5
2026-04-21 20:00:00,40.3,21.1,349.0,451,27.1,12.1,44.0,31.0,0.0,69,26.1,81,11.1,250,0
2026-04-21 21:00:00,39.1,21.1,411.0,453,29.2,12.0,39.0,26.0,0.0,69,26.0,82,9.1,249,4
2026-04-21 22:00:00,38.5,21.3,487.0,456,29.4,12.2,37.0,26.0,0.0,69,25.7,83,8.2,237,2
2026-04-21 23:00:00,37.8,21.7,515.0,457,28.3,11.9,37.0,25.0,0.0,69,25.6,86,7.9,221,6
2026-04-22 00:00:00,36.6,21.2,448.0,456,25.5,10.9,38.0,23.0,0.0,69,25.5,88,6.0,249,0
2026-04-22 01:00:00,35.2,20.1,332.0,454,21.5,9.6,41.0,22.0,0.0,69,25.2,90,6.5,262,2
2026-04-22 02:00:00,32.9,18.6,242.0,453,18.0,8.5,43.0,21.0,0.0,69,25.0,92,8.4,255,22
2026-04-22 03:00:00,31.3,17.5,204.0,452,15.5,7.8,43.0,20.0,0.0,69,25.0,92,8.8,255,10
2026-04-22 04:00:00,29.9,16.6,191.0,452,13.5,7.4,43.0,19.0,0.0,69,24.9,92,9.9,258,11
2026-04-22 05:00:00,27.1,14.7,199.0,452,9.8,7.2,49.0,18.0,0.0,69,24.7,93,8.9,264,26
2026-04-22 06:00:00,27.1,14.8,241.0,451,10.5,8.6,51.0,19.0,0.0,69,25.0,91,9.4,253,8
2026-04-22 07:00:00,29.0,16.4,303.0,451,11.4,10.5,54.0,21.0,0.3,68,25.5,87,11.0,256,6
2026-04-22 08:00:00,31.4,15.9,337.0,450,11.3,12.2,59.0,23.0,1.3,68,26.8,79,12.3,262,5
2026-04-22 09:00:00,31.9,15.6,314.0,449,9.4,13.4,70.0,24.0,3.3,68,28.1,71,13.7,265,23
2026-04-22 10:00:00,32.9,16.0,263.0,449,6.6,14.3,83.0,26.0,5.9,67,29.2,66,14.3,263,28
2026-04-22 11:00:00,33.8,16.4,225.0,448,4.5,14.7,93.0,27.0,8.2,66,30.1,61,15.8,262,3
2026-04-22 12:00:00,34.7,16.4,215.0,448,3.6,14.2,97.0,28.0,9.65,66,30.7,60,16.7,263,7
2026-04-22 13:00:00,34.8,16.1,218.0,448,3.3,13.2,97.0,30.0,9.55,65,31.3,56,15.8,258,10
2026-04-22 14:00:00,34.5,15.9,226.0,448,3.6,12.3,94.0,30.0,8.0,64,31.1,57,16.1,248,16
2026-04-22 15:00:00,34.1,15.7,239.0,448,4.2,11.8,89.0,29.0,5.35,64,30.3,63,17.1,242,23
2026-04-22 16:00:00,33.1,15.5,258.0,448,5.4,11.4,81.0,28.0,2.75,63,29.5,70,16.7,243,6
2026-04-22 17:00:00,20.8,11.7,274.0,448,8.2,11.4,74.0,13.0,1.05,63,28.6,74,14.5,243,62
2026-04-22 18:00:00,20.9,12.0,286.0,449,13.0,11.4,65.0,12.0,0.2,62,27.9,78,14.6,244,98
2026-04-22 19:00:00,20.4,13.1,295.0,449,19.6,11.4,53.0,10.0,0.0,61,26.9,84,12.6,236,100
2026-04-22 20:00:00,21.7,14.3,297.0,450,23.5,11.2,45.0,9.0,0.0,60,26.8,86,11.6,238,100
2026-04-22 21:00:00,21.6,14.1,290.0,450,22.4,10.9,45.0,8.0,0.0,60,26.5,88,10.3,234,4
2026-04-22 22:00:00,20.5,13.6,275.0,450,18.7,10.5,49.0,7.0,0.0,59,26.4,90,7.9,229,3
2026-04-22 23:00:00,19.6,13.2,255.0,450,15.2,9.9,52.0,6.0,0.0,59,26.4,89,8.9,251,0
2026-04-23 00:00:00,18.9,12.8,224.0,450,12.8,9.1,54.0,6.0,0.0,58,26.4,89,8.9,262,98
2026-04-23 01:00:00,18.6,12.4,186.0,449,10.7,8.2,55.0,6.0,0.0,57,26.1,90,10.0,262,7
2026-04-23 02:00:00,18.7,12.2,160.0,449,9.1,7.5,56.0,6.0,0.0,56,25.9,91,10.6,251,4
2026-04-23 03:00:00,18.7,12.1,149.0,449,8.3,7.2,55.0,6.0,0.0,56,25.7,93,10.5,264,5
2026-04-23 04:00:00,18.8,12.0,149.0,450,8.0,7.3,54.0,6.0,0.0,55,25.5,93,9.8,257,5
2026-04-23 05:00:00,19.4,12.1,165.0,450,7.6,7.6,56.0,7.0,0.0,55,25.5,95,11.2,242,19
2026-04-23 06:00:00,20.3,12.6,214.0,450,9.3,8.4,55.0,8.0,0.0,55,25.5,94,12.6,243,21
2026-04-23 07:00:00,23.0,14.8,280.0,449,11.4,9.7,55.0,10.0,0.3,54,26.0,90,14.6,244,44
2026-04-23 08:00:00,27.1,16.1,319.0,449,12.3,10.9,59.0,13.0,1.25,54,27.2,82,14.6,251,59
2026-04-23 09:00:00,29.9,16.9,304.0,449,10.6,12.2,70.0,17.0,3.3,54,28.3,75,14.1,251,44
2026-04-23 10:00:00,32.5,17.6,262.0,448,7.5,13.6,85.0,22.0,6.0,54,29.5,71,13.4,248,33
2026-04-23 11:00:00,35.5,18.2,229.0,448,5.1,14.4,97.0,26.0,8.5,55,30.0,66,14.5,248,35
2026-04-23 12:00:00,37.4,18.3,218.0,448,4.0,14.2,102.0,30.0,10.05,55,30.9,62,15.8,251,0
2026-04-23 13:00:00,39.3,18.3,216.0,448,3.7,13.4,104.0,34.0,9.9,55,31.5,57,16.1,250,0
2026-04-23 14:00:00,40.5,18.3,222.0,448,4.0,12.7,102.0,36.0,8.2,55,31.5,58,16.4,249,0
2026-04-23 15:00:00,41.0,18.2,237.0,448,4.9,12.3,97.0,35.0,5.55,55,31.2,60,15.9,247,0
2026-04-23 16:00:00,39.0,18.0,260.0,448,6.5,12.1,89.0,32.0,2.95,56,31.0,61,14.0,252,64
2026-04-23 17:00:00,22.6,12.5,289.0,449,9.6,12.9,80.0,15.0,1.05,56,29.8,67,12.1,250,99
2026-04-23 18:00:00,22.6,13.9,327.0,450,15.5,13.1,68.0,12.0,0.2,56,29.0,71,7.3,250,42
2026-04-23 19:00:00,21.9,15.4,371.0,451,23.5,13.3,51.0,8.0,0.0,56,28.0,76,8.7,246,91
2026-04-23 20:00:00,22.5,16.5,411.0,452,28.9,13.3,39.0,6.0,0.0,56,27.2,82,10.7,234,95
2026-04-23 21:00:00,23.1,16.8,456.0,454,29.6,13.0,35.0,6.0,0.0,56,26.8,86,10.8,238,96
2026-04-23 22:00:00,24.6,17.2,498.0,457,27.7,12.5,36.0,8.0,0.0,57,26.5,87,6.8,287,24
2026-04-23 23:00:00,25.9,17.8,500.0,458,25.2,11.9,38.0,10.0,0.0,57,26.5,89,6.5,268,26
2026-04-24 00:00:00,26.8,18.0,428.0,457,22.6,11.1,39.0,11.0,0.0,57,26.4,90,6.0,279,95
2026-04-24 01:00:00,27.1,17.5,315.0,455,19.4,10.2,41.0,12.0,0.0,58,26.1,92,6.9,287,100
2026-04-24 02:00:00,26.5,16.5,229.0,454,16.4,9.3,43.0,13.0,0.0,58,26.1,92,8.0,290,100
2026-04-24 03:00:00,25.6,15.1,192.0,454,13.3,8.3,46.0,13.0,0.0,59,25.9,93,7.1,280,100
2026-04-24 04:00:00,25.4,14.3,182.0,453,10.4,7.5,49.0,14.0,0.0,59,25.7,94,6.4,260,100
2026-04-24 05:00:00,28.2,14.4,192.0,453,9.6,7.4,50.0,20.0,0.0,59,25.6,97,7.1,261,98
2026-04-24 06:00:00,28.6,15.1,237.0,452,10.7,8.9,50.0,22.0,0.0,59,25.8,96,7.7,269,82
2026-04-24 07:00:00,32.8,17.1,304.0,451,12.2,11.0,52.0,26.0,0.3,60,26.1,93,8.5,271,74
2026-04-24 08:00:00,36.4,17.5,342.0,450,12.6,12.9,57.0,29.0,1.35,60,27.5,83,11.7,267,46
2026-04-24 09:00:00,38.2,18.5,324.0,450,11.0,14.7,70.0,32.0,3.45,60,29.0,76,10.9,257,22
2026-04-24 10:00:00,40.7,19.6,278.0,449,8.3,16.3,88.0,36.0,6.3,60,30.1,72,11.7,249,2
2026-04-24 11:00:00,44.9,21.0,243.0,449,6.2,17.2,101.0,38.0,8.85,60,30.2,69,14.0,248,18
2026-04-24 12:00:00,47.4,21.5,232.0,449,5.0,16.9,108.0,40.0,10.15,60,31.0,64,14.4,247,13
2026-04-24 13:00:00,48.1,21.1,232.0,448,4.3,15.8,110.0,41.0,9.95,61,31.2,63,14.5,242,2
2026-04-24 14:00:00,44.9,20.1,239.0,448,4.3,14.8,109.0,40.0,8.15,61,31.0,64,15.5,241,19
2026-04-24 15:00:00,43.1,19.2,250.0,448,4.8,14.0,102.0,37.0,5.45,61,30.6,68,16.5,242,64
2026-04-24 16:00:00,39.5,18.2,268.0,448,6.1,13.3,91.0,33.0,2.9,61,30.3,67,14.7,252,98
2026-04-24 17:00:00,31.3,15.7,294.0,449,9.4,13.4,80.0,24.0,1.05,61,29.7,70,13.1,255,96
2026-04-24 18:00:00,28.8,15.7,338.0,450,16.2,13.4,67.0,20.0,0.2,62,28.8,75,11.3,239,100
2026-04-24 19:00:00,26.3,16.2,390.0,451,25.7,13.4,49.0,14.0,0.0,62,27.7,83,8.7,232,100
2026-04-24 20:00:00,26.7,18.7,419.0,452,33.0,13.5,35.0,10.0,0.0,62,27.1,88,7.9,246,100
2026-04-24 21:00:00,27.5,19.7,410.0,452,36.6,13.8,29.0,8.0,0.0,62,26.9,89,6.8,252,14
2026-04-24 22:00:00,28.6,20.7,379.0,453,38.1,14.1,26.0,8.0,0.0,62,26.6,90,5.8,248,3
2026-04-24 23:00:00,29.6,21.6,343.0,453,37.7,14.1,26.0,9.0,0.0,63,26.5,92,7.6,278,18
2026-04-25 00:00:00,30.2,21.8,302.0,453,34.8,13.5,28.0,10.0,0.0,63,26.5,91,6.9,277,46
2026-04-25 01:00:00,30.4,20.8,255.0,454,30.0,12.5,31.0,13.0,0.0,63,26.2,92,5.4,276,70
2026-04-25 02:00:00,30.7,19.6,221.0,454,25.3,11.6,35.0,15.0,0.0,63,25.8,95,8.0,298,73
2026-04-25 03:00:00,30.9,18.2,200.0,455,20.8,10.7,39.0,18.0,0.0,64,25.4,97,7.5,305,100
2026-04-25 04:00:00,31.7,17.0,191.0,456,16.4,9.8,42.0,21.0,0.0,64,25.1,98,6.8,312,78
2026-04-25 05:00:00,25.8,13.6,209.0,457,10.8,8.5,49.0,18.0,0.0,64,25.1,99,6.9,313,100
2026-04-25 06:00:00,28.1,14.4,283.0,456,14.2,9.6,47.0,20.0,0.0,64,25.0,99,6.5,289,99
2026-04-25 07:00:00,32.1,18.2,384.0,455,18.7,11.2,46.0,25.0,0.35,64,25.3,96,6.5,270,88
2026-04-25 08:00:00,40.2,20.2,444.0,454,21.0,13.3,52.0,32.0,1.5,64,27.0,84,6.0,253,15
2026-04-25 09:00:00,51.8,23.1,424.0,453,18.9,16.4,73.0,46.0,3.6,64,28.8,76,6.4,241,1
2026-04-25 10:00:00,65.2,26.5,364.0,452,14.5,19.9,103.0,64.0,6.25,65,30.2,70,8.8,227,2
2026-04-25 11:00:00,73.3,28.9,312.0,451,10.7,21.8,125.0,77.0,8.65,65,31.4,65,10.5,232,0
2026-04-25 12:00:00,77.1,29.6,284.0,450,8.1,20.9,135.0,81.0,10.0,66,32.3,59,12.2,241,0
2026-04-25 13:00:00,74.0,28.4,265.0,450,6.1,18.4,138.0,81.0,9.8,67,33.0,56,12.6,237,0
2026-04-25 14:00:00,72.4,27.4,260.0,450,5.4,16.3,136.0,79.0,8.15,68,33.0,56,13.3,238,0
2026-04-25 15:00:00,71.0,26.9,272.0,450,6.3,15.3,129.0,78.0,5.55,68,32.8,56,13.9,239,1
2026-04-25 16:00:00,68.9,26.6,298.0,450,8.5,14.7,118.0,76.0,2.9,69,32.0,59,13.5,245,27
2026-04-25 17:00:00,53.6,20.9,332.0,451,12.6,13.9,106.0,57.0,1.1,70,30.5,64,11.7,243,66
2026-04-25 18:00:00,47.4,21.4,379.0,452,18.2,13.0,92.0,52.0,0.2,77,29.6,68,10.7,240,49
2026-04-25 19:00:00,43.5,22.1,435.0,453,25.8,11.8,72.0,45.0,0.0,75,28.4,75,9.7,245,77
2026-04-25 20:00:00,45.6,22.4,482.0,455,30.8,10.9,57.0,39.0,0.0,71,27.9,77,8.9,252,27
2026-04-25 21:00:00,44.2,22.1,525.0,457,30.8,10.5,53.0,36.0,0.0,71,27.6,78,8.0,265,5
2026-04-25 22:00:00,42.6,21.7,561.0,460,28.2,10.4,54.0,33.0,0.0,72,27.3,79,7.6,258,1
2026-04-25 23:00:00,41.2,21.3,557.0,461,25.2,10.1,56.0,32.0,0.0,72,27.2,82,8.0,265,0
2026-04-26 00:00:00,40.7,20.8,484.0,461,22.4,9.5,56.0,32.0,0.0,72,27.1,81,7.7,269,0
2026-04-26 01:00:00,40.0,20.0,373.0,459,19.2,8.7,56.0,33.0,0.0,72,26.9,81,6.2,287,0
2026-04-26 02:00:00,39.8,19.0,283.0,458,16.3,8.2,57.0,34.0,0.0,72,26.6,81,6.4,281,0
2026-04-26 03:00:00,40.6,18.2,226.0,457,13.4,7.9,59.0,35.0,0.0,72,26.4,81,6.9,275,0
2026-04-26 04:00:00,40.7,17.5,191.0,456,10.8,7.7,61.0,37.0,0.0,72,26.1,82,7.6,273,0
2026-04-26 05:00:00,38.9,17.1,208.0,456,10.7,8.1,61.0,36.0,0.0,72,26.0,86,8.6,269,0
2026-04-26 06:00:00,38.5,17.4,332.0,456,15.3,9.1,58.0,35.0,0.0,72,26.1,86,9.4,271,0
2026-04-26 07:00:00,39.5,19.9,508.0,457,21.5,10.6,55.0,33.0,0.4,72,26.5,84,8.3,276,0
2026-04-26 08:00:00,43.4,22.9,603.0,457,24.6,12.1,59.0,34.0,1.55,72,28.5,75,8.1,276,0
2026-04-26 09:00:00,48.3,24.1,532.0,455,21.6,13.8,79.0,38.0,3.8,73,30.9,63,11.0,280,0
2026-04-26 10:00:00,50.1,24.6,380.0,452,15.5,15.5,106.0,43.0,6.55,73,32.7,53,13.0,281,0
2026-04-26 11:00:00,54.2,25.3,265.0,450,10.4,16.4,126.0,50.0,9.1,72,33.5,51,13.7,272,0
2026-04-26 12:00:00,62.4,26.0,235.0,449,7.7,16.1,133.0,60.0,10.45,72,34.3,47,14.8,273,0
2026-04-26 13:00:00,66.4,26.4,241.0,450,6.1,15.0,132.0,71.0,10.25,72,35.0,43,15.3,270,0
2026-04-26 14:00:00,67.8,26.1,258.0,450,5.7,13.9,128.0,77.0,8.5,72,35.2,41,15.5,267,0
2026-04-26 15:00:00,65.7,25.4,275.0,450,6.6,12.8,120.0,75.0,5.85,72,35.2,39,15.5,268,0
2026-04-26 16:00:00,61.9,24.6,303.0,450,8.6,11.7,108.0,69.0,3.1,71,34.7,39,14.6,267,0
2026-04-26 17:00:00,41.0,18.4,343.0,451,13.1,11.6,95.0,40.0,1.25,71,33.5,43,12.8,261,0
2026-04-26 18:00:00,37.5,18.9,413.0,453,19.3,11.4,82.0,35.0,0.25,71,32.0,48,11.9,252,47
2026-04-26 19:00:00,34.6,19.7,495.0,455,27.7,11.1,64.0,28.0,0.0,71,30.1,60,11.1,254,5
2026-04-26 20:00:00,33.3,19.8,546.0,457,33.4,10.8,51.0,22.0,0.0,71,29.1,65,9.9,255,0
2026-04-26 21:00:00,31.8,19.4,542.0,457,33.9,10.7,46.0,19.0,0.0,70,28.6,69,8.8,251,98
2026-04-26 22:00:00,29.9,18.6,505.0,457,31.7,10.8,46.0,17.0,0.0,70,28.2,72,7.8,257,60
2026-04-26 23:00:00,28.9,18.0,461.0,457,28.8,10.5,47.0,16.0,0.0,70,28.0,74,8.0,261,9
2026-04-27 00:00:00,28.6,17.4,412.0,457,25.5,9.7,48.0,16.0,0.0,70,27.8,76,7.7,258,1
2026-04-27 01:00:00,28.5,16.6,355.0,457,21.6,8.7,49.0,17.0,0.0,69,27.1,80,6.6,249,80
2026-04-27 02:00:00,28.8,16.0,306.0,457,18.2,7.9,51.0,19.0,0.0,69,26.8,83,7.3,250,2
2026-04-27 03:00:00,29.0,15.4,256.0,456,15.4,7.6,52.0,21.0,0.0,69,26.5,85,7.6,252,94
2026-04-27 04:00:00,29.2,14.9,213.0,456,13.0,7.5,53.0,23.0,0.0,68,26.3,87,8.2,248,81
2026-04-27 05:00:00,29.8,14.6,218.0,455,10.8,7.4,58.0,23.0,0.0,68,26.2,88,8.5,224,0
2026-04-27 06:00:00,33.6,15.8,324.0,455,13.3,8.1,59.0,26.0,0.0,68,26.4,88,9.6,232,0
2026-04-27 07:00:00,36.1,18.1,479.0,455,16.5,9.0,60.0,31.0,0.45,68,27.0,85,8.9,242,0
2026-04-27 08:00:00,43.7,20.7,561.0,455,17.6,10.1,67.0,36.0,1.7,68,28.8,75,9.9,243,0
2026-04-27 09:00:00,51.7,22.0,496.0,454,14.6,11.5,83.0,43.0,4.0,67,30.5,65,12.4,249,0
2026-04-27 10:00:00,55.2,23.2,360.0,452,9.5,13.1,104.0,51.0,6.85,67,31.8,58,13.8,250,0
2026-04-27 11:00:00,57.0,23.9,257.0,451,5.6,14.0,120.0,56.0,9.45,67,32.7,54,14.0,238,0
2026-04-27 12:00:00,56.0,23.8,232.0,451,4.1,13.8,125.0,56.0,10.85,67,32.8,55,15.7,240,0
2026-04-27 13:00:00,53.8,23.2,241.0,451,3.9,13.1,125.0,52.0,10.65,67,33.2,53,15.1,242,0
2026-04-27 14:00:00,51.9,22.6,258.0,451,4.3,12.4,122.0,49.0,8.8,67,33.3,52,15.4,240,0
2026-04-27 15:00:00,50.2,22.1,269.0,451,5.1,12.1,118.0,47.0,6.05,66,32.9,55,15.2,239,0
2026-04-27 16:00:00,49.4,21.9,288.0,451,6.6,12.0,112.0,46.0,3.25,66,32.5,56,14.5,239,0
2026-04-27 17:00:00,38.1,17.4,330.0,452,9.2,11.2,102.0,33.0,1.25,66,31.4,58,13.5,234,0
2026-04-27 18:00:00,35.6,17.9,424.0,454,14.3,11.0,91.0,29.0,0.25,66,30.5,63,13.0,243,0
2026-04-27 19:00:00,33.2,19.0,543.0,456,21.3,10.8,77.0,24.0,0.0,66,29.5,69,10.4,234,5
2026-04-27 20:00:00,33.5,19.2,614.0,457,25.7,10.5,67.0,21.0,0.0,65,28.9,73,9.3,223,0
2026-04-27 21:00:00,32.9,18.9,603.0,457,25.5,10.1,66.0,20.0,0.0,65,28.6,75,9.2,239,3
2026-04-27 22:00:00,32.7,18.5,545.0,457,22.7,9.6,70.0,21.0,0.0,65,28.5,75,8.9,251,0
2026-04-27 23:00:00,33.3,18.2,479.0,457,19.6,9.0,74.0,22.0,0.0,65,28.5,75,11.4,247,0
2026-04-28 00:00:00,33.8,17.9,411.0,457,16.6,8.3,78.0,23.0,0.0,65,28.4,75,11.6,255,0
2026-04-28 01:00:00,33.8,17.5,336.0,456,13.2,7.5,82.0,23.0,0.0,65,27.9,77,10.8,266,0
2026-04-28 02:00:00,32.7,16.9,275.0,456,10.5,7.0,85.0,23.0,0.0,65,27.5,80,11.2,268,0
2026-04-28 03:00:00,31.1,16.6,227.0,455,8.7,6.8,87.0,21.0,0.0,66,27.2,80,11.1,277,0
2026-04-28 04:00:00,29.3,16.3,193.0,455,7.5,6.9,89.0,17.0,0.0,66,27.0,81,10.9,279,0
2026-04-28 05:00:00,28.0,15.4,197.0,454,5.9,6.7,99.0,17.0,0.0,66,27.6,79,13.4,262,0
2026-04-28 06:00:00,27.8,16.2,277.0,454,8.9,7.3,98.0,18.0,0.0,66,27.5,80,12.5,262,0
2026-04-28 07:00:00,30.5,18.1,395.0,454,12.8,8.2,97.0,19.0,0.45,66,27.9,78,10.6,267,0
2026-04-28 08:00:00,36.2,20.7,459.0,454,14.6,9.2,100.0,22.0,1.65,66,29.5,70,12.3,265,0
2026-04-28 09:00:00,40.2,21.0,413.0,453,12.3,10.4,111.0,30.0,3.75,66,31.0,61,14.7,264,0
2026-04-28 10:00:00,44.0,21.3,313.0,451,7.8,11.7,125.0,39.0,6.45,66,32.0,57,15.7,254,0
2026-04-28 11:00:00,50.2,21.8,237.0,450,4.4,12.4,135.0,47.0,8.85,66,32.1,57,15.5,250,0
2026-04-28 12:00:00,51.8,21.7,217.0,449,3.3,12.2,136.0,51.0,10.25,65,32.5,56,15.4,246,0
2026-04-28 13:00:00,52.4,21.2,222.0,449,3.1,11.5,133.0,54.0,10.15,65,32.9,54,15.8,241,0
2026-04-28 14:00:00,52.0,20.9,236.0,449,3.6,10.9,129.0,53.0,8.5,65,32.8,54,16.6,239,0
2026-04-28 15:00:00,47.8,20.1,257.0,449,4.3,10.6,125.0,46.0,5.9,72,32.5,55,16.7,240,1
2026-04-28 16:00:00,42.8,19.5,287.0,450,5.5,10.3,119.0,36.0,3.25,78,32.2,56,15.7,240,0
2026-04-28 17:00:00,45.4,18.7,318.0,451,8.7,11.5,111.0,44.0,1.2,82,31.2,59,12.5,231,1
2026-04-28 18:00:00,34.1,17.3,348.0,452,12.8,11.0,99.0,38.0,0.25,82,30.5,64,11.5,231,10
2026-04-28 19:00:00,29.2,17.3,378.0,453,18.3,10.4,83.0,30.0,0.0,76,29.5,70,11.5,219,1
2026-04-28 20:00:00,33.8,17.6,407.0,454,21.7,9.8,71.0,25.0,0.0,65,29.0,73,13.7,212,0
2026-04-28 21:00:00,38.1,18.0,445.0,456,21.1,9.4,68.0,28.0,0.0,64,28.7,74,11.1,239,0
2026-04-28 22:00:00,40.7,18.2,481.0,458,18.5,9.0,69.0,34.0,0.0,64,28.5,73,11.2,268,0
2026-04-28 23:00:00,41.1,18.1,483.0,459,15.8,8.7,71.0,38.0,0.0,64,28.3,75,9.9,271,0
2026-04-29 00:00:00,39.6,17.8,419.0,458,13.5,8.3,72.0,38.0,0.0,64,28.0,78,9.2,273,0
2026-04-29 01:00:00,38.8,17.6,320.0,456,11.2,7.9,74.0,36.0,0.0,64,27.6,81,8.8,272,0
2026-04-29 02:00:00,39.3,17.6,244.0,454,9.5,7.7,75.0,35.0,0.0,64,27.4,83,7.9,267,0
2026-04-29 03:00:00,39.5,17.6,205.0,454,8.3,7.5,75.0,35.0,0.0,64,27.0,85,7.9,259,0
2026-04-29 04:00:00,39.8,17.6,189.0,454,7.6,7.5,75.0,35.0,0.0,64,26.9,87,7.8,261,0
2026-04-29 05:00:00,46.9,19.1,213.0,455,7.8,7.8,79.0,46.0,0.0,64,26.8,89,7.2,283,0
2026-04-29 06:00:00,46.0,20.0,313.0,456,11.0,8.9,78.0,49.0,0.0,65,26.6,90,7.8,277,0
2026-04-29 07:00:00,47.5,23.1,452.0,457,15.4,10.6,77.0,53.0,0.4,65,27.0,89,5.3,294,2
2026-04-29 08:00:00,62.6,27.3,535.0,457,17.6,12.7,84.0,59.0,1.6,66,28.5,81,6.5,276,1
2026-04-29 09:00:00,74.0,30.7,508.0,456,15.8,15.8,105.0,69.0,3.7,66,30.3,70,7.3,261,2
2026-04-29 10:00:00,82.2,33.6,426.0,455,11.9,19.4,134.0,80.0,6.35,67,32.0,62,8.1,242,8
2026-04-29 11:00:00,87.1,36.6,356.0,454,8.6,21.5,155.0,87.0,8.6,68,32.3,63,11.3,226,74
2026-04-29 12:00:00,87.1,37.5,321.0,453,6.8,21.2,164.0,86.0,9.75,69,32.4,63,13.2,223,0
2026-04-29 13:00:00,83.1,35.6,300.0,452,5.6,19.4,165.0,80.0,9.45,71,32.8,60,13.7,225,0
2026-04-29 14:00:00,77.5,33.2,293.0,451,5.4,17.5,160.0,77.0,7.5,72,32.8,59,13.8,229,6
2026-04-29 15:00:00,73.1,31.1,303.0,451,6.1,15.6,147.0,81.0,5.05,89,32.8,58,13.2,233,5
2026-04-29 16:00:00,73.6,29.9,328.0,451,7.8,13.6,127.0,87.0,2.7,103,32.3,61,12.7,240,9
2026-04-29 17:00:00,72.2,31.3,366.0,452,12.6,13.3,116.0,71.0,1.0,113,31.2,64,12.5,242,9
2026-04-29 18:00:00,75.4,30.5,432.0,454,17.9,12.4,101.0,72.0,0.2,115,30.5,66,10.1,248,4
2026-04-29 19:00:00,67.5,30.5,510.0,456,25.1,11.0,81.0,74.0,0.0,108,29.4,70,8.0,252,1
2026-04-29 20:00:00,70.1,30.6,555.0,458,29.2,9.9,68.0,69.0,0.0,92,28.8,76,8.6,244,41
2026-04-29 21:00:00,57.7,28.2,543.0,458,27.3,9.1,69.0,51.0,0.0,80,28.1,83,10.6,235,1
2026-04-29 22:00:00,42.6,24.9,496.0,457,22.2,8.5,77.0,28.0,0.0,81,27.9,85,8.2,247,0
2026-04-29 23:00:00,33.5,22.6,439.0,456,17.6,8.0,85.0,13.0,0.0,81,27.9,86,6.0,273,0
2026-04-30 00:00:00,34.7,22.5,368.0,455,14.5,7.6,89.0,15.0,0.0,82,27.8,86,4.3,287,0
2026-04-30 01:00:00,42.5,24.1,285.0,454,11.9,7.2,93.0,26.0,0.0,82,27.5,87,5.2,268,0
2026-04-30 02:00:00,49.0,25.6,225.0,454,9.9,7.1,96.0,36.0,0.0,83,27.2,88,6.4,280,0
2026-04-30 03:00:00,53.1,26.5,192.0,454,8.6,7.3,97.0,42.0,0.0,83,27.0,89,6.5,268,0
2026-04-30 04:00:00,56.2,27.2,181.0,455,8.0,7.7,98.0,46.0,0.0,84,26.8,90,7.4,247,0
2026-04-30 05:00:00,59.0,27.6,207.0,455,8.6,8.5,96.0,51.0,0.0,85,26.9,92,8.9,227,0
2026-04-30 06:00:00,60.5,28.4,308.0,456,11.6,9.0,96.0,55.0,0.0,86,27.0,90,9.7,231,0
2026-04-30 07:00:00,61.0,29.8,446.0,456,15.5,9.8,97.0,61.0,0.4,86,27.5,87,8.0,242,0
2026-04-30 08:00:00,71.7,31.8,520.0,456,17.3,10.9,102.0,67.0,1.55,87,29.1,76,8.9,257,0
2026-04-30 09:00:00,74.5,31.7,466.0,454,14.8,12.6,116.0,73.0,3.65,87,31.0,64,10.5,253,0
2026-04-30 10:00:00,74.7,31.1,347.0,452,10.0,14.6,134.0,79.0,6.35,88,32.4,56,12.4,253,0
2026-04-30 11:00:00,78.0,30.9,258.0,450,6.3,15.7,145.0,83.0,8.8,87,33.2,52,12.4,248,0
2026-04-30 12:00:00,80.3,29.9,236.0,450,4.8,15.1,144.0,86.0,10.1,87,34.0,50,13.5,240,0
2026-04-30 13:00:00,79.4,28.1,243.0,450,4.3,13.6,136.0,87.0,9.95,86,33.9,52,14.2,232,0
2026-04-30 14:00:00,72.2,25.7,259.0,450,4.5,12.4,127.0,84.0,8.3,85,33.7,53,13.9,227,0
2026-04-30 15:00:00,62.4,23.3,280.0,450,5.1,11.8,118.0,75.0,5.7,85,33.1,56,14.0,221,0
2026-04-30 16:00:00,53.9,21.8,311.0,450,6.3,11.6,108.0,62.0,3.05,84,32.5,57,12.9,222,5
2026-04-30 17:00:00,39.5,18.0,345.0,451,9.4,11.7,96.0,35.0,1.2,85,31.5,61,13.5,225,2
2026-04-30 18:00:00,38.8,18.7,389.0,452,15.6,11.6,84.0,33.0,0.25,82,30.8,65,11.7,229,2
2026-04-30 19:00:00,36.9,20.4,437.0,454,24.0,11.5,68.0,30.0,0.0,81,29.5,73,10.2,222,0
2026-04-30 20:00:00,39.7,21.7,460.0,455,29.1,11.2,58.0,28.0,0.0,80,29.0,77,9.4,223,0
2026-04-30 21:00:00,40.3,21.8,442.0,455,28.0,10.6,58.0,27.0,0.0,79,28.6,79,8.8,239,0
2026-04-30 22:00:00,39.6,21.0,399.0,455,23.6,9.7,65.0,28.0,0.0,79,28.3,80,9.7,251,0
2026-04-30 23:00:00,38.5,20.1,352.0,454,19.4,8.9,70.0,28.0,0.0,79,28.5,77,12.3,255,0
2026-05-01 00:00:00,37.7,19.4,300.0,454,16.6,8.2,73.0,28.0,0.0,78,28.5,75,10.6,269,0
2026-05-01 01:00:00,37.0,18.9,244.0,453,14.0,7.5,75.0,28.0,0.0,78,28.4,74,12.4,268,0
2026-05-01 02:00:00,36.8,18.3,203.0,453,11.8,7.0,77.0,28.0,0.0,78,28.5,72,14.4,267,0
2026-05-01 03:00:00,36.4,17.6,176.0,453,9.5,6.6,80.0,27.0,0.0,77,28.5,71,14.5,265,0
2026-05-01 04:00:00,35.6,16.8,165.0,453,7.6,6.3,83.0,27.0,0.0,76,28.4,71,13.8,263,0
2026-05-01 05:00:00,40.9,16.8,189.0,453,7.4,6.6,84.0,40.0,0.0,75,28.7,71,13.2,264,0
2026-05-01 06:00:00,37.6,16.7,288.0,454,10.4,7.0,81.0,37.0,0.0,74,28.8,70,13.4,264,0
2026-05-01 07:00:00,41.3,18.9,424.0,455,14.4,7.7,77.0,35.0,0.35,73,29.4,68,14.1,265,0
2026-05-01 08:00:00,52.3,23.1,498.0,455,16.3,8.6,79.0,50.0,1.4,72,31.0,62,13.5,267,0
2026-05-01 09:00:00,74.5,26.1,449.0,454,14.0,10.0,92.0,96.0,3.45,72,32.3,56,15.7,272,0
2026-05-01 10:00:00,109.7,30.7,338.0,452,9.5,11.6,112.0,158.0,6.05,71,33.3,52,14.9,270,0
2026-05-01 11:00:00,146.2,36.7,257.0,451,6.1,12.8,126.0,208.0,8.5,71,34.2,52,14.7,264,0
2026-05-01 12:00:00,177.4,41.8,241.0,451,4.9,13.3,131.0,238.0,9.9,71,35.0,49,14.2,261,0
2026-05-01 13:00:00,186.3,44.1,255.0,451,4.8,13.4,132.0,257.0,9.75,73,35.8,46,13.5,254,0
2026-05-01 14:00:00,175.6,43.3,280.0,451,5.4,13.1,129.0,255.0,8.15,74,35.8,45,14.3,245,0
2026-05-01 15:00:00,155.5,40.7,314.0,451,6.9,12.4,121.0,223.0,5.65,76,35.4,46,14.3,242,0
2026-05-01 16:00:00,127.1,36.7,359.0,451,9.3,11.4,109.0,171.0,3.05,77,34.4,50,13.9,232,0
2026-05-01 17:00:00,101.0,31.4,405.0,452,11.7,10.0,99.0,131.0,1.15,78,32.7,55,13.0,219,0
2026-05-01 18:00:00,71.5,27.9,456.0,453,15.3,9.5,92.0,105.0,0.25,80,31.7,60,13.1,216,0
2026-05-01 19:00:00,56.3,25.9,508.0,454,20.1,8.9,81.0,70.0,0.0,80,31.2,60,10.7,234,0
2026-05-01 20:00:00,49.1,23.6,531.0,455,22.5,8.3,76.0,44.0,0.0,81,31.1,58,8.4,247,0
2026-05-01 21:00:00,45.6,21.7,512.0,455,20.5,7.8,79.0,39.0,0.0,81,31.0,56,10.9,251,0
2026-05-01 22:00:00,45.5,20.4,465.0,455,16.2,7.3,87.0,44.0,0.0,81,30.7,56,10.2,304,0
2026-05-01 23:00:00,46.8,19.6,406.0,455,12.3,6.9,94.0,47.0,0.0,81,30.2,58,10.2,307,0
2026-05-02 00:00:00,44.5,18.8,328.0,454,9.6,6.4,98.0,43.0,0.0,81,30.0,60,12.8,275,0
2026-05-02 01:00:00,39.3,17.6,238.0,453,7.3,5.9,100.0,38.0,0.0,81,29.7,61,13.5,272,0
2026-05-02 02:00:00,38.0,16.6,175.0,452,5.6,5.6,101.0,36.0,0.0,81,29.7,59,13.6,281,0
2026-05-02 03:00:00,38.9,16.2,144.0,451,4.4,5.3,100.0,37.0,0.0,81,29.6,59,14.6,279,0
2026-05-02 04:00:00,40.3,16.1,139.0,451,4.0,5.2,96.0,41.0,0.0,81,29.5,61,15.6,277,0
2026-05-02 05:00:00,46.0,16.9,182.0,451,4.5,5.2,94.0,52.0,0.0,80,29.1,65,14.1,265,0
2026-05-02 06:00:00,65.7,20.5,327.0,453,8.6,6.1,87.0,81.0,0.0,80,29.0,63,12.8,264,0
2026-05-02 07:00:00,92.2,27.5,520.0,455,14.2,7.3,79.0,122.0,0.4,81,29.7,60,13.5,256,0
2026-05-02 08:00:00,126.2,36.9,622.0,456,17.1,8.5,77.0,168.0,1.45,82,31.4,57,13.3,260,0
2026-05-02 09:00:00,182.5,47.7,541.0,455,14.9,9.6,88.0,227.0,3.35,83,33.0,51,15.5,269,0
2026-05-02 10:00:00,215.6,55.1,368.0,452,10.1,10.7,105.0,289.0,5.7,85,34.2,46,17.1,270,0
2026-05-02 11:00:00,224.4,57.0,238.0,450,6.3,11.2,117.0,322.0,7.85,87,34.8,43,16.1,275,0
2026-05-02 12:00:00,211.4,54.0,207.0,449,4.8,10.8,120.0,303.0,9.1,89,35.5,40,17.3,268,0
2026-05-02 13:00:00,185.3,48.4,220.0,449,4.4,10.0,118.0,254.0,9.1,90,35.5,41,18.9,261,0
2026-05-02 14:00:00,147.6,40.6,240.0,449,4.6,9.2,116.0,205.0,7.75,90,35.5,41,19.4,262,0
2026-05-02 15:00:00,112.7,33.4,262.0,449,5.7,8.8,116.0,161.0,5.5,90,35.0,42,19.1,261,0
2026-05-02 16:00:00,85.9,28.8,291.0,450,7.4,8.6,116.0,117.0,3.05,89,34.2,45,18.3,260,0
2026-05-02 17:00:00,58.7,21.7,316.0,450,9.6,8.8,113.0,67.0,1.25,89,32.8,47,17.6,263,0
2026-05-02 18:00:00,48.7,21.3,333.0,451,11.9,8.5,109.0,58.0,0.25,88,31.8,51,17.1,262,0
2026-05-02 19:00:00,46.3,21.7,344.0,451,14.9,8.1,104.0,46.0,0.0,87,30.7,56,15.2,263,0
2026-05-02 20:00:00,41.9,21.0,344.0,452,16.5,7.8,101.0,35.0,0.0,87,30.2,58,13.5,269,0
2026-05-02 21:00:00,37.0,19.6,329.0,452,15.4,7.6,103.0,29.0,0.0,86,30.0,57,13.5,275,0
2026-05-02 22:00:00,33.1,18.0,303.0,452,12.9,7.4,107.0,25.0,0.0,86,30.0,57,13.0,284,0
2026-05-02 23:00:00,30.4,16.9,273.0,452,10.4,7.1,111.0,21.0,0.0,86,30.0,56,15.5,283,0
2026-05-03 00:00:00,28.1,15.8,235.0,452,8.3,6.5,114.0,18.0,0.0,86,30.0,56,14.8,280,0
2026-05-03 01:00:00,25.1,14.4,194.0,451,6.3,5.9,117.0,15.0,0.0,86,29.6,56,13.1,282,0
2026-05-03 02:00:00,22.2,13.2,167.0,451,4.9,5.4,119.0,13.0,0.0,85,29.5,56,12.7,301,0
2026-05-03 03:00:00,20.1,12.1,150.0,451,4.0,5.2,118.0,11.0,0.0,85,29.1,60,13.0,289,0
2026-05-03 04:00:00,19.1,11.3,147.0,451,3.7,5.2,116.0,10.0,0.0,85,28.8,62,11.8,290,0
2026-05-03 05:00:00,27.8,11.8,193.0,452,5.0,5.5,115.0,27.0,0.0,84,28.7,66,13.9,284,0
2026-05-03 06:00:00,26.0,12.3,344.0,455,9.7,6.3,109.0,24.0,0.0,84,28.4,67,12.2,292,0
2026-05-03 07:00:00,29.3,14.8,543.0,458,16.1,7.6,101.0,22.0,0.4,83,28.6,68,10.8,294,0
2026-05-03 08:00:00,39.0,18.4,659.0,460,19.6,9.3,101.0,35.0,1.55,82,30.4,64,8.1,295,0
2026-05-03 09:00:00,62.2,22.5,611.0,459,17.7,12.1,118.0,77.0,3.55,80,32.9,52,6.5,293,0
2026-05-03 10:00:00,94.3,28.2,478.0,457,12.9,15.3,143.0,134.0,5.95,78,35.4,41,6.8,273,0
2026-05-03 11:00:00,124.8,33.6,369.0,455,9.0,17.5,161.0,174.0,8.0,76,35.7,44,10.6,251,0
2026-05-03 12:00:00,135.5,35.9,318.0,454,7.0,18.0,167.0,182.0,9.15,74,36.2,43,12.6,246,0
2026-05-03 13:00:00,128.1,35.2,291.0,453,5.8,17.4,166.0,173.0,8.65,82,36.7,42,13.9,245,0
2026-05-03 14:00:00,120.1,33.4,287.0,452,5.8,16.3,160.0,165.0,7.3,93,36.5,41,14.4,246,0
2026-05-03 15:00:00,122.5,33.1,306.0,452,7.4,14.6,148.0,165.0,5.0,104,36.1,41,13.7,240,0
2026-05-03 16:00:00,124.3,33.1,348.0,451,10.2,12.4,131.0,166.0,2.85,114,35.2,46,12.9,237,1
2026-05-03 17:00:00,121.1,31.4,420.0,452,13.8,10.9,115.0,171.0,1.05,120,33.0,55,12.8,235,1
2026-05-03 18:00:00,103.1,30.0,561.0,454,19.0,10.0,102.0,153.0,0.25,120,31.5,65,10.3,234,0
2026-05-03 19:00:00,75.4,28.6,731.0,457,26.0,8.7,85.0,129.0,0.0,111,30.1,71,7.0,220,1
2026-05-03 20:00:00,88.0,27.8,816.0,459,30.1,7.8,73.0,110.0,0.0,95,29.5,73,6.1,238,0
2026-05-03 21:00:00,84.5,27.5,746.0,459,28.7,7.8,73.0,103.0,0.0,75,29.1,71,16.7,299,0
2026-05-03 22:00:00,81.3,27.2,592.0,459,24.3,8.2,78.0,101.0,0.0,74,29.0,70,9.9,285,0
2026-05-03 23:00:00,85.0,27.8,451.0,458,20.0,8.3,82.0,103.0,0.0,75,29.9,56,10.0,287,0
2026-05-04 00:00:00,94.1,28.6,350.0,457,16.5,7.8,83.0,107.0,0.0,76,30.5,47,11.2,272,0
2026-05-04 01:00:00,98.0,28.3,262.0,455,13.1,7.1,84.0,115.0,0.0,77,31.0,40,13.0,287,0
2026-05-04 02:00:00,94.3,27.3,202.0,454,10.7,6.7,83.0,123.0,0.0,78,29.9,49,10.2,314,0
2026-05-04 03:00:00,88.0,26.3,161.0,454,9.1,6.8,79.0,128.0,0.0,79,30.3,40,10.6,346,0
2026-05-04 04:00:00,90.1,26.3,148.0,455,8.4,7.1,74.0,134.0,0.0,81,29.5,42,14.3,301,0
2026-05-04 05:00:00,151.8,33.3,204.0,457,12.3,8.6,67.0,224.0,0.0,82,29.4,44,11.2,320,0
2026-05-04 06:00:00,150.4,34.1,409.0,461,18.7,10.3,61.0,243.0,0.05,84,29.0,43,11.7,317,0
2026-05-04 07:00:00,183.0,39.6,683.0,465,27.3,12.5,55.0,270.0,0.4,86,30.1,35,13.1,326,0
2026-05-04 08:00:00,204.0,48.2,822.0,467,30.9,14.3,60.0,301.0,1.55,88,32.6,27,11.0,326,0
2026-05-04 09:00:00,396.7,66.1,694.0,463,24.9,15.2,88.0,344.0,3.65,91,35.7,17,11.3,324,0
2026-05-04 10:00:00,504.8,75.0,431.0,456,13.9,15.5,129.0,390.0,6.3,95,38.7,9,14.7,320,0
2026-05-04 11:00:00,246.8,39.9,233.0,451,5.6,15.2,158.0,408.0,8.65,99,40.2,7,15.3,317,0
2026-05-04 12:00:00,178.3,31.0,181.0,449,2.7,13.7,167.0,368.0,9.85,99,41.0,7,16.5,307,0
2026-05-04 13:00:00,159.7,28.4,193.0,449,2.5,11.6,165.0,301.0,9.55,99,41.0,7,15.5,295,0
2026-05-04 14:00:00,162.1,28.2,223.0,449,3.6,10.2,160.0,265.0,7.8,98,41.2,7,15.4,277,0
2026-05-04 15:00:00,185.8,31.2,260.0,449,6.1,10.4,153.0,299.0,5.25,99,40.8,8,16.7,268,0
2026-05-04 16:00:00,244.0,44.0,316.0,451,10.1,11.3,143.0,365.0,2.75,101,39.3,14,16.4,253,0
2026-05-04 17:00:00,233.8,46.4,378.0,452,13.8,13.4,141.0,369.0,1.0,114,38.0,16,11.0,242,0
2026-05-04 18:00:00,206.8,51.0,457.0,454,18.4,12.1,126.0,344.0,0.2,125,36.0,23,11.1,241,0
2026-05-04 19:00:00,200.7,51.5,543.0,457,24.7,10.2,106.0,310.0,0.0,125,32.7,42,12.5,250,0
2026-05-04 20:00:00,204.0,52.3,591.0,459,28.2,8.8,91.0,290.0,0.0,113,31.9,45,9.0,268,0
2026-05-04 21:00:00,210.5,54.0,576.0,460,26.5,8.2,86.0,297.0,0.0,113,31.5,44,5.7,279,0
2026-05-04 22:00:00,221.2,55.1,524.0,459,22.0,8.1,86.0,317.0,0.0,115,31.0,46,6.3,283,0
2026-05-04 23:00:00,229.1,54.8,466.0,459,18.1,8.0,86.0,330.0,0.0,118,30.4,49,9.9,295,0
2026-05-05 00:00:00,229.1,53.1,408.0,459,15.8,7.7,85.0,329.0,0.0,121,30.0,49,6.9,332,0
2026-05-05 01:00:00,223.5,50.8,346.0,458,14.1,7.5,84.0,320.0,0.0,124,29.5,50,5.8,2,0
2026-05-05 02:00:00,211.4,48.0,294.0,458,12.7,7.4,83.0,306.0,0.0,127,28.8,53,7.4,296,0
2026-05-05 03:00:00,197.4,44.7,233.0,457,11.0,7.4,82.0,284.0,0.0,129,28.5,57,10.1,274,0
2026-05-05 04:00:00,179.7,41.3,184.0,457,9.7,7.5,82.0,257.0,0.0,131,28.4,59,11.4,275,0
2026-05-05 05:00:00,147.1,35.2,223.0,457,7.9,6.9,91.0,209.0,0.0,133,28.6,59,10.5,257,0
2026-05-05 06:00:00,134.6,33.9,440.0,459,14.1,8.1,85.0,195.0,0.05,133,28.6,60,9.1,255,0
2026-05-05 07:00:00,123.4,35.5,745.0,463,22.5,9.9,78.0,176.0,0.45,133,29.0,59,6.5,268,0
2026-05-05 08:00:00,125.7,37.7,953.0,465,27.1,12.3,83.0,166.0,1.6,132,30.9,53,5.1,247,0
2026-05-05 09:00:00,149.5,39.5,981.0,464,24.3,16.3,112.0,178.0,3.6,130,33.0,45,5.7,235,0
2026-05-05 10:00:00,161.1,42.1,910.0,463,17.7,20.9,152.0,200.0,6.05,125,34.5,41,6.9,219,0
2026-05-05 11:00:00,156.0,44.8,799.0,460,12.0,23.4,180.0,209.0,8.2,118,34.0,48,12.0,192,0
2026-05-05 12:00:00,137.8,44.0,632.0,457,8.6,22.1,183.0,190.0,8.95,119,33.5,50,15.2,187,0
2026-05-05 13:00:00,116.4,38.5,424.0,453,6.1,18.7,174.0,157.0,9.0,120,33.2,52,16.6,193,1
2026-05-05 14:00:00,104.5,33.3,282.0,450,5.0,15.9,160.0,132.0,7.05,121,32.5,60,16.9,200,20
2026-05-05 15:00:00,98.7,29.9,261.0,450,5.2,14.5,143.0,126.0,4.85,122,31.8,65,16.0,203,12
2026-05-05 16:00:00,100.6,29.0,306.0,451,6.7,13.6,121.0,128.0,2.35,122,31.8,67,14.5,207,8
2026-05-05 17:00:00,72.9,24.7,356.0,452,10.6,13.6,102.0,87.0,1.0,127,31.2,65,13.7,214,0
2026-05-05 18:00:00,66.8,23.9,391.0,453,19.3,13.8,84.0,76.0,0.25,125,30.1,76,11.3,222,0
2026-05-05 19:00:00,60.5,24.0,430.0,454,31.4,14.2,58.0,61.0,0.0,115,29.1,81,9.2,231,0
2026-05-05 20:00:00,55.8,27.0,471.0,456,41.5,14.8,37.0,50.0,0.0,112,28.4,88,5.9,232,2
2026-05-05 21:00:00,58.4,28.6,535.0,459,48.6,16.2,25.0,46.0,0.0,110,28.0,89,6.7,250,0
2026-05-05 22:00:00,60.1,30.5,602.0,462,53.7,17.8,17.0,46.0,0.0,107,27.6,90,5.4,276,2
2026-05-05 23:00:00,60.8,33.6,607.0,464,54.7,18.3,14.0,46.0,0.0,104,27.3,95,7.6,251,25
2026-05-06 00:00:00,60.8,34.1,486.0,462,49.1,16.4,17.0,44.0,0.0,102,27.4,93,10.7,299,66
2026-05-06 01:00:00,56.2,31.1,303.0,458,39.3,13.3,25.0,42.0,0.0,100,27.1,94,8.9,322,35
2026-05-06 02:00:00,56.2,29.0,186.0,456,30.7,11.0,31.0,43.0,0.0,98,26.9,94,5.8,346,9
2026-05-06 03:00:00,56.8,26.5,185.0,458,24.4,10.3,34.0,50.0,0.0,97,26.6,94,3.3,311,5
2026-05-06 04:00:00,60.5,25.6,250.0,461,19.4,10.4,36.0,60.0,0.0,95,26.4,95,1.1,261,7
2026-05-06 05:00:00,75.4,34.1,363.0,465,26.4,12.7,28.0,69.0,0.0,94,25.6,98,5.4,307,68
2026-05-06 06:00:00,83.6,39.1,569.0,468,27.6,14.5,30.0,78.0,0.05,94,25.4,96,4.8,329,76
2026-05-06 07:00:00,88.5,41.1,823.0,472,29.0,17.2,35.0,92.0,0.4,94,25.5,93,3.5,336,40
2026-05-06 08:00:00,95.9,36.9,967.0,473,28.5,20.1,49.0,105.0,1.5,95,27.4,79,2.1,340,1
2026-05-06 09:00:00,110.4,37.3,911.0,471,24.4,24.1,81.0,120.0,3.55,95,30.6,60,1.5,284,0
2026-05-06 10:00:00,119.0,39.2,745.0,466,18.4,28.4,122.0,135.0,6.05,94,33.3,49,5.4,217,0
2026-05-06 11:00:00,117.1,39.5,584.0,462,13.1,30.0,150.0,142.0,8.25,94,32.5,63,13.4,217,0
2026-05-06 12:00:00,109.2,36.6,455.0,458,9.4,26.8,154.0,134.0,9.45,94,32.5,61,14.0,229,0
2026-05-06 13:00:00,95.9,32.1,331.0,453,6.4,20.9,145.0,118.0,9.2,93,32.5,60,15.3,236,0
2026-05-06 14:00:00,85.0,28.3,250.0,450,4.8,16.3,132.0,104.0,7.6,92,32.2,61,16.4,241,0
2026-05-06 15:00:00,78.7,26.1,241.0,449,4.5,14.4,118.0,95.0,5.25,92,31.8,61,15.1,245,1
2026-05-06 16:00:00,74.3,24.9,275.0,450,5.6,13.8,102.0,89.0,2.9,92,31.5,60,15.2,256,0
2026-05-06 17:00:00,86.6,27.3,307.0,451,9.2,14.1,90.0,108.0,1.1,91,30.5,62,12.6,261,0
2026-05-06 18:00:00,78.5,26.5,319.0,451,14.8,13.9,75.0,95.0,0.25,92,29.8,67,11.4,237,9
2026-05-06 19:00:00,71.0,26.2,330.0,451,22.5,13.5,55.0,77.0,0.0,92,27.9,82,10.6,210,5
2026-05-06 20:00:00,62.6,27.1,343.0,452,28.2,13.2,40.0,62.0,0.0,92,27.5,84,11.2,264,25
2026-05-06 21:00:00,61.7,27.4,370.0,454,30.1,12.9,35.0,55.0,0.0,92,27.5,85,9.4,271,10
2026-05-06 22:00:00,58.3,27.0,401.0,455,30.1,12.7,34.0,52.0,0.0,92,27.2,87,7.6,277,9
2026-05-06 23:00:00,55.8,26.8,409.0,457,29.0,12.3,35.0,49.0,0.0,92,27.5,88,9.1,284,7
2026-05-07 00:00:00,53.3,26.7,375.0,458,27.1,11.7,36.0,47.0,0.0,91,27.2,89,7.7,271,2
2026-05-07 01:00:00,51.0,25.4,317.0,458,24.1,10.9,38.0,45.0,0.0,90,27.0,90,7.6,258,2
2026-05-07 02:00:00,48.9,23.5,267.0,458,21.0,10.1,41.0,43.0,0.0,90,26.9,92,8.5,265,2
2026-05-07 03:00:00,45.1,21.2,229.0,456,17.5,9.0,45.0,39.0,0.0,89,26.5,95,9.6,261,20
2026-05-07 04:00:00,41.1,19.2,197.0,453,13.8,7.9,49.0,35.0,0.0,89,26.3,96,9.4,263,16
2026-05-07 05:00:00,32.2,16.1,187.0,450,8.6,7.2,56.0,25.0,0.0,88,26.5,94,12.5,264,5
2026-05-07 06:00:00,31.1,15.9,216.0,449,9.2,8.3,58.0,27.0,0.05,87,26.6,93,12.8,266,20
2026-05-07 07:00:00,33.4,16.7,265.0,448,9.9,9.9,62.0,31.0,0.4,85,27.4,89,14.2,266,21
2026-05-07 08:00:00,40.4,17.3,296.0,448,9.9,11.4,68.0,37.0,1.5,82,28.8,78,15.1,270,40
2026-05-07 09:00:00,45.6,18.6,286.0,448,8.5,13.0,80.0,47.0,3.5,81,30.1,70,15.5,271,37
2026-05-07 10:00:00,54.0,20.3,256.0,448,6.3,14.5,96.0,60.0,6.05,79,31.2,64,15.7,269,13
2026-05-07 11:00:00,60.3,21.8,234.0,448,4.6,15.3,107.0,67.0,8.4,77,31.9,63,16.1,260,23
2026-05-07 12:00:00,64.0,22.3,228.0,448,3.8,14.9,111.0,66.0,9.7,76,32.3,61,15.8,255,5
2026-05-07 13:00:00,60.3,21.5,229.0,448,3.4,13.8,110.0,61.0,9.5,75,32.5,59,16.1,246,6
2026-05-07 14:00:00,51.3,20.0,237.0,448,3.6,12.8,107.0,54.0,7.9,74,32.1,61,16.6,239,11
2026-05-07 15:00:00,44.5,18.7,256.0,448,4.1,12.2,102.0,47.0,5.45,73,31.6,65,16.5,234,12
2026-05-07 16:00:00,40.6,18.1,282.0,448,5.2,11.8,95.0,39.0,3.0,72,31.0,68,15.7,230,7
2026-05-07 17:00:00,39.0,15.8,299.0,448,7.1,12.2,85.0,38.0,1.15,72,30.1,74,17.1,215,0
2026-05-07 18:00:00,37.0,16.1,298.0,448,10.4,11.8,76.0,34.0,0.25,71,29.5,78,16.7,213,0
2026-05-07 19:00:00,35.6,16.4,288.0,448,14.8,11.3,63.0,29.0,0.0,70,28.8,83,14.2,213,8
2026-05-07 20:00:00,33.4,16.8,282.0,448,17.9,10.8,54.0,25.0,0.0,69,28.6,85,13.9,205,5
2026-05-07 21:00:00,32.6,16.6,290.0,449,18.3,10.4,51.0,23.0,0.0,68,28.4,87,14.9,217,4
2026-05-07 22:00:00,32.1,16.7,303.0,449,17.2,9.9,52.0,23.0,0.0,67,28.2,88,10.5,241,5
2026-05-07 23:00:00,32.6,17.3,305.0,450,16.0,9.6,52.0,22.0,0.0,66,28.1,89,8.8,242,2
2026-05-08 00:00:00,32.6,17.6,285.0,450,14.8,9.4,52.0,21.0,0.0,65,28.1,88,6.5,226,6
2026-05-08 01:00:00,32.0,17.2,254.0,451,13.4,9.3,51.0,20.0,0.0,64,27.8,90,7.9,221,1
2026-05-08 02:00:00,30.5,16.7,232.0,451,12.3,9.2,51.0,19.0,0.0,64,27.5,91,8.4,222,1
2026-05-08 03:00:00,29.3,16.1,222.0,452,11.5,8.9,50.0,18.0,0.0,63,27.3,92,7.6,236,0
2026-05-08 04:00:00,28.5,15.8,221.0,453,10.9,8.6,48.0,17.0,0.0,63,27.1,93,7.3,237,1
2026-05-08 05:00:00,27.6,15.4,235.0,454,9.9,8.7,50.0,16.0,0.0,62,26.9,95,6.5,251,13
2026-05-08 06:00:00,29.4,16.2,280.0,453,11.1,10.9,52.0,18.0,0.05,62,27.0,95,7.2,245,22
2026-05-08 07:00:00,31.8,17.5,341.0,451,12.6,14.1,57.0,21.0,0.4,62,27.6,90,8.1,235,24
2026-05-08 08:00:00,34.9,17.9,378.0,450,13.1,17.0,66.0,24.0,1.45,62,28.7,83,8.6,231,18
2026-05-08 09:00:00,38.3,19.4,370.0,449,11.6,19.7,85.0,28.0,3.45,62,30.0,74,7.9,250,22
2026-05-08 10:00:00,42.8,21.7,339.0,449,9.0,22.2,110.0,31.0,6.0,62,31.3,67,8.1,225,16
2026-05-08 11:00:00,47.3,24.0,310.0,449,6.8,23.3,127.0,34.0,8.3,63,31.6,67,12.0,212,15
2026-05-08 12:00:00,48.3,24.8,290.0,449,5.4,22.1,133.0,35.0,9.55,63,32.0,65,13.6,208,7
2026-05-08 13:00:00,46.1,23.3,274.0,448,4.5,19.5,132.0,34.0,9.35,63,32.0,65,14.2,206,10
2026-05-08 14:00:00,43.2,21.1,268.0,448,4.2,17.2,127.0,34.0,7.65,63,31.9,65,14.3,205,19
2026-05-08 15:00:00,41.4,19.2,282.0,448,4.4,15.6,116.0,36.0,5.15,63,31.6,66,13.9,205,4
2026-05-08 16:00:00,40.7,18.0,306.0,448,5.3,14.3,100.0,38.0,2.75,63,31.4,68,13.3,210,3
2026-05-08 17:00:00,47.4,18.6,325.0,448,7.8,13.0,83.0,48.0,1.05,64,30.8,69,13.0,204,0
2026-05-08 18:00:00,44.1,18.1,332.0,448,13.0,13.0,72.0,42.0,0.25,64,30.0,76,12.3,202,1
2026-05-08 19:00:00,39.9,17.7,332.0,449,20.1,12.9,56.0,33.0,0.0,64,29.2,82,12.6,200,0
2026-05-08 20:00:00,35.9,18.7,329.0,449,24.9,12.6,45.0,26.0,0.0,64,28.9,85,11.7,198,15
2026-05-08 21:00:00,34.2,18.7,325.0,449,25.2,11.7,42.0,23.0,0.0,64,28.5,87,12.1,205,14
2026-05-08 22:00:00,32.2,18.0,316.0,450,23.2,10.6,44.0,21.0,0.0,64,28.4,88,13.0,204,13
2026-05-08 23:00:00,30.7,17.0,299.0,450,21.3,9.6,45.0,20.0,0.0,64,28.5,88,12.5,221,40
2026-05-09 00:00:00,30.0,16.5,262.0,450,20.1,9.0,45.0,19.0,0.0,64,28.4,88,10.5,233,40
2026-05-09 01:00:00,28.9,16.2,216.0,450,18.9,8.6,45.0,18.0,0.0,64,28.3,87,8.7,263,43
2026-05-09 02:00:00,28.1,15.8,185.0,450,18.0,8.5,44.0,17.0,0.0,64,27.8,92,8.0,260,50
2026-05-09 03:00:00,28.1,15.5,173.0,452,17.5,8.3,41.0,17.0,0.0,64,27.4,95,7.2,251,20
2026-05-09 04:00:00,28.1,15.4,177.0,454,17.3,8.3,38.0,17.0,0.0,64,27.1,97,5.9,258,25
2026-05-09 05:00:00,33.3,20.1,206.0,455,17.5,10.0,37.0,18.0,0.0,64,27.0,97,6.0,261,17
2026-05-09 06:00:00,34.0,20.9,290.0,455,18.4,12.9,40.0,20.0,0.05,64,27.1,96,4.5,277,98
2026-05-09 07:00:00,37.4,21.8,399.0,455,19.6,17.1,44.0,23.0,0.4,65,27.5,92,3.6,261,35
2026-05-09 08:00:00,39.1,20.4,461.0,454,19.1,20.6,54.0,27.0,1.5,65,28.8,82,5.3,235,6
2026-05-09 09:00:00,45.1,19.8,428.0,452,15.6,23.4,74.0,32.0,3.65,65,30.1,74,7.5,222,11
2026-05-09 10:00:00,48.2,21.7,347.0,451,10.5,25.6,98.0,37.0,6.35,65,31.0,68,10.3,218,5
2026-05-09 11:00:00,49.7,23.2,283.0,449,6.5,26.0,116.0,41.0,8.8,65,31.5,65,12.2,223,2
2026-05-09 12:00:00,49.0,22.7,260.0,448,4.7,23.4,121.0,44.0,10.1,65,32.0,63,13.4,221,5
2026-05-09 13:00:00,48.3,21.1,255.0,448,3.9,19.1,119.0,45.0,9.9,65,32.0,64,13.8,221,5
2026-05-09 14:00:00,46.9,19.4,256.0,448,3.9,15.6,114.0,46.0,8.25,65,32.0,64,14.4,224,2
2026-05-09 15:00:00,45.6,18.3,265.0,448,4.2,14.1,107.0,45.0,5.7,65,31.8,66,14.6,230,13
2026-05-09 16:00:00,43.4,17.3,281.0,449,5.2,13.4,98.0,43.0,3.1,65,31.4,67,14.2,235,10
2026-05-09 17:00:00,47.8,19.0,295.0,449,8.1,13.2,87.0,48.0,1.2,65,30.5,71,13.6,238,2
2026-05-09 18:00:00,47.1,18.6,307.0,449,13.1,13.3,76.0,44.0,0.25,65,29.8,75,12.4,242,1
2026-05-09 19:00:00,44.2,18.7,317.0,450,20.1,13.5,60.0,39.0,0.0,65,28.9,81,11.1,247,2
2026-05-09 20:00:00,42.3,20.3,320.0,450,25.4,13.7,48.0,35.0,0.0,65,28.4,86,10.1,246,8
2026-05-09 21:00:00,43.0,21.1,316.0,450,27.8,13.9,43.0,33.0,0.0,65,28.1,87,9.6,249,8
2026-05-09 22:00:00,43.4,21.8,305.0,451,28.6,14.0,42.0,33.0,0.0,65,28.0,89,9.2,247,7
2026-05-09 23:00:00,42.8,22.3,285.0,451,28.0,13.8,42.0,32.0,0.0,65,28.0,90,8.7,248,0
2026-05-10 00:00:00,40.9,21.9,248.0,451,25.3,12.9,44.0,30.0,0.0,66,27.9,90,10.1,276,2
2026-05-10 01:00:00,37.6,20.4,201.0,451,21.2,11.5,47.0,27.0,0.0,66,27.6,90,9.6,282,20
2026-05-10 02:00:00,35.0,18.9,169.0,451,17.6,10.4,49.0,24.0,0.0,67,27.5,90,9.6,284,24
2026-05-10 03:00:00,32.6,17.6,157.0,451,15.3,9.4,49.0,21.0,0.0,67,27.2,92,9.1,284,10
2026-05-10 04:00:00,30.4,16.9,160.0,451,13.5,8.5,48.0,18.0,0.0,67,27.0,93,9.1,279,34
2026-05-10 05:00:00,27.9,15.8,179.0,451,11.2,8.1,52.0,17.0,0.0,67,26.9,94,8.6,269,16
2026-05-10 06:00:00,29.0,17.1,233.0,451,11.6,10.3,56.0,27.0,0.05,67,27.0,93,8.3,272,11
2026-05-10 07:00:00,36.2,18.3,303.0,450,12.1,13.2,61.0,41.0,0.4,67,27.6,89,8.5,270,10
2026-05-10 08:00:00,54.5,22.5,344.0,450,11.8,15.7,70.0,52.0,1.65,66,29.0,80,9.0,265,11
2026-05-10 09:00:00,47.3,19.8,325.0,449,9.9,17.2,85.0,55.0,3.95,67,30.2,73,10.5,243,10
2026-05-10 10:00:00,51.8,21.4,275.0,449,7.2,18.2,102.0,55.0,6.8,67,31.0,69,12.7,238,16
2026-05-10 11:00:00,55.8,22.9,237.0,448,5.1,18.4,115.0,55.0,9.2,67,31.5,67,13.3,238,13
2026-05-10 12:00:00,59.5,23.6,226.0,448,4.0,17.2,119.0,59.0,10.45,66,32.3,61,14.4,238,2
2026-05-10 13:00:00,61.7,23.7,225.0,448,3.6,15.2,117.0,64.0,10.15,67,32.5,61,15.3,236,2
2026-05-10 14:00:00,60.8,23.1,233.0,448,3.8,13.6,113.0,66.0,8.45,67,32.4,61,15.9,235,1
2026-05-10 15:00:00,57.9,21.8,250.0,448,4.4,12.8,106.0,64.0,5.8,67,32.0,64,16.0,239,1
2026-05-10 16:00:00,53.3,20.0,274.0,449,5.6,12.4,96.0,59.0,3.15,67,31.6,66,15.5,245,0
2026-05-10 17:00:00,48.8,18.4,297.0,449,8.4,12.3,85.0,53.0,1.25,68,30.9,68,13.2,246,0
2026-05-10 18:00:00,45.1,17.6,312.0,449,14.3,12.4,71.0,46.0,0.25,68,30.2,72,11.7,250,0
2026-05-10 19:00:00,41.0,17.9,326.0,450,21.7,12.8,56.0,38.0,0.0,68,29.5,78,10.1,253,0
2026-05-10 20:00:00,39.3,19.6,346.0,451,26.8,13.1,46.0,32.0,0.0,67,29.0,82,9.1,252,0
2026-05-10 21:00:00,39.9,20.4,390.0,453,27.9,13.2,43.0,29.0,0.0,67,28.5,84,9.5,251,0
2026-05-10 22:00:00,39.6,20.7,440.0,456,26.8,13.2,45.0,28.0,0.0,67,28.2,87,8.4,259,0
2026-05-10 23:00:00,38.3,20.4,450.0,457,24.8,12.9,47.0,27.0,0.0,67,28.1,89,8.6,268,0
2026-05-11 00:00:00,36.2,19.4,383.0,456,21.8,12.0,50.0,25.0,0.0,67,28.1,89,9.6,274,2
2026-05-11 01:00:00,33.8,18.2,277.0,454,17.9,10.8,53.0,22.0,0.0,67,27.8,91,8.1,276,4
2026-05-11 02:00:00,31.9,17.2,197.0,453,14.6,9.7,56.0,21.0,0.0,67,27.5,93,8.5,269,3
2026-05-11 03:00:00,31.3,16.6,169.0,453,12.5,8.8,57.0,20.0,0.0,67,27.2,94,8.7,265,3
2026-05-11 04:00:00,31.4,16.4,169.0,453,11.0,8.0,57.0,19.0,0.0,66,27.1,94,7.4,263,10
2026-05-11 05:00:00,31.8,17.1,187.0,453,11.4,8.0,55.0,22.0,0.0,66,26.9,95,7.7,259,30
2026-05-11 06:00:00,33.3,17.2,239.0,452,12.1,9.7,59.0,27.0,0.05,66,27.0,95,8.7,253,35
2026-05-11 07:00:00,37.0,18.3,309.0,451,13.0,12.0,64.0,34.0,0.4,67,27.9,89,9.3,238,16
2026-05-11 08:00:00,45.3,19.6,350.0,450,12.9,14.0,73.0,41.0,1.5,67,29.0,81,10.2,240,30
2026-05-11 09:00:00,50.6,21.2,330.0,450,10.7,15.4,88.0,46.0,3.55,66,30.2,73,12.0,235,38
2026-05-11 10:00:00,54.1,23.0,279.0,449,7.5,16.5,106.0,50.0,6.25,66,31.0,70,13.4,233,23
2026-05-11 11:00:00,55.9,23.7,240.0,449,5.0,16.9,119.0,53.0,8.55,67,31.8,67,14.8,239,30
2026-05-11 12:00:00,55.2,23.2,229.0,449,3.8,16.2,122.0,54.0,9.75,67,32.5,63,15.6,237,41
2026-05-11 13:00:00,54.7,22.7,229.0,448,3.4,14.8,121.0,54.0,9.45,67,32.8,63,15.6,236,15
2026-05-11 14:00:00,53.8,22.4,239.0,448,3.7,13.9,117.0,53.0,7.7,66,32.8,62,14.3,237,4
2026-05-11 15:00:00,53.4,22.3,261.0,448,4.2,14.1,114.0,52.0,5.25,66,32.8,63,14.3,236,14
2026-05-11 16:00:00,52.4,22.1,292.0,449,5.5,14.8,109.0,51.0,2.8,66,32.3,66,13.5,239,3
2026-05-11 17:00:00,51.1,21.9,318.0,449,9.1,16.4,102.0,49.0,1.05,67,31.4,70,12.8,236,2
2026-05-11 18:00:00,46.2,21.0,334.0,450,16.7,16.7,85.0,42.0,0.25,67,30.4,75,11.0,242,0
2026-05-11 19:00:00,41.1,20.5,346.0,450,27.2,17.0,63.0,31.0,0.0,67,29.5,79,8.3,243,1
2026-05-11 20:00:00,37.6,22.2,356.0,451,35.0,17.1,45.0,23.0,0.0,67,29.0,83,8.3,228,1
2026-05-11 21:00:00,36.0,22.4,372.0,452,37.9,16.7,38.0,19.0,0.0,68,28.7,86,8.6,202,1
2026-05-11 22:00:00,34.5,22.5,387.0,453,38.0,16.0,36.0,18.0,0.0,68,28.5,86,8.8,200,0
2026-05-11 23:00:00,33.8,21.8,383.0,453,36.3,15.0,36.0,17.0,0.0,68,28.5,88,7.9,229,23
2026-05-12 00:00:00,32.1,20.3,346.0,453,32.2,13.3,39.0,16.0,0.0,68,28.4,88,7.7,231,13
2026-05-12 01:00:00,30.4,18.7,291.0,452,26.2,11.3,43.0,16.0,0.0,68,28.2,90,7.4,227,12
2026-05-12 02:00:00,29.3,17.6,246.0,452,21.3,9.8,47.0,16.0,0.0,68,28.0,92,6.0,219,11
2026-05-12 03:00:00,30.6,17.5,215.0,452,18.5,8.9,47.0,17.0,0.0,68,27.8,93,7.3,213,13
2026-05-12 04:00:00,31.8,17.4,195.0,451,16.7,8.6,47.0,18.0,0.0,68,27.7,93,8.9,220,17
2026-05-12 05:00:00,27.8,17.0,200.0,451,16.9,9.6,45.0,14.0,0.0,68,28.0,92,9.0,209,16
2026-05-12 06:00:00,29.6,16.2,256.0,451,16.3,12.0,50.0,22.0,0.05,68,28.0,92,8.7,214,17
2026-05-12 07:00:00,36.1,16.6,338.0,451,15.4,15.3,58.0,33.0,0.4,68,28.6,88,9.7,230,16
2026-05-12 08:00:00,44.8,17.9,387.0,451,14.0,18.1,70.0,44.0,1.45,68,29.7,80,7.8,238,13
2026-05-12 09:00:00,53.2,20.1,370.0,451,11.5,20.1,89.0,55.0,3.5,68,31.0,72,8.4,233,2
2026-05-12 10:00:00,62.2,22.8,320.0,450,8.5,21.6,112.0,66.0,6.05,68,32.2,67,9.5,226,0
2026-05-12 11:00:00,68.9,25.3,281.0,450,6.2,22.3,129.0,77.0,8.3,68,33.8,57,9.5,224,0
2026-05-12 12:00:00,73.6,26.3,266.0,450,5.0,21.9,138.0,87.0,9.55,68,34.4,54,10.3,221,0
2026-05-12 13:00:00,77.5,27.0,261.0,450,4.5,20.8,141.0,98.0,9.3,68,34.9,51,10.8,216,0
2026-05-12 14:00:00,88.7,28.7,271.0,450,4.8,19.7,141.0,110.0,7.7,69,34.8,52,12.0,213,0
2026-05-12 15:00:00,102.9,31.1,302.0,450,5.7,19.1,137.0,130.0,5.2,69,34.2,53,12.5,213,0
2026-05-12 16:00:00,114.8,32.9,348.0,451,7.4,18.6,129.0,153.0,2.8,70,33.3,56,12.0,213,22
2026-05-12 17:00:00,119.0,33.8,387.0,452,11.2,18.0,117.0,159.0,1.05,83,33.5,57,10.3,221,19
2026-05-12 18:00:00,110.4,32.7,415.0,453,18.9,17.0,97.0,137.0,0.25,89,32.0,62,9.8,223,51
2026-05-12 19:00:00,88.7,30.4,436.0,454,28.6,15.9,72.0,99.0,0.0,85,30.7,71,7.0,190,88
2026-05-12 20:00:00,66.8,28.9,449.0,455,35.6,15.0,54.0,67.0,0.0,74,30.0,79,9.1,198,75
2026-05-12 21:00:00,56.6,27.6,444.0,455,38.0,14.6,46.0,49.0,0.0,75,29.6,82,8.4,236,58
2026-05-12 22:00:00,49.1,27.0,430.0,455,37.7,14.3,45.0,37.0,0.0,75,29.4,82,7.1,240,10
2026-05-12 23:00:00,42.6,24.7,432.0,456,35.7,13.8,46.0,28.0,0.0,75,29.4,81,8.4,263,5
2026-05-13 00:00:00,36.2,22.1,467.0,459,31.4,12.4,49.0,23.0,0.0,76,29.1,81,6.6,323,6
2026-05-13 01:00:00,33.6,20.4,519.0,463,25.5,10.7,55.0,21.0,0.0,76,28.8,82,4.6,347,0
2026-05-13 02:00:00,35.7,20.8,559.0,467,21.0,9.7,59.0,21.0,0.0,76,28.4,84,2.7,340,0
2026-05-13 03:00:00,40.5,22.5,575.0,472,19.4,9.8,59.0,22.0,0.0,76,28.1,85,2.4,216,0
2026-05-13 04:00:00,42.8,23.2,580.0,476,19.3,10.6,56.0,25.0,0.0,77,27.6,88,4.9,231,0
2026-05-13 05:00:00,75.9,39.7,589.0,478,34.5,11.1,29.0,62.0,0.0,77,27.5,93,4.7,230,0
2026-05-13 06:00:00,61.9,34.5,626.0,474,33.5,11.6,38.0,45.0,0.05,79,27.3,93,5.6,245,0
2026-05-13 07:00:00,51.3,31.7,667.0,468,31.7,12.3,51.0,25.0,0.45,81,28.5,86,4.0,249,0
2026-05-13 08:00:00,54.5,30.9,659.0,462,28.3,12.4,69.0,32.0,1.65,82,30.8,70,5.3,232,0
2026-05-13 09:00:00,79.9,34.1,554.0,458,21.6,11.4,97.0,100.0,3.6,83,32.7,58,7.2,233,0
2026-05-13 10:00:00,137.4,45.8,399.0,454,13.2,9.7,129.0,194.0,5.9,85,34.2,53,8.7,236,0
2026-05-13 11:00:00,194.2,59.8,282.0,452,6.9,8.1,149.0,247.0,7.9,87,35.7,45,13.1,257,0
2026-05-13 12:00:00,200.2,63.8,241.0,451,4.4,6.7,148.0,217.0,9.2,90,36.2,39,17.3,266,0
2026-05-13 13:00:00,153.2,53.9,239.0,451,4.1,5.4,136.0,146.0,9.25,93,36.3,38,19.8,272,0
2026-05-13 14:00:00,83.8,34.8,246.0,451,4.6,4.5,123.0,84.0,7.95,95,36.6,35,20.5,271,0
2026-05-13 15:00:00,38.5,20.1,254.0,451,5.7,4.2,112.0,49.0,5.65,96,36.3,36,19.9,266,0
2026-05-13 16:00:00,26.8,16.4,273.0,451,7.7,4.3,101.0,23.0,3.1,95,35.3,39,20.4,265,0
2026-05-13 17:00:00,27.8,15.5,299.0,451,9.5,4.1,91.0,12.0,1.25,94,34.6,42,22.4,266,0
2026-05-13 18:00:00,22.9,15.0,343.0,452,12.5,4.3,84.0,10.0,0.3,92,33.3,46,19.5,266,0
2026-05-13 19:00:00,22.5,15.2,395.0,454,16.6,4.6,73.0,6.0,0.0,90,32.2,50,16.8,275,0
2026-05-13 20:00:00,23.5,15.5,424.0,455,19.1,4.9,66.0,4.0,0.0,89,31.8,51,14.1,286,0
2026-05-13 21:00:00,24.6,15.8,415.0,455,18.8,5.1,64.0,4.0,0.0,88,31.4,53,15.2,284,0
2026-05-13 22:00:00,26.1,16.6,382.0,455,17.0,5.1,64.0,5.0,0.0,87,30.9,56,15.3,282,0
2026-05-13 23:00:00,28.1,17.7,340.0,455,14.9,5.1,65.0,6.0,0.0,86,30.8,58,13.9,283,0
2026-05-14 00:00:00,29.7,18.5,285.0,454,12.9,4.8,65.0,6.0,0.0,85,30.2,60,13.2,273,0
2026-05-14 01:00:00,31.1,19.0,220.0,452,10.7,4.5,65.0,6.0,0.0,85,29.6,66,11.9,266,0
2026-05-14 02:00:00,30.3,18.5,172.0,451,8.8,4.2,64.0,6.0,0.0,85,29.0,71,11.7,268,0
2026-05-14 03:00:00,22.4,13.7,150.0,451,7.4,4.2,62.0,5.0,0.0,85,28.6,75,13.2,274,0
2026-05-14 04:00:00,15.3,9.7,145.0,451,6.4,4.2,60.0,3.0,0.0,84,28.5,78,14.1,273,0
2026-05-14 05:00:00,13.6,8.2,158.0,451,5.5,4.0,60.0,4.0,0.0,83,28.2,84,14.0,270,0
2026-05-14 06:00:00,12.3,7.8,204.0,451,6.9,4.5,59.0,4.0,0.05,80,27.9,87,15.0,267,0
2026-05-14 07:00:00,13.0,8.6,268.0,450,8.6,5.1,58.0,3.0,0.55,77,28.5,86,15.7,257,1
2026-05-14 08:00:00,17.8,11.3,305.0,450,9.4,5.5,61.0,3.0,1.95,75,29.6,79,17.4,253,1
2026-05-14 09:00:00,20.5,12.6,286.0,449,8.1,5.5,71.0,4.0,4.45,74,30.6,73,18.4,250,5
2026-05-14 10:00:00,21.7,13.1,239.0,449,5.9,5.3,83.0,5.0,7.5,72,31.5,69,18.9,249,17
2026-05-14 11:00:00,21.8,12.9,203.0,448,4.1,5.0,92.0,6.0,10.2,69,32.3,64,20.1,254,29
2026-05-14 12:00:00,21.4,13.0,192.0,448,3.4,4.7,93.0,6.0,11.7,65,32.5,62,20.6,256,38
2026-05-14 13:00:00,20.8,12.5,192.0,447,3.2,4.4,90.0,6.0,11.5,60,32.8,62,19.8,254,33
2026-05-14 14:00:00,21.2,12.5,198.0,447,3.4,4.2,85.0,6.0,9.6,57,32.7,62,19.2,253,5
2026-05-14 15:00:00,21.9,12.7,215.0,447,3.9,4.1,79.0,7.0,6.7,55,32.3,63,18.6,250,15
2026-05-14 16:00:00,22.9,12.9,238.0,447,4.8,4.1,71.0,8.0,3.7,54,31.6,67,18.2,250,9
2026-05-14 17:00:00,34.1,15.9,251.0,447,6.3,4.2,65.0,22.0,1.45,54,31.0,69,18.0,249,8
2026-05-14 18:00:00,32.2,15.6,245.0,447,8.7,4.4,58.0,20.0,0.3,54,29.8,75,18.1,247,26
2026-05-14 19:00:00,30.9,15.4,230.0,447,11.9,4.6,49.0,17.0,0.0,54,29.1,78,17.3,246,16
2026-05-14 20:00:00,22.8,11.5,215.0,447,14.0,4.8,42.0,14.0,0.0,54,28.9,78,16.9,243,32
2026-05-14 21:00:00,21.2,11.1,206.0,446,14.2,4.9,40.0,13.0,0.0,53,28.6,80,16.3,238,28
2026-05-14 22:00:00,20.9,11.0,198.0,446,13.4,5.0,39.0,12.0,0.0,53,28.5,81,15.9,237,38
2026-05-14 23:00:00,20.9,10.8,187.0,445,12.1,4.9,40.0,12.0,0.0,52,28.7,82,14.2,237,85
2026-05-15 00:00:00,21.2,10.4,170.0,445,10.2,4.6,41.0,13.0,0.0,52,28.6,82,13.6,235,71
2026-05-15 01:00:00,20.9,9.8,150.0,445,7.9,4.1,43.0,14.0,0.0,51,28.4,84,14.8,236,59
2026-05-15 02:00:00,21.3,9.5,137.0,445,6.1,3.8,45.0,15.0,0.0,50,28.2,85,14.5,234,42
2026-05-15 03:00:00,21.8,9.3,133.0,446,5.2,3.7,46.0,16.0,0.0,49,28.2,85,14.7,233,35
2026-05-15 04:00:00,22.6,9.2,136.0,446,4.8,3.8,46.0,17.0,0.0,48,28.2,85,16.0,239,40
2026-05-15 05:00:00,24.3,9.9,149.0,447,4.9,3.7,52.0,21.0,0.0,48,28.5,80,15.4,243,30
2026-05-15 06:00:00,24.7,9.9,180.0,447,5.6,3.9,52.0,25.0,0.05,48,28.3,80,14.2,248,29
2026-05-15 07:00:00,32.2,12.4,221.0,446,6.5,4.2,52.0,30.0,0.45,49,28.9,76,17.5,258,35
2026-05-15 08:00:00,37.4,14.2,245.0,446,6.8,4.4,55.0,34.0,1.6,50,29.9,68,16.2,257,36
2026-05-15 09:00:00,37.7,14.4,235.0,446,5.9,4.5,62.0,36.0,3.65,50,30.9,63,18.7,253,43
2026-05-15 10:00:00,38.4,14.5,208.0,445,4.3,4.5,72.0,36.0,6.5,50,31.8,60,17.7,250,43
2026-05-15 11:00:00,38.3,14.7,188.0,445,3.1,4.5,79.0,36.0,8.85,50,32.4,58,17.4,250,72
2026-05-15 12:00:00,36.7,14.5,185.0,445,2.7,4.4,81.0,34.0,10.45,50,32.8,56,17.3,250,49
2026-05-15 13:00:00,34.7,14.1,189.0,445,2.6,4.3,81.0,30.0,10.65,51,32.9,58,17.3,247,40
2026-05-15 14:00:00,33.5,13.7,198.0,445,2.9,4.3,79.0,28.0,9.05,51,32.8,59,16.9,248,48
2026-05-15 15:00:00,34.3,13.6,215.0,445,3.6,4.4,75.0,30.0,6.25,51,32.5,62,16.4,245,26
2026-05-15 16:00:00,36.1,13.8,237.0,445,4.6,4.5,69.0,34.0,3.4,51,32.0,64,16.1,248,42
2026-05-15 17:00:00,28.6,11.9,253.0,445,6.5,4.8,65.0,24.0,1.35,51,31.5,66,15.3,245,0
2026-05-15 18:00:00,31.1,12.7,260.0,445,9.1,5.0,57.0,22.0,0.3,51,30.4,72,14.5,245,1
2026-05-15 19:00:00,30.7,13.4,261.0,446,12.7,5.3,47.0,20.0,0.0,50,29.5,79,13.4,246,2
2026-05-15 20:00:00,27.1,12.9,257.0,446,15.4,5.5,39.0,18.0,0.0,50,29.0,83,12.1,245,3
2026-05-15 21:00:00,23.4,11.6,246.0,446,16.6,5.7,36.0,16.0,0.0,50,28.7,84,11.3,245,3
2026-05-15 22:00:00,22.1,11.4,230.0,446,16.9,5.9,36.0,14.0,0.0,50,28.5,85,11.7,241,9
2026-05-15 23:00:00,21.1,11.0,212.0,446,16.2,5.9,37.0,13.0,0.0,50,28.7,83,12.8,239,33
2026-05-16 00:00:00,19.7,10.1,192.0,446,13.8,5.5,40.0,12.0,0.0,50,28.5,84,13.7,238,19
2026-05-16 01:00:00,19.2,9.3,171.0,446,10.3,4.8,44.0,13.0,0.0,50,28.2,85,12.6,245,26
2026-05-16 02:00:00,19.6,9.1,157.0,446,7.6,4.4,48.0,14.0,0.0,50,28.0,86,10.9,251,41
2026-05-16 03:00:00,22.4,9.5,149.0,446,6.6,4.4,49.0,16.0,0.0,50,27.9,86,10.6,252,40
2026-05-16 04:00:00,25.6,10.2,148.0,447,6.3,4.6,50.0,20.0,0.0,50,27.8,86,9.1,255,34
2026-05-16 05:00:00,28.2,11.4,161.0,447,6.9,5.3,51.0,26.0,0.0,50,27.7,86,9.6,257,31
2026-05-16 06:00:00,30.6,12.4,205.0,447,7.5,5.6,53.0,34.0,0.05,51,27.6,86,9.0,258,4
2026-05-16 07:00:00,44.4,15.7,263.0,447,8.2,6.1,57.0,45.0,0.5,51,28.5,79,8.8,270,7
2026-05-16 08:00:00,51.1,17.5,297.0,447,8.3,6.4,63.0,54.0,1.75,51,29.7,71,9.8,264,23
2026-05-16 09:00:00,55.9,19.2,283.0,447,7.1,6.5,75.0,60.0,3.95,51,31.0,65,10.8,255,20
2026-05-16 10:00:00,59.4,20.7,244.0,446,5.4,6.4,91.0,64.0,6.75,52,31.8,61,11.8,247,20
2026-05-16 11:00:00,62.9,22.1,215.0,446,4.0,6.2,102.0,68.0,9.4,52,32.8,58,12.8,242,26
2026-05-16 12:00:00,65.4,22.6,208.0,446,3.4,5.9,106.0,73.0,10.8,53,33.0,57,14.2,243,1
2026-05-16 13:00:00,67.5,23.0,212.0,445,3.2,5.4,105.0,77.0,10.55,54,33.3,55,13.4,241,0
2026-05-16 14:00:00,70.5,23.5,221.0,445,3.5,5.1,102.0,82.0,8.7,55,33.2,55,13.9,237,0
2026-05-16 15:00:00,73.8,24.0,239.0,445,4.1,5.0,96.0,88.0,6.0,55,32.6,57,14.3,236,0
2026-05-16 16:00:00,77.5,24.7,264.0,446,5.3,5.0,87.0,93.0,3.25,56,31.8,61,14.4,236,0
2026-05-16 17:00:00,86.6,27.0,282.0,446,8.0,5.6,86.0,106.0,1.3,57,31.2,63,13.1,234,0
2026-05-16 18:00:00,87.3,27.1,290.0,446,11.1,5.7,74.0,102.0,0.3,59,30.0,69,12.6,236,0
2026-05-16 19:00:00,82.7,26.5,291.0,447,15.3,5.8,57.0,95.0,0.0,60,28.9,76,11.5,241,0
2026-05-16 20:00:00,75.7,25.0,285.0,447,19.0,6.0,44.0,88.0,0.0,61,28.5,80,10.4,250,0
2026-05-16 21:00:00,66.6,23.2,268.0,447,21.9,6.4,37.0,80.0,0.0,62,28.2,83,9.3,262,6
2026-05-16 22:00:00,61.2,22.9,242.0,447,24.1,6.9,32.0,71.0,0.0,63,28.0,84,9.9,268,21
2026-05-16 23:00:00,59.5,22.5,216.0,447,24.3,7.0,31.0,64.0,0.0,64,28.1,85,11.2,275,18
2026-05-17 00:00:00,57.3,21.5,189.0,447,21.0,6.4,34.0,61.0,0.0,65,27.8,87,11.9,273,20
2026-05-17 01:00:00,56.1,20.4,161.0,446,15.5,5.5,39.0,61.0,0.0,66,27.4,89,11.5,279,30
2026-05-17 02:00:00,54.4,19.2,142.0,446,11.0,4.8,44.0,61.0,0.0,67,27.2,88,11.9,281,37
2026-05-17 03:00:00,52.2,18.3,136.0,446,8.4,4.4,47.0,59.0,0.0,68,27.0,88,11.7,281,30
2026-05-17 04:00:00,51.9,17.8,139.0,447,6.7,4.1,49.0,57.0,0.0,69,27.0,87,12.0,279,30
2026-05-17 05:00:00,54.5,18.1,150.0,447,5.4,4.0,52.0,63.0,0.0,70,27.1,88,12.7,282,41
2026-05-17 06:00:00,51.0,17.8,176.0,447,5.9,4.5,53.0,69.0,0.05,70,27.0,88,11.7,283,18
2026-05-17 07:00:00,60.3,19.5,211.0,447,6.6,5.2,56.0,78.0,0.55,71,27.6,82,12.4,284,1
2026-05-17 08:00:00,72.6,22.2,231.0,447,6.8,5.8,62.0,87.0,1.9,71,28.9,74,12.3,282,2
2026-05-17 09:00:00,78.7,24.9,224.0,447,5.9,6.1,75.0,95.0,4.3,71,30.5,64,12.5,277,0
2026-05-17 10:00:00,86.4,27.1,202.0,446,4.5,6.3,92.0,103.0,7.15,72,32.0,56,13.1,268,0
2026-05-17 11:00:00,88.9,27.9,186.0,446,3.4,6.3,104.0,108.0,9.65,72,33.3,44,13.5,262,0
2026-05-17 12:00:00,89.6,27.3,182.0,446,2.9,6.0,107.0,108.0,11.0,73,33.7,45,14.5,256,1
2026-05-17 13:00:00,85.0,25.9,184.0,447,2.7,5.5,105.0,104.0,10.65,73,33.9,44,14.7,253,1
2026-05-17 14:00:00,80.6,24.8,188.0,447,2.9,5.2,101.0,99.0,8.75,74,33.8,45,15.2,251,0
2026-05-17 15:00:00,76.4,23.7,198.0,447,3.4,5.1,95.0,91.0,6.05,74,33.2,46,15.4,253,0
2026-05-17 16:00:00,71.7,22.9,210.0,446,4.3,5.2,88.0,81.0,3.35,74,32.2,52,15.3,254,0
2026-05-17 17:00:00,86.1,26.0,217.0,446,5.7,5.3,82.0,106.0,1.35,74,31.1,63,15.1,262,0
2026-05-17 18:00:00,77.8,25.6,213.0,446,7.8,5.3,72.0,92.0,0.3,73,29.6,71,14.6,261,0
2026-05-17 19:00:00,70.1,25.7,203.0,446,10.6,5.4,58.0,74.0,0.0,73,28.4,79,13.6,262,7
2026-05-17 20:00:00,60.3,23.4,192.0,446,12.6,5.4,47.0,59.0,0.0,73,28.0,81,13.4,263,9
2026-05-17 21:00:00,54.0,22.2,182.0,446,13.1,5.5,43.0,53.0,0.0,73,27.9,82,14.1,264,13
2026-05-17 22:00:00,54.1,22.5,172.0,446,12.7,5.5,43.0,52.0,0.0,73,27.7,83,14.3,266,16
2026-05-17 23:00:00,54.4,22.7,162.0,446,11.7,5.4,44.0,51.0,0.0,73,28.0,80,14.6,269,44
2026-05-18 00:00:00,53.2,22.3,151.0,446,9.9,5.0,46.0,50.0,0.0,73,27.7,83,13.7,271,50
2026-05-18 01:00:00,51.7,21.5,140.0,445,7.5,4.3,49.0,49.0,0.0,73,27.4,85,13.9,270,38
2026-05-18 02:00:00,51.2,20.7,133.0,445,5.7,3.9,52.0,49.0,0.0,73,27.2,86,13.9,272,37
2026-05-18 03:00:00,50.5,20.0,129.0,445,4.8,3.8,54.0,48.0,0.0,73,27.1,87,13.3,272,44
2026-05-18 04:00:00,49.0,19.4,130.0,446,4.3,3.9,55.0,48.0,0.0,73,27.0,86,13.3,272,44
2026-05-18 05:00:00,46.6,18.4,140.0,446,4.2,3.5,55.0,47.0,0.0,74,27.0,85,14.1,274,42
2026-05-18 06:00:00,46.7,18.7,170.0,446,5.1,3.9,56.0,51.0,0.05,74,27.1,82,14.6,273,52
2026-05-18 07:00:00,55.2,20.5,210.0,446,6.3,4.5,57.0,58.0,0.55,74,27.9,76,17.0,275,30
2026-05-18 08:00:00,63.8,24.2,234.0,446,6.8,4.9,61.0,63.0,1.9,74,28.8,71,18.0,278,24
2026-05-18 09:00:00,66.6,25.3,228.0,446,6.0,5.1,69.0,67.0,4.3,74,30.0,65,18.4,276,16
2026-05-18 10:00:00,69.2,26.1,207.0,445,4.5,5.1,80.0,70.0,7.15,74,31.0,61,17.5,271,5
2026-05-18 11:00:00,70.1,26.2,191.0,445,3.4,5.0,87.0,72.0,9.65,74,32.0,58,18.4,267,8
2026-05-18 12:00:00,68.2,25.6,187.0,445,2.9,4.8,88.0,71.0,11.0,74,32.2,57,19.1,259,2
2026-05-18 13:00:00,66.4,24.9,187.0,445,2.7,4.5,86.0,69.0,10.8,74,32.2,56,19.6,255,0
2026-05-18 14:00:00,65.7,24.7,192.0,445,2.9,4.3,83.0,66.0,9.0,74,32.1,59,19.6,251,5
2026-05-18 15:00:00,64.5,24.6,206.0,445,3.4,4.3,78.0,63.0,6.25,74,31.7,62,19.7,246,2
2026-05-18 16:00:00,62.9,24.4,224.0,445,4.3,4.3,72.0,59.0,3.45,74,31.2,64,19.8,248,4
2026-05-18 17:00:00,61.9,24.7,235.0,445,6.0,4.4,66.0,57.0,1.4,74,30.8,66,18.9,254,1
2026-05-18 18:00:00,60.5,24.6,233.0,445,8.0,4.5,60.0,52.0,0.3,74,29.6,72,18.4,254,5
2026-05-18 19:00:00,56.8,24.3,224.0,446,10.7,4.8,52.0,46.0,0.0,74,28.8,77,17.6,250,27
2026-05-18 20:00:00,48.4,21.0,213.0,446,12.6,4.9,46.0,41.0,0.0,73,28.5,79,16.9,248,8
2026-05-18 21:00:00,43.8,18.7,203.0,446,12.9,5.0,44.0,39.0,0.0,73,28.5,79,17.9,252,23
2026-05-18 22:00:00,41.4,17.8,191.0,446,12.4,5.0,45.0,38.0,0.0,73,28.5,80,17.0,254,30
2026-05-18 23:00:00,40.9,17.4,179.0,446,11.4,4.9,46.0,37.0,0.0,72,28.5,80,16.4,255,24
2026-05-19 00:00:00,40.0,16.8,164.0,446,9.7,4.6,48.0,37.0,0.0,72,28.4,81,17.3,259,27
2026-05-19 01:00:00,39.5,16.2,149.0,446,7.5,4.1,51.0,37.0,0.0,71,28.2,83,15.1,261,31
2026-05-19 02:00:00,39.6,15.9,139.0,446,5.8,3.8,53.0,38.0,0.0,71,28.2,82,15.6,264,19
2026-05-19 03:00:00,39.9,15.8,134.0,446,5.0,3.7,54.0,38.0,0.0,71,28.2,81,15.9,260,38
2026-05-19 04:00:00,40.0,15.7,134.0,446,4.6,3.8,54.0,38.0,0.0,70,28.2,82,16.6,261,25
2026-05-19 05:00:00,39.6,16.1,144.0,446,4.5,3.7,57.0,38.0,0.0,70,28.3,82,16.8,264,31
2026-05-19 06:00:00,39.8,16.2,173.0,446,5.2,3.9,58.0,45.0,0.05,70,28.3,82,17.2,264,32
2026-05-19 07:00:00,48.5,19.3,211.0,445,6.2,4.2,59.0,54.0,0.45,69,29.0,79,19.7,265,30
2026-05-19 08:00:00,60.5,22.2,235.0,445,6.6,4.5,62.0,62.0,1.65,69,30.0,72,21.3,268,38
2026-05-19 09:00:00,65.4,23.5,229.0,445,5.8,4.7,70.0,67.0,4.05,69,31.0,67,21.2,269,20
2026-05-19 10:00:00,63.8,23.1,207.0,445,4.5,4.8,80.0,71.0,6.85,69,31.9,66,20.2,266,2
2026-05-19 11:00:00,67.5,23.7,192.0,445,3.5,4.9,87.0,73.0,9.3,69,32.8,63,19.6,259,0
2026-05-19 12:00:00,70.8,24.4,190.0,445,3.1,4.8,90.0,75.0,10.55,69,33.0,63,19.5,253,0
2026-05-19 13:00:00,71.0,24.8,194.0,445,3.0,4.7,91.0,75.0,10.3,68,33.1,63,19.6,248,0
2026-05-19 14:00:00,67.8,24.5,204.0,445,3.3,4.6,89.0,73.0,8.65,68,32.9,65,19.2,243,1
2026-05-19 15:00:00,64.7,24.1,224.0,445,4.1,4.6,84.0,67.0,6.05,68,32.5,67,18.6,239,1
2026-05-19 16:00:00,59.5,23.1,249.0,446,5.2,4.6,76.0,58.0,3.35,68,31.9,71,17.7,237,0
2026-05-19 17:00:00,58.7,22.8,264.0,446,6.8,4.7,70.0,57.0,1.4,68,31.5,70,17.1,236,0
2026-05-19 18:00:00,49.8,21.4,259.0,446,9.1,4.9,62.0,48.0,0.3,68,30.4,76,16.1,233,0
2026-05-19 19:00:00,42.7,20.4,245.0,446,12.2,5.2,52.0,35.0,0.0,68,29.5,82,14.7,235,0
2026-05-19 20:00:00,34.3,16.6,231.0,446,14.4,5.4,44.0,25.0,0.0,67,29.0,86,12.6,245,2
2026-05-19 21:00:00,31.4,16.2,225.0,446,15.1,5.5,41.0,22.0,0.0,67,28.9,87,10.1,254,5
2026-05-19 22:00:00,31.9,16.4,220.0,447,14.8,5.6,42.0,22.0,0.0,67,28.6,87,9.9,266,13
2026-05-19 23:00:00,33.2,16.8,210.0,447,13.9,5.5,43.0,23.0,0.0,67,28.9,87,10.7,258,6
2026-05-20 00:00:00,34.0,16.8,190.0,447,12.0,5.1,45.0,24.0,0.0,67,28.5,90,11.2,258,16
2026-05-20 01:00:00,34.0,16.4,166.0,447,9.5,4.6,49.0,25.0,0.0,67,28.2,91,11.8,261,19
2026-05-20 02:00:00,34.2,16.2,149.0,447,7.5,4.3,52.0,27.0,0.0,67,28.0,92,12.1,269,16
2026-05-20 03:00:00,36.0,16.5,141.0,447,6.5,4.2,54.0,29.0,0.0,67,27.8,93,11.3,270,23
2026-05-20 04:00:00,38.4,16.9,139.0,447,6.0,4.3,56.0,32.0,0.0,67,27.6,93,12.1,266,13
2026-05-20 05:00:00,37.3,16.7,152.0,447,5.9,4.4,58.0,32.0,0.0,67,27.9,90,13.0,256,18
2026-05-20 06:00:00,38.1,17.1,193.0,447,6.8,4.7,61.0,37.0,0.05,67,27.8,89,14.0,254,17
2026-05-20 07:00:00,48.0,19.3,249.0,446,8.0,5.1,65.0,45.0,0.5,67,28.5,82,16.0,255,11
2026-05-20 08:00:00,56.2,22.5,282.0,446,8.5,5.5,72.0,53.0,1.85,67,29.5,75,15.4,249,4
2026-05-20 09:00:00,61.7,23.9,271.0,446,7.5,5.8,85.0,62.0,4.2,67,30.4,70,15.8,244,9
2026-05-20 10:00:00,68.0,25.4,237.0,446,5.7,5.9,101.0,72.0,7.0,67,31.2,67,16.4,243,10
2026-05-20 11:00:00,73.3,26.7,212.0,446,4.3,6.0,113.0,79.0,9.55,67,32.5,63,17.0,246,1
2026-05-20 12:00:00,76.1,27.1,207.0,446,3.8,5.9,117.0,83.0,10.85,68,33.0,58,17.1,245,0
2026-05-20 13:00:00,78.0,27.4,211.0,446,3.6,5.6,117.0,84.0,10.7,68,33.2,56,17.4,243,2
2026-05-20 14:00:00,76.8,27.4,220.0,446,4.0,5.4,114.0,85.0,8.95,68,33.2,57,17.0,243,2
2026-05-20 15:00:00,77.3,27.8,237.0,446,4.8,5.4,108.0,86.0,6.2,68,32.8,59,16.7,244,4
2026-05-20 16:00:00,75.9,28.0,259.0,447,6.1,5.4,100.0,85.0,3.45,69,32.1,64,16.9,248,8
2026-05-20 17:00:00,92.2,32.4,276.0,447,8.0,5.2,92.0,104.0,1.35,69,31.6,63,15.8,253,0
2026-05-20 18:00:00,83.6,31.2,286.0,447,11.2,5.5,81.0,90.0,0.3,70,30.4,71,14.6,252,9
2026-05-20 19:00:00,74.5,30.5,292.0,448,15.6,6.0,67.0,70.0,0.0,71,29.4,78,12.5,250,0
2026-05-20 20:00:00,61.2,27.5,287.0,448,18.3,6.2,56.0,55.0,0.0,72,28.9,83,11.8,245,0
2026-05-20 21:00:00,55.4,26.0,266.0,448,18.0,6.1,53.0,48.0,0.0,73,28.6,85,12.0,244,1
2026-05-20 22:00:00,53.7,24.9,236.0,447,16.1,5.8,54.0,46.0,0.0,73,28.5,86,13.2,244,16
2026-05-20 23:00:00,52.0,23.8,208.0,447,13.9,5.5,55.0,46.0,0.0,74,28.8,85,16.3,256,26
2026-05-21 00:00:00,52.7,23.1,185.0,447,11.5,5.0,56.0,47.0,0.0,75,28.7,84,15.3,251,23
2026-05-21 01:00:00,53.6,22.5,165.0,447,8.7,4.5,59.0,51.0,0.0,75,28.3,88,14.0,248,24
2026-05-21 02:00:00,54.5,22.4,152.0,447,6.7,4.2,60.0,54.0,0.0,76,28.2,88,14.2,252,21
2026-05-21 03:00:00,55.8,22.5,145.0,447,5.9,4.2,60.0,55.0,0.0,77,28.1,86,14.1,256,41
2026-05-21 04:00:00,57.2,22.8,145.0,448,5.8,4.4,59.0,55.0,0.0,77,28.2,83,13.7,261,56
2026-05-21 05:00:00,61.0,23.8,157.0,448,6.0,4.6,62.0,64.0,0.0,78,28.3,84,12.5,262,26
2026-05-21 06:00:00,63.6,24.7,195.0,448,6.9,5.0,64.0,80.0,0.05,78,28.1,84,12.1,263,23
2026-05-21 07:00:00,80.8,28.2,245.0,448,8.1,5.5,66.0,102.0,0.45,79,28.7,80,13.6,262,20
2026-05-21 08:00:00,100.8,33.1,275.0,448,8.5,5.8,71.0,118.0,1.6,80,29.8,74,14.9,257,13
2026-05-21 09:00:00,111.3,36.1,264.0,448,7.3,5.8,80.0,124.0,3.7,81,30.9,67,15.5,252,15
2026-05-21 10:00:00,105.7,34.6,233.0,447,5.2,5.7,92.0,124.0,6.35,82,31.5,65,15.9,243,21
2026-05-21 11:00:00,104.1,34.6,209.0,447,3.7,5.5,100.0,122.0,9.0,82,32.5,62,15.9,242,25
2026-05-21 12:00:00,103.6,34.1,203.0,447,3.1,5.4,102.0,120.0,10.35,83,32.5,63,15.9,236,8
2026-05-21 13:00:00,101.0,33.5,204.0,446,3.1,5.2,100.0,115.0,10.05,84,32.6,63,16.6,231,12
2026-05-21 14:00:00,95.5,32.7,210.0,446,3.4,5.1,96.0,110.0,8.35,84,32.4,64,16.7,229,14
2026-05-21 15:00:00,91.5,31.9,223.0,446,4.0,5.0,89.0,103.0,5.7,85,32.1,65,17.1,228,29
2026-05-21 16:00:00,87.5,31.1,241.0,446,5.0,4.8,80.0,95.0,3.1,85,31.7,66,16.1,229,26
2026-05-21 17:00:00,123.4,42.3,252.0,446,6.6,5.1,77.0,141.0,1.15,85,31.5,66,15.3,224,15
2026-05-21 18:00:00,122.5,42.6,249.0,446,8.2,5.2,70.0,137.0,0.25,86,30.5,70,15.4,223,27
2026-05-21 19:00:00,118.3,42.5,238.0,447,10.4,5.3,61.0,130.0,0.0,87,29.9,73,15.0,223,24
2026-05-21 20:00:00,115.3,42.6,228.0,447,12.3,5.5,54.0,123.0,0.0,88,29.5,75,14.4,222,23
2026-05-21 21:00:00,102.2,39.2,221.0,447,13.6,5.7,50.0,114.0,0.0,90,29.2,78,13.2,225,9
2026-05-21 22:00:00,97.3,38.0,215.0,447,14.5,6.0,49.0,104.0,0.0,91,29.0,81,12.7,224,14
2026-05-21 23:00:00,92.7,37.1,206.0,447,14.6,6.1,48.0,96.0,0.0,92,29.0,81,13.3,230,24
2026-05-22 00:00:00,90.3,36.4,191.0,447,13.5,5.9,48.0,91.0,0.0,93,28.7,82,13.0,233,27
2026-05-22 01:00:00,87.3,35.3,174.0,447,11.6,5.6,49.0,89.0,0.0,94,28.5,84,12.2,236,19
2026-05-22 02:00:00,84.8,34.1,162.0,447,10.1,5.4,49.0,87.0,0.0,96,28.3,85,11.3,245,17
2026-05-22 03:00:00,83.6,33.3,156.0,448,9.4,5.5,48.0,84.0,0.0,97,28.0,87,10.6,259,27
2026-05-22 04:00:00,82.4,32.6,155.0,449,9.1,5.7,47.0,82.0,0.0,98,27.9,88,9.7,267,15
2026-05-22 05:00:00,79.9,30.9,169.0,450,7.6,5.4,52.0,85.0,0.0,98,28.1,86,9.6,257,8
2026-05-22 06:00:00,79.9,31.0,214.0,450,8.2,5.8,53.0,100.0,0.05,99,27.9,87,9.7,255,4
2026-05-22 07:00:00,98.0,34.0,274.0,449,9.0,6.3,55.0,122.0,0.4,100,28.6,82,10.2,253,9
2026-05-22 08:00:00,117.6,37.4,310.0,448,9.1,6.7,60.0,141.0,1.5,100,29.9,75,10.5,253,13
2026-05-22 09:00:00,130.4,40.2,297.0,447,7.8,6.8,72.0,154.0,3.4,101,30.9,70,10.8,249,18
2026-05-22 10:00:00,138.8,42.4,259.0,447,5.8,6.9,87.0,164.0,6.0,101,31.6,67,11.8,237,20
2026-05-22 11:00:00,139.7,43.8,231.0,446,4.3,6.8,98.0,171.0,8.35,102,32.3,63,11.7,234,19
2026-05-22 12:00:00,143.0,45.1,227.0,446,3.7,6.6,103.0,176.0,9.65,103,32.7,61,12.4,227,3
2026-05-22 13:00:00,143.9,45.5,233.0,446,3.5,6.4,105.0,178.0,9.45,104,33.0,59,13.2,224,0
2026-05-22 14:00:00,143.9,45.6,242.0,446,3.8,6.2,103.0,177.0,7.8,105,32.9,60,14.1,227,0
2026-05-22 15:00:00,141.6,45.4,256.0,446,4.6,6.1,95.0,169.0,5.35,107,32.3,62,15.2,227,0
2026-05-22 16:00:00,132.2,43.9,273.0,446,5.9,5.9,83.0,157.0,2.9,108,31.5,66,15.6,230,0
2026-05-22 17:00:00,163.0,52.6,279.0,446,7.5,5.8,74.0,197.0,1.1,109,31.2,70,13.7,231,2
2026-05-22 18:00:00,156.9,51.2,265.0,446,8.6,5.6,67.0,190.0,0.25,110,30.1,75,13.7,231,14
2026-05-22 19:00:00,148.1,49.6,239.0,446,10.1,5.4,57.0,181.0,0.0,111,29.5,78,13.1,240,27
2026-05-22 20:00:00,147.6,49.1,217.0,446,11.0,5.2,50.0,172.0,0.0,112,29.4,79,14.8,239,35
2026-05-22 21:00:00,151.3,49.1,204.0,446,10.9,5.1,48.0,166.0,0.0,113,29.2,79,15.7,238,21
2026-05-22 22:00:00,142.5,48.5,195.0,446,10.2,5.1,50.0,161.0,0.0,114,29.1,79,14.5,243,34
2026-05-22 23:00:00,139.2,48.9,185.0,446,9.4,5.0,51.0,157.0,0.0,115,29.1,80,14.3,256,26
2026-05-23 00:00:00,137.4,49.0,170.0,446,8.5,4.9,52.0,154.0,0.0,116,29.0,80,13.7,265,62
2026-05-23 01:00:00,135.0,49.1,154.0,446,7.6,4.7,53.0,152.0,0.0,117,28.8,81,12.8,272,28
2026-05-23 02:00:00,133.6,48.4,143.0,446,6.8,4.6,54.0,147.0,0.0,119,28.5,83,11.8,277,8
2026-05-23 03:00:00,127.6,46.9,136.0,447,6.3,4.7,55.0,137.0,0.0,120,28.4,82,10.7,275,10
2026-05-23 04:00:00,121.1,44.0,134.0,447,6.1,4.8,57.0,125.0,0.0,122,28.2,82,10.0,276,18
2026-05-23 05:00:00,99.0,38.0,149.0,448,6.2,5.0,61.0,108.0,0.0,123,28.0,82,10.3,274,5
2026-05-23 06:00:00,90.3,36.2,199.0,448,7.2,5.4,64.0,112.0,0.05,124,27.6,84,10.0,277,3
2026-05-23 07:00:00,105.9,38.2,265.0,448,8.6,5.9,68.0,118.0,0.45,124,28.3,78,10.3,273,0
2026-05-23 08:00:00,110.8,40.2,305.0,448,9.1,6.3,75.0,122.0,1.65,125,29.4,73,9.9,269,1
2026-05-23 09:00:00,109.4,40.4,293.0,448,7.9,6.5,89.0,121.0,3.8,125,30.6,66,10.7,261,2
2026-05-23 10:00:00,108.3,40.7,255.0,447,5.9,6.6,106.0,118.0,6.45,125,31.5,62,12.0,248,2
2026-05-23 11:00:00,106.6,40.5,226.0,447,4.3,6.5,118.0,114.0,8.9,125,32.3,60,12.8,241,2
2026-05-23 12:00:00,102.9,40.0,221.0,447,3.6,6.2,122.0,110.0,10.35,124,32.5,58,13.4,234,0
2026-05-23 13:00:00,100.1,39.6,225.0,447,3.5,5.8,120.0,106.0,10.2,124,32.5,58,14.4,230,0
2026-05-23 14:00:00,99.0,39.1,231.0,447,3.7,5.5,115.0,104.0,8.55,123,32.0,62,15.5,228,2
2026-05-23 15:00:00,99.4,38.8,239.0,447,4.4,5.2,105.0,105.0,5.95,123,31.5,65,16.4,228,2
2026-05-23 16:00:00,100.8,39.0,248.0,446,5.5,5.0,91.0,108.0,3.3,122,31.0,67,16.7,234,9
2026-05-23 17:00:00,101.0,39.0,253.0,446,7.1,5.0,84.0,107.0,1.3,121,30.9,67,15.8,246,10
2026-05-23 18:00:00,102.2,39.5,249.0,446,8.7,5.1,76.0,107.0,0.3,120,29.9,71,14.9,251,8
2026-05-23 19:00:00,101.3,39.5,240.0,447,11.0,5.2,65.0,106.0,0.0,119,29.0,76,14.0,252,9
2026-05-23 20:00:00,100.4,39.5,229.0,447,12.8,5.3,57.0,104.0,0.0,118,28.5,78,13.4,255,35
2026-05-23 21:00:00,92.2,38.6,215.0,447,13.9,5.4,54.0,98.0,0.0,117,28.6,77,13.9,251,27
2026-05-23 22:00:00,89.6,38.5,199.0,446,14.6,5.6,54.0,89.0,0.0,116,28.5,78,14.3,253,27
2026-05-23 23:00:00,88.0,38.2,183.0,446,14.1,5.5,55.0,83.0,0.0,115,28.5,79,14.0,254,30
2026-05-24 00:00:00,85.7,37.3,166.0,446,11.7,5.0,58.0,80.0,0.0,113,28.2,80,13.6,255,41
2026-05-24 01:00:00,85.2,36.2,149.0,446,8.3,4.2,63.0,79.0,0.0,112,28.0,82,14.3,260,23
2026-05-24 02:00:00,82.4,35.2,137.0,446,5.6,3.7,67.0,78.0,0.0,111,27.8,82,14.6,265,51
2026-05-24 03:00:00,82.0,34.6,132.0,446,4.5,3.6,68.0,76.0,0.0,109,27.8,81,14.6,269,51
2026-05-24 04:00:00,85.7,35.7,133.0,446,4.3,3.7,68.0,74.0,0.0,108,27.8,79,14.2,271,50
2026-05-24 05:00:00,77.8,33.4,140.0,446,4.2,3.7,72.0,77.0,0.0,107,27.9,81,14.8,267,13
2026-05-24 06:00:00,81.0,33.9,158.0,446,4.5,3.9,74.0,89.0,0.05,107,28.0,78,14.5,265,2
2026-05-24 07:00:00,104.1,39.2,182.0,446,5.0,4.3,76.0,105.0,0.5,107,28.8,73,15.6,263,6
2026-05-24 08:00:00,108.7,40.6,195.0,446,5.0,4.5,79.0,117.0,1.65,107,29.6,70,17.7,265,15
2026-05-24 09:00:00,109.0,40.7,188.0,446,4.3,4.6,84.0,120.0,3.55,107,30.6,65,18.3,264,28
2026-05-24 10:00:00,109.7,40.9,171.0,445,3.2,4.6,90.0,119.0,6.0,107,31.5,61,18.8,261,30
2026-05-24 11:00:00,108.7,40.4,158.0,445,2.4,4.6,94.0,118.0,8.35,107,32.3,60,19.8,260,36
2026-05-24 12:00:00,108.5,40.2,156.0,445,2.1,4.5,93.0,119.0,9.8,107,32.7,58,20.0,257,52
2026-05-24 13:00:00,108.0,39.7,159.0,445,2.0,4.3,90.0,120.0,9.75,107,32.6,59,19.2,255,7
2026-05-24 14:00:00,107.1,39.1,164.0,445,2.2,4.1,86.0,118.0,8.1,107,32.8,59,18.8,252,1
2026-05-24 15:00:00,102.4,37.6,175.0,445,2.6,4.1,80.0,112.0,5.55,107,32.5,62,18.7,248,0
2026-05-24 16:00:00,96.9,35.7,188.0,446,3.3,4.1,74.0,103.0,3.0,107,31.8,66,18.6,243,0
2026-05-24 17:00:00,118.5,43.9,195.0,446,4.3,4.1,68.0,127.0,1.2,106,31.0,67,18.3,245,0
2026-05-24 18:00:00,110.1,41.4,191.0,446,5.3,4.2,62.0,115.0,0.3,107,30.0,72,17.2,242,0
2026-05-24 19:00:00,99.4,39.1,181.0,446,6.7,4.3,55.0,98.0,0.0,107,29.1,79,16.4,239,6
2026-05-24 20:00:00,83.4,32.8,171.0,446,7.7,4.4,49.0,84.0,0.0,107,28.8,81,17.6,236,18
2026-05-24 21:00:00,70.1,28.6,164.0,446,7.9,4.4,47.0,74.0,0.0,106,28.8,80,18.2,242,39
2026-05-24 22:00:00,65.4,27.1,158.0,446,7.6,4.3,47.0,67.0,0.0,105,28.8,81,16.9,250,23
2026-05-24 23:00:00,62.4,25.5,151.0,446,7.1,4.2,48.0,62.0,0.0,104,28.9,79,17.4,251,38
2026-05-25 00:00:00,59.1,24.0,141.0,446,6.2,3.9,49.0,60.0,0.0,103,28.7,80,17.6,256,34
2026-05-25 01:00:00,58.2,23.3,131.0,446,5.1,3.6,50.0,60.0,0.0,101,28.8,78,17.4,260,29
2026-05-25 02:00:00,58.8,23.3,125.0,446,4.3,3.3,51.0,60.0,0.0,100,28.5,81,17.6,264,20
2026-05-25 03:00:00,58.3,23.4,121.0,446,3.9,3.2,52.0,58.0,0.0,99,28.4,82,17.7,268,34
2026-05-25 04:00:00,57.9,23.6,122.0,447,3.7,3.3,53.0,55.0,0.0,98,28.4,81,17.1,269,27
2026-05-25 05:00:00,61.9,24.9,134.0,447,3.8,3.3,54.0,63.0,0.0,97,28.0,87,16.2,266,28
2026-05-25 06:00:00,58.9,24.6,171.0,447,4.8,3.7,55.0,75.0,0.05,96,28.1,87,15.8,269,46
2026-05-25 07:00:00,69.8,27.0,220.0,447,6.1,4.2,58.0,91.0,0.4,95,29.0,82,17.6,271,32
2026-05-25 08:00:00,95.5,34.6,250.0,447,6.8,4.7,62.0,104.0,1.45,94,30.2,74,18.0,269,53
2026-05-25 09:00:00,99.0,34.8,243.0,447,6.1,5.0,70.0,113.0,3.0,94,31.2,69,18.4,267,100
2026-05-25 10:00:00,103.6,35.9,216.0,447,4.7,5.2,80.0,119.0,5.15,93,32.0,66,17.3,262,94
2026-05-25 11:00:00,105.2,36.4,196.0,447,3.6,5.3,87.0,120.0,8.2,93,32.3,66,18.0,256,94
2026-05-25 12:00:00,102.0,36.1,189.0,447,3.1,5.2,89.0,112.0,10.3,92,32.6,65,19.0,255,91
2026-05-25 13:00:00,90.3,33.5,189.0,446,2.9,4.9,89.0,99.0,10.45,92,32.9,64,20.3,253,73
2026-05-25 14:00:00,83.4,31.5,195.0,446,3.2,4.7,86.0,87.0,8.7,92,32.9,65,20.2,251,32
2026-05-25 15:00:00,79.9,30.3,213.0,446,4.0,4.6,81.0,78.0,6.15,91,32.3,68,19.8,249,13
2026-05-25 16:00:00,74.0,28.6,238.0,446,5.3,4.6,73.0,69.0,3.4,90,31.8,72,18.6,244,5
2026-05-25 17:00:00,80.3,31.0,255.0,446,6.9,4.9,69.0,81.0,1.35,90,31.5,72,16.9,248,2
2026-05-25 18:00:00,66.6,27.8,257.0,446,9.0,5.0,62.0,67.0,0.3,88,30.5,78,13.9,246,5
2026-05-25 19:00:00,50.3,22.6,250.0,447,11.8,5.2,52.0,48.0,0.0,87,29.6,83,13.0,251,13
2026-05-25 20:00:00,42.4,19.7,239.0,447,14.3,5.5,44.0,34.0,0.0,86,29.4,84,12.7,252,36
2026-05-25 21:00:00,39.9,19.4,225.0,447,16.2,5.9,40.0,28.0,0.0,85,29.2,85,11.3,239,34
2026-05-25 22:00:00,38.1,19.1,207.0,446,17.7,6.4,38.0,27.0,0.0,84,29.0,87,10.2,236,30
2026-05-25 23:00:00,37.7,19.4,189.0,446,17.8,6.6,38.0,27.0,0.0,83,29.2,87,10.3,241,16
2026-05-26 00:00:00,37.5,19.0,172.0,446,15.7,6.2,40.0,26.0,0.0,83,28.8,90,10.5,229,17
2026-05-26 01:00:00,36.6,17.9,155.0,446,12.3,5.4,44.0,26.0,0.0,82,28.5,92,10.6,227,8
2026-05-26 02:00:00,34.9,16.7,143.0,446,9.4,4.8,47.0,27.0,0.0,82,28.3,93,12.7,224,11
2026-05-26 03:00:00,35.3,16.1,134.0,446,7.5,4.5,49.0,27.0,0.0,81,28.1,93,13.3,222,13
2026-05-26 04:00:00,36.2,15.9,131.0,446,6.2,4.4,51.0,28.0,0.0,80,28.1,93,13.5,223,18
2026-05-26 05:00:00,33.2,15.4,144.0,446,6.0,4.3,52.0,27.0,0.0,80,28.1,93,13.2,233,20
2026-05-26 06:00:00,34.1,15.8,192.0,446,7.0,4.7,53.0,34.0,0.05,79,28.0,94,12.7,235,23
2026-05-26 07:00:00,41.8,18.2,256.0,447,8.3,5.3,54.0,44.0,0.5,78,28.8,88,13.3,243,25
2026-05-26 08:00:00,57.9,23.5,296.0,447,8.8,5.8,60.0,54.0,1.75,77,30.0,80,12.0,246,16
2026-05-26 09:00:00,62.9,25.8,287.0,447,7.7,6.0,73.0,63.0,4.0,76,31.1,75,11.4,239,14
2026-05-26 10:00:00,71.7,28.7,252.0,447,5.8,6.1,90.0,71.0,6.8,75,32.2,71,11.3,236,6
2026-05-26 11:00:00,77.1,30.5,226.0,447,4.4,6.1,103.0,76.0,9.35,75,33.2,66,13.5,237,4
2026-05-26 12:00:00,80.6,31.3,218.0,447,3.8,6.0,108.0,78.0,10.8,74,33.7,63,14.5,239,0
2026-05-26 13:00:00,77.8,30.7,218.0,447,3.7,5.7,108.0,77.0,10.65,74,33.8,63,15.7,236,0
2026-05-26 14:00:00,73.3,29.3,226.0,447,4.0,5.5,105.0,72.0,8.95,74,33.8,63,16.2,238,0
2026-05-26 15:00:00,65.9,27.2,248.0,447,4.7,5.3,98.0,62.0,6.3,73,33.5,63,15.9,242,0
2026-05-26 16:00:00,55.9,24.4,279.0,447,5.9,5.2,87.0,48.0,3.5,73,33.1,65,15.1,245,0
2026-05-26 17:00:00,47.1,21.5,299.0,447,8.0,5.5,80.0,39.0,1.45,73,32.8,67,13.4,242,0
2026-05-26 18:00:00,38.2,18.8,299.0,447,10.8,5.8,70.0,30.0,0.35,72,31.3,74,12.2,237,2
2026-05-26 19:00:00,30.3,17.2,288.0,447,14.7,6.2,56.0,17.0,0.0,71,30.0,81,12.0,229,5
2026-05-26 20:00:00,24.1,14.8,277.0,447,17.5,6.5,45.0,9.0,0.0,71,29.5,84,10.8,223,1
2026-05-26 21:00:00,24.2,15.0,272.0,447,18.3,6.7,41.0,9.0,0.0,70,29.1,87,10.2,217,1
2026-05-26 22:00:00,27.2,16.3,267.0,447,18.0,6.7,41.0,13.0,0.0,70,29.0,88,9.4,212,0
2026-05-26 23:00:00,30.3,17.3,254.0,447,17.2,6.7,41.0,16.0,0.0,70,28.9,90,8.0,234,0
